#include <TracerX/Renderer.h>

using namespace TracerX;

#if TX_SPIRV
const unsigned char Renderer::accumShaderSrc[] =
{
    0x03, 0x02, 0x23, 0x07, 0x00, 0x00, 0x01, 0x00, 0x0b, 0x00,
    0x0d, 0x00, 0xff, 0x08, 0x00, 0x00, 0x00, 0x00, 0x00, 0x00,
    0x11, 0x00, 0x02, 0x00, 0x01, 0x00, 0x00, 0x00, 0x11, 0x00,
    0x02, 0x00, 0x32, 0x00, 0x00, 0x00, 0x0b, 0x00, 0x06, 0x00,
    0x01, 0x00, 0x00, 0x00, 0x47, 0x4c, 0x53, 0x4c, 0x2e, 0x73,
    0x74, 0x64, 0x2e, 0x34, 0x35, 0x30, 0x00, 0x00, 0x00, 0x00,
    0x0e, 0x00, 0x03, 0x00, 0x00, 0x00, 0x00, 0x00, 0x01, 0x00,
    0x00, 0x00, 0x0f, 0x00, 0x06, 0x00, 0x05, 0x00, 0x00, 0x00,
    0x04, 0x00, 0x00, 0x00, 0x6d, 0x61, 0x69, 0x6e, 0x00, 0x00,
    0x00, 0x00, 0x9b, 0x00, 0x00, 0x00, 0x10, 0x00, 0x06, 0x00,
    0x04, 0x00, 0x00, 0x00, 0x11, 0x00, 0x00, 0x00, 0x10, 0x00,
    0x00, 0x00, 0x10, 0x00, 0x00, 0x00, 0x01, 0x00, 0x00, 0x00,
    0x03, 0x00, 0x03, 0x00, 0x02, 0x00, 0x00, 0x00, 0xae, 0x01,
    0x00, 0x00, 0x04, 0x00, 0x0a, 0x00, 0x47, 0x4c, 0x5f, 0x47,
    0x4f, 0x4f, 0x47, 0x4c, 0x45, 0x5f, 0x63, 0x70, 0x70, 0x5f,
    0x73, 0x74, 0x79, 0x6c, 0x65, 0x5f, 0x6c, 0x69, 0x6e, 0x65,
    0x5f, 0x64, 0x69, 0x72, 0x65, 0x63, 0x74, 0x69, 0x76, 0x65,
    0x00, 0x00, 0x04, 0x00, 0x08, 0x00, 0x47, 0x4c, 0x5f, 0x47,
    0x4f, 0x4f, 0x47, 0x4c, 0x45, 0x5f, 0x69, 0x6e, 0x63, 0x6c,
    0x75, 0x64, 0x65, 0x5f, 0x64, 0x69, 0x72, 0x65, 0x63, 0x74,
    0x69, 0x76, 0x65, 0x00, 0x05, 0x00, 0x04, 0x00, 0x04, 0x00,
    0x00, 0x00, 0x6d, 0x61, 0x69, 0x6e, 0x00, 0x00, 0x00, 0x00,
    0x05, 0x00, 0x06, 0x00, 0x0b, 0x00, 0x00, 0x00, 0x4c, 0x75,
    0x6d, 0x69, 0x6e, 0x61, 0x6e, 0x63, 0x65, 0x28, 0x76, 0x66,
    0x33, 0x3b, 0x00, 0x00, 0x05, 0x00, 0x03, 0x00, 0x0a, 0x00,
    0x00, 0x00, 0x63, 0x00, 0x00, 0x00, 0x05, 0x00, 0x03, 0x00,
    0x0d, 0x00, 0x00, 0x00, 0x52, 0x61, 0x79, 0x00, 0x06, 0x00,
    0x05, 0x00, 0x0d, 0x00, 0x00, 0x00, 0x00, 0x00, 0x00, 0x00,
    0x4f, 0x72, 0x69, 0x67, 0x69, 0x6e, 0x00, 0x00, 0x06, 0x00,
    0x06, 0x00, 0x0d, 0x00, 0x00, 0x00, 0x01, 0x00, 0x00, 0x00,
    0x44, 0x69, 0x72, 0x65, 0x63, 0x74, 0x69, 0x6f, 0x6e, 0x00,
    0x00, 0x00, 0x06, 0x00, 0x07, 0x00, 0x0d, 0x00, 0x00, 0x00,
    0x02, 0x00, 0x00, 0x00, 0x49, 0x6e, 0x76, 0x44, 0x69, 0x72,
    0x65, 0x63, 0x74, 0x69, 0x6f, 0x6e, 0x00, 0x00, 0x00, 0x00,
    0x05, 0x00, 0x0c, 0x00, 0x12, 0x00, 0x00, 0x00, 0x47, 0x65,
    0x74, 0x45, 0x6e, 0x76, 0x69, 0x72, 0x6f, 0x6e, 0x6d, 0x65,
    0x6e, 0x74, 0x28, 0x73, 0x74, 0x72, 0x75, 0x63, 0x74, 0x2d,
    0x52, 0x61, 0x79, 0x2d, 0x76, 0x66, 0x33, 0x2d, 0x76, 0x66,
    0x33, 0x2d, 0x76, 0x66, 0x33, 0x31, 0x3b, 0x00, 0x05, 0x00,
    0x03, 0x00, 0x11, 0x00, 0x00, 0x00, 0x72, 0x61, 0x79, 0x00,
    0x05, 0x00, 0x07, 0x00, 0x17, 0x00, 0x00, 0x00, 0x43, 0x6f,
    0x6c, 0x6c, 0x69, 0x73, 0x69, 0x6f, 0x6e, 0x4d, 0x61, 0x6e,
    0x69, 0x66, 0x6f, 0x6c, 0x64, 0x00, 0x00, 0x00, 0x06, 0x00,
    0x05, 0x00, 0x17, 0x00, 0x00, 0x00, 0x00, 0x00, 0x00, 0x00,
    0x44, 0x65, 0x70, 0x74, 0x68, 0x00, 0x00, 0x00, 0x06, 0x00,
    0x05, 0x00, 0x17, 0x00, 0x00, 0x00, 0x01, 0x00, 0x00, 0x00,
    0x50, 0x6f, 0x69, 0x6e, 0x74, 0x00, 0x00, 0x00, 0x06, 0x00,
    0x08, 0x00, 0x17, 0x00, 0x00, 0x00, 0x02, 0x00, 0x00, 0x00,
    0x54, 0x65, 0x78, 0x74, 0x75, 0x72, 0x65, 0x43, 0x6f, 0x6f,
    0x72, 0x64, 0x69, 0x6e, 0x61, 0x74, 0x65, 0x00, 0x00, 0x00,
    0x06, 0x00, 0x05, 0x00, 0x17, 0x00, 0x00, 0x00, 0x03, 0x00,
    0x00, 0x00, 0x4e, 0x6f, 0x72, 0x6d, 0x61, 0x6c, 0x00, 0x00,
    0x06, 0x00, 0x05, 0x00, 0x17, 0x00, 0x00, 0x00, 0x04, 0x00,
    0x00, 0x00, 0x54, 0x61, 0x6e, 0x67, 0x65, 0x6e, 0x74, 0x00,
    0x06, 0x00, 0x06, 0x00, 0x17, 0x00, 0x00, 0x00, 0x05, 0x00,
    0x00, 0x00, 0x42, 0x69, 0x74, 0x61, 0x6e, 0x67, 0x65, 0x6e,
    0x74, 0x00, 0x00, 0x00, 0x06, 0x00, 0x06, 0x00, 0x17, 0x00,
    0x00, 0x00, 0x06, 0x00, 0x00, 0x00, 0x4d, 0x61, 0x74, 0x65,
    0x72, 0x69, 0x61, 0x6c, 0x49, 0x64, 0x00, 0x00, 0x06, 0x00,
    0x06, 0x00, 0x17, 0x00, 0x00, 0x00, 0x07, 0x00, 0x00, 0x00,
    0x49, 0x73, 0x46, 0x72, 0x6f, 0x6e, 0x74, 0x46, 0x61, 0x63,
    0x65, 0x00, 0x05, 0x00, 0x05, 0x00, 0x1a, 0x00, 0x00, 0x00,
    0x4d, 0x61, 0x74, 0x65, 0x72, 0x69, 0x61, 0x6c, 0x00, 0x00,
    0x00, 0x00, 0x06, 0x00, 0x06, 0x00, 0x1a, 0x00, 0x00, 0x00,
    0x00, 0x00, 0x00, 0x00, 0x41, 0x6c, 0x62, 0x65, 0x64, 0x6f,
    0x43, 0x6f, 0x6c, 0x6f, 0x72, 0x00, 0x06, 0x00, 0x07, 0x00,
    0x1a, 0x00, 0x00, 0x00, 0x01, 0x00, 0x00, 0x00, 0x45, 0x6d,
    0x69, 0x73, 0x73, 0x69, 0x6f, 0x6e, 0x43, 0x6f, 0x6c, 0x6f,
    0x72, 0x00, 0x00, 0x00, 0x06, 0x00, 0x08, 0x00, 0x1a, 0x00,
    0x00, 0x00, 0x02, 0x00, 0x00, 0x00, 0x45, 0x6d, 0x69, 0x73,
    0x73, 0x69, 0x6f, 0x6e, 0x53, 0x74, 0x72, 0x65, 0x6e, 0x67,
    0x74, 0x68, 0x00, 0x00, 0x00, 0x00, 0x06, 0x00, 0x07, 0x00,
    0x1a, 0x00, 0x00, 0x00, 0x03, 0x00, 0x00, 0x00, 0x46, 0x72,
    0x65, 0x73, 0x6e, 0x65, 0x6c, 0x43, 0x6f, 0x6c, 0x6f, 0x72,
    0x00, 0x00, 0x00, 0x00, 0x06, 0x00, 0x07, 0x00, 0x1a, 0x00,
    0x00, 0x00, 0x04, 0x00, 0x00, 0x00, 0x46, 0x72, 0x65, 0x73,
    0x6e, 0x65, 0x6c, 0x53, 0x74, 0x72, 0x65, 0x6e, 0x67, 0x74,
    0x68, 0x00, 0x06, 0x00, 0x06, 0x00, 0x1a, 0x00, 0x00, 0x00,
    0x05, 0x00, 0x00, 0x00, 0x52, 0x6f, 0x75, 0x67, 0x68, 0x6e,
    0x65, 0x73, 0x73, 0x00, 0x00, 0x00, 0x06, 0x00, 0x06, 0x00,
    0x1a, 0x00, 0x00, 0x00, 0x06, 0x00, 0x00, 0x00, 0x4d, 0x65,
    0x74, 0x61, 0x6c, 0x6e, 0x65, 0x73, 0x73, 0x00, 0x00, 0x00,
    0x06, 0x00, 0x04, 0x00, 0x1a, 0x00, 0x00, 0x00, 0x07, 0x00,
    0x00, 0x00, 0x49, 0x4f, 0x52, 0x00, 0x06, 0x00, 0x05, 0x00,
    0x1a, 0x00, 0x00, 0x00, 0x08, 0x00, 0x00, 0x00, 0x44, 0x65,
    0x6e, 0x73, 0x69, 0x74, 0x79, 0x00, 0x06, 0x00, 0x07, 0x00,
    0x1a, 0x00, 0x00, 0x00, 0x09, 0x00, 0x00, 0x00, 0x41, 0x6c,
    0x62, 0x65, 0x64, 0x6f, 0x54, 0x65, 0x78, 0x74, 0x75, 0x72,
    0x65, 0x49, 0x64, 0x00, 0x06, 0x00, 0x08, 0x00, 0x1a, 0x00,
    0x00, 0x00, 0x0a, 0x00, 0x00, 0x00, 0x4d, 0x65, 0x74, 0x61,
    0x6c, 0x6e, 0x65, 0x73, 0x73, 0x54, 0x65, 0x78, 0x74, 0x75,
    0x72, 0x65, 0x49, 0x64, 0x00, 0x00, 0x06, 0x00, 0x08, 0x00,
    0x1a, 0x00, 0x00, 0x00, 0x0b, 0x00, 0x00, 0x00, 0x45, 0x6d,
    0x69, 0x73, 0x73, 0x69, 0x6f, 0x6e, 0x54, 0x65, 0x78, 0x74,
    0x75, 0x72, 0x65, 0x49, 0x64, 0x00, 0x00, 0x00, 0x06, 0x00,
    0x08, 0x00, 0x1a, 0x00, 0x00, 0x00, 0x0c, 0x00, 0x00, 0x00,
    0x52, 0x6f, 0x75, 0x67, 0x68, 0x6e, 0x65, 0x73, 0x73, 0x54,
    0x65, 0x78, 0x74, 0x75, 0x72, 0x65, 0x49, 0x64, 0x00, 0x00,
    0x06, 0x00, 0x07, 0x00, 0x1a, 0x00, 0x00, 0x00, 0x0d, 0x00,
    0x00, 0x00, 0x4e, 0x6f, 0x72, 0x6d, 0x61, 0x6c, 0x54, 0x65,
    0x78, 0x74, 0x75, 0x72, 0x65, 0x49, 0x64, 0x00, 0x06, 0x00,
    0x06, 0x00, 0x1a, 0x00, 0x00, 0x00, 0x0e, 0x00, 0x00, 0x00,
    0x41, 0x6c, 0x70, 0x68, 0x61, 0x4d, 0x6f, 0x64, 0x65, 0x00,
    0x00, 0x00, 0x06, 0x00, 0x06, 0x00, 0x1a, 0x00, 0x00, 0x00,
    0x0f, 0x00, 0x00, 0x00, 0x41, 0x6c, 0x70, 0x68, 0x61, 0x43,
    0x75, 0x74, 0x6f, 0x66, 0x66, 0x00, 0x06, 0x00, 0x06, 0x00,
    0x1a, 0x00, 0x00, 0x00, 0x10, 0x00, 0x00, 0x00, 0x50, 0x61,
    0x64, 0x64, 0x69, 0x6e, 0x67, 0x31, 0x00, 0x00, 0x00, 0x00,
    0x05, 0x00, 0x13, 0x00, 0x1d, 0x00, 0x00, 0x00, 0x47, 0x65,
    0x74, 0x4d, 0x61, 0x74, 0x65, 0x72, 0x69, 0x61, 0x6c, 0x28,
    0x73, 0x74, 0x72, 0x75, 0x63, 0x74, 0x2d, 0x43, 0x6f, 0x6c,
    0x6c, 0x69, 0x73, 0x69, 0x6f, 0x6e, 0x4d, 0x61, 0x6e, 0x69,
    0x66, 0x6f, 0x6c, 0x64, 0x2d, 0x66, 0x31, 0x2d, 0x76, 0x66,
    0x33, 0x2d, 0x76, 0x66, 0x32, 0x2d, 0x76, 0x66, 0x33, 0x2d,
    0x76, 0x66, 0x33, 0x2d, 0x76, 0x66, 0x33, 0x2d, 0x69, 0x31,
    0x2d, 0x62, 0x31, 0x31, 0x3b, 0x00, 0x05, 0x00, 0x05, 0x00,
    0x1c, 0x00, 0x00, 0x00, 0x6d, 0x61, 0x6e, 0x69, 0x66, 0x6f,
    0x6c, 0x64, 0x00, 0x00, 0x00, 0x00, 0x05, 0x00, 0x06, 0x00,
    0x20, 0x00, 0x00, 0x00, 0x52, 0x61, 0x6e, 0x64, 0x6f, 0x6d,
    0x56, 0x61, 0x6c, 0x75, 0x65, 0x28, 0x00, 0x00, 0x00, 0x00,
    0x05, 0x00, 0x0a, 0x00, 0x22, 0x00, 0x00, 0x00, 0x52, 0x61,
    0x6e, 0x64, 0x6f, 0x6d, 0x56, 0x61, 0x6c, 0x75, 0x65, 0x4e,
    0x6f, 0x72, 0x6d, 0x61, 0x6c, 0x44, 0x69, 0x73, 0x74, 0x72,
    0x69, 0x62, 0x75, 0x74, 0x69, 0x6f, 0x6e, 0x28, 0x00, 0x00,
    0x05, 0x00, 0x06, 0x00, 0x25, 0x00, 0x00, 0x00, 0x52, 0x61,
    0x6e, 0x64, 0x6f, 0x6d, 0x56, 0x65, 0x63, 0x74, 0x6f, 0x72,
    0x32, 0x28, 0x00, 0x00, 0x05, 0x00, 0x06, 0x00, 0x28, 0x00,
    0x00, 0x00, 0x52, 0x61, 0x6e, 0x64, 0x6f, 0x6d, 0x56, 0x65,
    0x63, 0x74, 0x6f, 0x72, 0x33, 0x28, 0x00, 0x00, 0x05, 0x00,
    0x07, 0x00, 0x2f, 0x00, 0x00, 0x00, 0x53, 0x6c, 0x65, 0x72,
    0x70, 0x28, 0x76, 0x66, 0x33, 0x3b, 0x76, 0x66, 0x33, 0x3b,
    0x66, 0x31, 0x3b, 0x00, 0x00, 0x00, 0x05, 0x00, 0x03, 0x00,
    0x2c, 0x00, 0x00, 0x00, 0x61, 0x00, 0x00, 0x00, 0x05, 0x00,
    0x03, 0x00, 0x2d, 0x00, 0x00, 0x00, 0x62, 0x00, 0x00, 0x00,
    0x05, 0x00, 0x03, 0x00, 0x2e, 0x00, 0x00, 0x00, 0x74, 0x00,
    0x00, 0x00, 0x05, 0x00, 0x08, 0x00, 0x38, 0x00, 0x00, 0x00,
    0x54, 0x72, 0x61, 0x6e, 0x73, 0x66, 0x6f, 0x72, 0x6d, 0x28,
    0x76, 0x66, 0x33, 0x3b, 0x6d, 0x66, 0x34, 0x34, 0x3b, 0x62,
    0x31, 0x3b, 0x00, 0x00, 0x05, 0x00, 0x03, 0x00, 0x35, 0x00,
    0x00, 0x00, 0x76, 0x00, 0x00, 0x00, 0x05, 0x00, 0x04, 0x00,
    0x36, 0x00, 0x00, 0x00, 0x6d, 0x61, 0x74, 0x72, 0x69, 0x78,
    0x00, 0x00, 0x05, 0x00, 0x05, 0x00, 0x37, 0x00, 0x00, 0x00,
    0x74, 0x72, 0x61, 0x6e, 0x73, 0x6c, 0x61, 0x74, 0x65, 0x00,
    0x00, 0x00, 0x05, 0x00, 0x0b, 0x00, 0x3c, 0x00, 0x00, 0x00,
    0x4a, 0x69, 0x74, 0x74, 0x65, 0x72, 0x52, 0x61, 0x79, 0x28,
    0x73, 0x74, 0x72, 0x75, 0x63, 0x74, 0x2d, 0x52, 0x61, 0x79,
    0x2d, 0x76, 0x66, 0x33, 0x2d, 0x76, 0x66, 0x33, 0x2d, 0x76,
    0x66, 0x33, 0x31, 0x3b, 0x00, 0x00, 0x05, 0x00, 0x03, 0x00,
    0x3b, 0x00, 0x00, 0x00, 0x72, 0x61, 0x79, 0x00, 0x05, 0x00,
    0x07, 0x00, 0x40, 0x00, 0x00, 0x00, 0x4e, 0x6f, 0x72, 0x6d,
    0x61, 0x6c, 0x54, 0x6f, 0x43, 0x6f, 0x6c, 0x6f, 0x72, 0x28,
    0x76, 0x66, 0x33, 0x3b, 0x00, 0x00, 0x05, 0x00, 0x04, 0x00,
    0x3f, 0x00, 0x00, 0x00, 0x6e, 0x6f, 0x72, 0x6d, 0x61, 0x6c,
    0x00, 0x00, 0x05, 0x00, 0x07, 0x00, 0x44, 0x00, 0x00, 0x00,
    0x44, 0x65, 0x70, 0x74, 0x68, 0x54, 0x6f, 0x43, 0x6f, 0x6c,
    0x6f, 0x72, 0x28, 0x66, 0x31, 0x3b, 0x00, 0x00, 0x00, 0x00,
    0x05, 0x00, 0x04, 0x00, 0x43, 0x00, 0x00, 0x00, 0x64, 0x65,
    0x70, 0x74, 0x68, 0x00, 0x00, 0x00, 0x05, 0x00, 0x04, 0x00,
    0x46, 0x00, 0x00, 0x00, 0x56, 0x65, 0x72, 0x74, 0x65, 0x78,
    0x00, 0x00, 0x06, 0x00, 0x06, 0x00, 0x46, 0x00, 0x00, 0x00,
    0x00, 0x00, 0x00, 0x00, 0x50, 0x6f, 0x73, 0x69, 0x74, 0x69,
    0x6f, 0x6e, 0x55, 0x00, 0x00, 0x00, 0x06, 0x00, 0x05, 0x00,
    0x46, 0x00, 0x00, 0x00, 0x01, 0x00, 0x00, 0x00, 0x4e, 0x6f,
    0x72, 0x6d, 0x61, 0x6c, 0x56, 0x00, 0x05, 0x00, 0x2f, 0x00,
    0x52, 0x00, 0x00, 0x00, 0x54, 0x72, 0x69, 0x61, 0x6e, 0x67,
    0x6c, 0x65, 0x49, 0x6e, 0x74, 0x65, 0x72, 0x73, 0x65, 0x63,
    0x74, 0x69, 0x6f, 0x6e, 0x28, 0x73, 0x74, 0x72, 0x75, 0x63,
    0x74, 0x2d, 0x52, 0x61, 0x79, 0x2d, 0x76, 0x66, 0x33, 0x2d,
    0x76, 0x66, 0x33, 0x2d, 0x76, 0x66, 0x33, 0x31, 0x3b, 0x73,
    0x74, 0x72, 0x75, 0x63, 0x74, 0x2d, 0x56, 0x65, 0x72, 0x74,
    0x65, 0x78, 0x2d, 0x76, 0x66, 0x34, 0x2d, 0x76, 0x66, 0x34,
    0x31, 0x3b, 0x73, 0x74, 0x72, 0x75, 0x63, 0x74, 0x2d, 0x56,
    0x65, 0x72, 0x74, 0x65, 0x78, 0x2d, 0x76, 0x66, 0x34, 0x2d,
    0x76, 0x66, 0x34, 0x31, 0x3b, 0x73, 0x74, 0x72, 0x75, 0x63,
    0x74, 0x2d, 0x56, 0x65, 0x72, 0x74, 0x65, 0x78, 0x2d, 0x76,
    0x66, 0x34, 0x2d, 0x76, 0x66, 0x34, 0x31, 0x3b, 0x69, 0x31,
    0x3b, 0x66, 0x31, 0x3b, 0x66, 0x31, 0x3b, 0x73, 0x74, 0x72,
    0x75, 0x63, 0x74, 0x2d, 0x43, 0x6f, 0x6c, 0x6c, 0x69, 0x73,
    0x69, 0x6f, 0x6e, 0x4d, 0x61, 0x6e, 0x69, 0x66, 0x6f, 0x6c,
    0x64, 0x2d, 0x66, 0x31, 0x2d, 0x76, 0x66, 0x33, 0x2d, 0x76,
    0x66, 0x32, 0x2d, 0x76, 0x66, 0x33, 0x2d, 0x76, 0x66, 0x33,
    0x2d, 0x76, 0x66, 0x33, 0x2d, 0x69, 0x31, 0x2d, 0x62, 0x31,
    0x31, 0x3b, 0x00, 0x00, 0x05, 0x00, 0x03, 0x00, 0x4a, 0x00,
    0x00, 0x00, 0x72, 0x61, 0x79, 0x00, 0x05, 0x00, 0x03, 0x00,
    0x4b, 0x00, 0x00, 0x00, 0x76, 0x31, 0x00, 0x00, 0x05, 0x00,
    0x03, 0x00, 0x4c, 0x00, 0x00, 0x00, 0x76, 0x32, 0x00, 0x00,
    0x05, 0x00, 0x03, 0x00, 0x4d, 0x00, 0x00, 0x00, 0x76, 0x33,
    0x00, 0x00, 0x05, 0x00, 0x05, 0x00, 0x4e, 0x00, 0x00, 0x00,
    0x6d, 0x61, 0x74, 0x65, 0x72, 0x69, 0x61, 0x6c, 0x49, 0x64,
    0x00, 0x00, 0x05, 0x00, 0x05, 0x00, 0x4f, 0x00, 0x00, 0x00,
    0x6d, 0x69, 0x6e, 0x44, 0x69, 0x73, 0x74, 0x61, 0x6e, 0x63,
    0x65, 0x00, 0x05, 0x00, 0x05, 0x00, 0x50, 0x00, 0x00, 0x00,
    0x6d, 0x61, 0x78, 0x44, 0x69, 0x73, 0x74, 0x61, 0x6e, 0x63,
    0x65, 0x00, 0x05, 0x00, 0x05, 0x00, 0x51, 0x00, 0x00, 0x00,
    0x6d, 0x61, 0x6e, 0x69, 0x66, 0x6f, 0x6c, 0x64, 0x00, 0x00,
    0x00, 0x00, 0x05, 0x00, 0x10, 0x00, 0x5a, 0x00, 0x00, 0x00,
    0x41, 0x41, 0x42, 0x42, 0x49, 0x6e, 0x74, 0x65, 0x72, 0x73,
    0x65, 0x63, 0x74, 0x69, 0x6f, 0x6e, 0x28, 0x73, 0x74, 0x72,
    0x75, 0x63, 0x74, 0x2d, 0x52, 0x61, 0x79, 0x2d, 0x76, 0x66,
    0x33, 0x2d, 0x76, 0x66, 0x33, 0x2d, 0x76, 0x66, 0x33, 0x31,
    0x3b, 0x76, 0x66, 0x33, 0x3b, 0x76, 0x66, 0x33, 0x3b, 0x66,
    0x31, 0x3b, 0x66, 0x31, 0x3b, 0x00, 0x05, 0x00, 0x03, 0x00,
    0x55, 0x00, 0x00, 0x00, 0x72, 0x61, 0x79, 0x00, 0x05, 0x00,
    0x04, 0x00, 0x56, 0x00, 0x00, 0x00, 0x62, 0x6f, 0x78, 0x4d,
    0x69, 0x6e, 0x00, 0x00, 0x05, 0x00, 0x04, 0x00, 0x57, 0x00,
    0x00, 0x00, 0x62, 0x6f, 0x78, 0x4d, 0x61, 0x78, 0x00, 0x00,
    0x05, 0x00, 0x04, 0x00, 0x58, 0x00, 0x00, 0x00, 0x74, 0x4e,
    0x65, 0x61, 0x72, 0x00, 0x00, 0x00, 0x05, 0x00, 0x04, 0x00,
    0x59, 0x00, 0x00, 0x00, 0x74, 0x46, 0x61, 0x72, 0x00, 0x00,
    0x00, 0x00, 0x05, 0x00, 0x06, 0x00, 0x5c, 0x00, 0x00, 0x00,
    0x4d, 0x65, 0x73, 0x68, 0x49, 0x6e, 0x73, 0x74, 0x61, 0x6e,
    0x63, 0x65, 0x00, 0x00, 0x00, 0x00, 0x06, 0x00, 0x06, 0x00,
    0x5c, 0x00, 0x00, 0x00, 0x00, 0x00, 0x00, 0x00, 0x54, 0x72,
    0x61, 0x6e, 0x73, 0x66, 0x6f, 0x72, 0x6d, 0x00, 0x00, 0x00,
    0x06, 0x00, 0x07, 0x00, 0x5c, 0x00, 0x00, 0x00, 0x01, 0x00,
    0x00, 0x00, 0x54, 0x72, 0x61, 0x6e, 0x73, 0x66, 0x6f, 0x72,
    0x6d, 0x49, 0x6e, 0x76, 0x00, 0x00, 0x00, 0x00, 0x06, 0x00,
    0x06, 0x00, 0x5c, 0x00, 0x00, 0x00, 0x02, 0x00, 0x00, 0x00,
    0x4d, 0x61, 0x74, 0x65, 0x72, 0x69, 0x61, 0x6c, 0x49, 0x64,
    0x00, 0x00, 0x06, 0x00, 0x05, 0x00, 0x5c, 0x00, 0x00, 0x00,
    0x03, 0x00, 0x00, 0x00, 0x4d, 0x65, 0x73, 0x68, 0x49, 0x64,
    0x00, 0x00, 0x06, 0x00, 0x06, 0x00, 0x5c, 0x00, 0x00, 0x00,
    0x04, 0x00, 0x00, 0x00, 0x50, 0x61, 0x64, 0x64, 0x69, 0x6e,
    0x67, 0x31, 0x00, 0x00, 0x00, 0x00, 0x06, 0x00, 0x06, 0x00,
    0x5c, 0x00, 0x00, 0x00, 0x05, 0x00, 0x00, 0x00, 0x50, 0x61,
    0x64, 0x64, 0x69, 0x6e, 0x67, 0x32, 0x00, 0x00, 0x00, 0x00,
    0x05, 0x00, 0x29, 0x00, 0x64, 0x00, 0x00, 0x00, 0x4d, 0x65,
    0x73, 0x68, 0x49, 0x6e, 0x73, 0x74, 0x61, 0x6e, 0x63, 0x65,
    0x49, 0x6e, 0x74, 0x65, 0x72, 0x73, 0x65, 0x63, 0x74, 0x69,
    0x6f, 0x6e, 0x28, 0x73, 0x74, 0x72, 0x75, 0x63, 0x74, 0x2d,
    0x52, 0x61, 0x79, 0x2d, 0x76, 0x66, 0x33, 0x2d, 0x76, 0x66,
    0x33, 0x2d, 0x76, 0x66, 0x33, 0x31, 0x3b, 0x73, 0x74, 0x72,
    0x75, 0x63, 0x74, 0x2d, 0x4d, 0x65, 0x73, 0x68, 0x49, 0x6e,
    0x73, 0x74, 0x61, 0x6e, 0x63, 0x65, 0x2d, 0x6d, 0x66, 0x34,
    0x34, 0x2d, 0x6d, 0x66, 0x34, 0x34, 0x2d, 0x69, 0x31, 0x2d,
    0x69, 0x31, 0x2d, 0x69, 0x31, 0x2d, 0x69, 0x31, 0x31, 0x3b,
    0x66, 0x31, 0x3b, 0x66, 0x31, 0x3b, 0x73, 0x74, 0x72, 0x75,
    0x63, 0x74, 0x2d, 0x43, 0x6f, 0x6c, 0x6c, 0x69, 0x73, 0x69,
    0x6f, 0x6e, 0x4d, 0x61, 0x6e, 0x69, 0x66, 0x6f, 0x6c, 0x64,
    0x2d, 0x66, 0x31, 0x2d, 0x76, 0x66, 0x33, 0x2d, 0x76, 0x66,
    0x32, 0x2d, 0x76, 0x66, 0x33, 0x2d, 0x76, 0x66, 0x33, 0x2d,
    0x76, 0x66, 0x33, 0x2d, 0x69, 0x31, 0x2d, 0x62, 0x31, 0x31,
    0x3b, 0x00, 0x00, 0x00, 0x05, 0x00, 0x03, 0x00, 0x5f, 0x00,
    0x00, 0x00, 0x72, 0x61, 0x79, 0x00, 0x05, 0x00, 0x06, 0x00,
    0x60, 0x00, 0x00, 0x00, 0x6d, 0x65, 0x73, 0x68, 0x49, 0x6e,
    0x73, 0x74, 0x61, 0x6e, 0x63, 0x65, 0x00, 0x00, 0x00, 0x00,
    0x05, 0x00, 0x05, 0x00, 0x61, 0x00, 0x00, 0x00, 0x6d, 0x69,
    0x6e, 0x44, 0x69, 0x73, 0x74, 0x61, 0x6e, 0x63, 0x65, 0x00,
    0x05, 0x00, 0x05, 0x00, 0x62, 0x00, 0x00, 0x00, 0x6d, 0x61,
    0x78, 0x44, 0x69, 0x73, 0x74, 0x61, 0x6e, 0x63, 0x65, 0x00,
    0x05, 0x00, 0x05, 0x00, 0x63, 0x00, 0x00, 0x00, 0x6d, 0x61,
    0x6e, 0x69, 0x66, 0x6f, 0x6c, 0x64, 0x00, 0x00, 0x00, 0x00,
    0x05, 0x00, 0x1c, 0x00, 0x6b, 0x00, 0x00, 0x00, 0x46, 0x69,
    0x6e, 0x64, 0x49, 0x6e, 0x74, 0x65, 0x72, 0x73, 0x65, 0x63,
    0x74, 0x69, 0x6f, 0x6e, 0x28, 0x73, 0x74, 0x72, 0x75, 0x63,
    0x74, 0x2d, 0x52, 0x61, 0x79, 0x2d, 0x76, 0x66, 0x33, 0x2d,
    0x76, 0x66, 0x33, 0x2d, 0x76, 0x66, 0x33, 0x31, 0x3b, 0x66,
    0x31, 0x3b, 0x66, 0x31, 0x3b, 0x73, 0x74, 0x72, 0x75, 0x63,
    0x74, 0x2d, 0x43, 0x6f, 0x6c, 0x6c, 0x69, 0x73, 0x69, 0x6f,
    0x6e, 0x4d, 0x61, 0x6e, 0x69, 0x66, 0x6f, 0x6c, 0x64, 0x2d,
    0x66, 0x31, 0x2d, 0x76, 0x66, 0x33, 0x2d, 0x76, 0x66, 0x32,
    0x2d, 0x76, 0x66, 0x33, 0x2d, 0x76, 0x66, 0x33, 0x2d, 0x76,
    0x66, 0x33, 0x2d, 0x69, 0x31, 0x2d, 0x62, 0x31, 0x31, 0x3b,
    0x00, 0x00, 0x05, 0x00, 0x03, 0x00, 0x67, 0x00, 0x00, 0x00,
    0x72, 0x61, 0x79, 0x00, 0x05, 0x00, 0x05, 0x00, 0x68, 0x00,
    0x00, 0x00, 0x6d, 0x69, 0x6e, 0x44, 0x69, 0x73, 0x74, 0x61,
    0x6e, 0x63, 0x65, 0x00, 0x05, 0x00, 0x05, 0x00, 0x69, 0x00,
    0x00, 0x00, 0x6d, 0x61, 0x78, 0x44, 0x69, 0x73, 0x74, 0x61,
    0x6e, 0x63, 0x65, 0x00, 0x05, 0x00, 0x05, 0x00, 0x6a, 0x00,
    0x00, 0x00, 0x6d, 0x61, 0x6e, 0x69, 0x66, 0x6f, 0x6c, 0x64,
    0x00, 0x00, 0x00, 0x00, 0x05, 0x00, 0x08, 0x00, 0x70, 0x00,
    0x00, 0x00, 0x50, 0x6f, 0x77, 0x65, 0x72, 0x48, 0x65, 0x75,
    0x72, 0x69, 0x73, 0x74, 0x69, 0x63, 0x28, 0x66, 0x31, 0x3b,
    0x66, 0x31, 0x3b, 0x00, 0x00, 0x00, 0x05, 0x00, 0x03, 0x00,
    0x6e, 0x00, 0x00, 0x00, 0x61, 0x00, 0x00, 0x00, 0x05, 0x00,
    0x03, 0x00, 0x6f, 0x00, 0x00, 0x00, 0x62, 0x00, 0x00, 0x00,
    0x05, 0x00, 0x17, 0x00, 0x75, 0x00, 0x00, 0x00, 0x41, 0x6c,
    0x70, 0x68, 0x61, 0x54, 0x65, 0x73, 0x74, 0x28, 0x73, 0x74,
    0x72, 0x75, 0x63, 0x74, 0x2d, 0x4d, 0x61, 0x74, 0x65, 0x72,
    0x69, 0x61, 0x6c, 0x2d, 0x76, 0x66, 0x34, 0x2d, 0x76, 0x66,
    0x33, 0x2d, 0x66, 0x31, 0x2d, 0x76, 0x66, 0x33, 0x2d, 0x66,
    0x31, 0x2d, 0x66, 0x31, 0x2d, 0x66, 0x31, 0x2d, 0x66, 0x31,
    0x2d, 0x66, 0x31, 0x2d, 0x69, 0x31, 0x2d, 0x69, 0x31, 0x2d,
    0x69, 0x31, 0x2d, 0x69, 0x31, 0x2d, 0x69, 0x31, 0x2d, 0x75,
    0x31, 0x2d, 0x66, 0x31, 0x2d, 0x69, 0x31, 0x31, 0x3b, 0x00,
    0x00, 0x00, 0x05, 0x00, 0x05, 0x00, 0x74, 0x00, 0x00, 0x00,
    0x6d, 0x61, 0x74, 0x65, 0x72, 0x69, 0x61, 0x6c, 0x00, 0x00,
    0x00, 0x00, 0x05, 0x00, 0x1a, 0x00, 0x7c, 0x00, 0x00, 0x00,
    0x42, 0x53, 0x44, 0x46, 0x28, 0x73, 0x74, 0x72, 0x75, 0x63,
    0x74, 0x2d, 0x52, 0x61, 0x79, 0x2d, 0x76, 0x66, 0x33, 0x2d,
    0x76, 0x66, 0x33, 0x2d, 0x76, 0x66, 0x33, 0x31, 0x3b, 0x76,
    0x66, 0x33, 0x3b, 0x76, 0x66, 0x33, 0x3b, 0x73, 0x74, 0x72,
    0x75, 0x63, 0x74, 0x2d, 0x43, 0x6f, 0x6c, 0x6c, 0x69, 0x73,
    0x69, 0x6f, 0x6e, 0x4d, 0x61, 0x6e, 0x69, 0x66, 0x6f, 0x6c,
    0x64, 0x2d, 0x66, 0x31, 0x2d, 0x76, 0x66, 0x33, 0x2d, 0x76,
    0x66, 0x32, 0x2d, 0x76, 0x66, 0x33, 0x2d, 0x76, 0x66, 0x33,
    0x2d, 0x76, 0x66, 0x33, 0x2d, 0x69, 0x31, 0x2d, 0x62, 0x31,
    0x31, 0x3b, 0x00, 0x00, 0x00, 0x00, 0x05, 0x00, 0x03, 0x00,
    0x78, 0x00, 0x00, 0x00, 0x72, 0x61, 0x79, 0x00, 0x05, 0x00,
    0x05, 0x00, 0x79, 0x00, 0x00, 0x00, 0x74, 0x68, 0x72, 0x6f,
    0x75, 0x67, 0x68, 0x70, 0x75, 0x74, 0x00, 0x00, 0x05, 0x00,
    0x05, 0x00, 0x7a, 0x00, 0x00, 0x00, 0x72, 0x61, 0x64, 0x69,
    0x61, 0x6e, 0x63, 0x65, 0x00, 0x00, 0x00, 0x00, 0x05, 0x00,
    0x05, 0x00, 0x7b, 0x00, 0x00, 0x00, 0x6d, 0x61, 0x6e, 0x69,
    0x66, 0x6f, 0x6c, 0x64, 0x00, 0x00, 0x00, 0x00, 0x05, 0x00,
    0x0e, 0x00, 0x83, 0x00, 0x00, 0x00, 0x50, 0x61, 0x74, 0x68,
    0x54, 0x72, 0x61, 0x63, 0x65, 0x28, 0x73, 0x74, 0x72, 0x75,
    0x63, 0x74, 0x2d, 0x52, 0x61, 0x79, 0x2d, 0x76, 0x66, 0x33,
    0x2d, 0x76, 0x66, 0x33, 0x2d, 0x76, 0x66, 0x33, 0x31, 0x3b,
    0x76, 0x66, 0x33, 0x3b, 0x76, 0x66, 0x33, 0x3b, 0x66, 0x31,
    0x3b, 0x00, 0x00, 0x00, 0x05, 0x00, 0x03, 0x00, 0x7f, 0x00,
    0x00, 0x00, 0x72, 0x61, 0x79, 0x00, 0x05, 0x00, 0x04, 0x00,
    0x80, 0x00, 0x00, 0x00, 0x61, 0x6c, 0x62, 0x65, 0x64, 0x6f,
    0x00, 0x00, 0x05, 0x00, 0x04, 0x00, 0x81, 0x00, 0x00, 0x00,
    0x6e, 0x6f, 0x72, 0x6d, 0x61, 0x6c, 0x00, 0x00, 0x05, 0x00,
    0x03, 0x00, 0x82, 0x00, 0x00, 0x00, 0x7a, 0x00, 0x00, 0x00,
    0x05, 0x00, 0x05, 0x00, 0x86, 0x00, 0x00, 0x00, 0x53, 0x74,
    0x61, 0x63, 0x6b, 0x50, 0x74, 0x72, 0x00, 0x00, 0x00, 0x00,
    0x05, 0x00, 0x04, 0x00, 0x8a, 0x00, 0x00, 0x00, 0x53, 0x69,
    0x7a, 0x65, 0x00, 0x00, 0x00, 0x00, 0x05, 0x00, 0x07, 0x00,
    0x8d, 0x00, 0x00, 0x00, 0x41, 0x63, 0x63, 0x75, 0x6d, 0x75,
    0x6c, 0x61, 0x74, 0x6f, 0x72, 0x49, 0x6d, 0x61, 0x67, 0x65,
    0x00, 0x00, 0x00, 0x00, 0x05, 0x00, 0x06, 0x00, 0x90, 0x00,
    0x00, 0x00, 0x45, 0x6e, 0x76, 0x69, 0x72, 0x6f, 0x6e, 0x6d,
    0x65, 0x6e, 0x74, 0x53, 0x69, 0x7a, 0x65, 0x00, 0x05, 0x00,
    0x07, 0x00, 0x94, 0x00, 0x00, 0x00, 0x45, 0x6e, 0x76, 0x69,
    0x72, 0x6f, 0x6e, 0x6d, 0x65, 0x6e, 0x74, 0x54, 0x65, 0x78,
    0x74, 0x75, 0x72, 0x65, 0x00, 0x00, 0x05, 0x00, 0x05, 0x00,
    0x98, 0x00, 0x00, 0x00, 0x54, 0x65, 0x78, 0x65, 0x6c, 0x43,
    0x6f, 0x6f, 0x72, 0x64, 0x00, 0x00, 0x05, 0x00, 0x08, 0x00,
    0x9b, 0x00, 0x00, 0x00, 0x67, 0x6c, 0x5f, 0x47, 0x6c, 0x6f,
    0x62, 0x61, 0x6c, 0x49, 0x6e, 0x76, 0x6f, 0x63, 0x61, 0x74,
    0x69, 0x6f, 0x6e, 0x49, 0x44, 0x00, 0x00, 0x00, 0x05, 0x00,
    0x05, 0x00, 0xa0, 0x00, 0x00, 0x00, 0x50, 0x61, 0x72, 0x61,
    0x6d, 0x73, 0x55, 0x42, 0x4f, 0x00, 0x00, 0x00, 0x06, 0x00,
    0x07, 0x00, 0xa0, 0x00, 0x00, 0x00, 0x00, 0x00, 0x00, 0x00,
    0x46, 0x72, 0x61, 0x6d, 0x65, 0x50, 0x6f, 0x73, 0x69, 0x74,
    0x69, 0x6f, 0x6e, 0x00, 0x00, 0x00, 0x06, 0x00, 0x06, 0x00,
    0xa0, 0x00, 0x00, 0x00, 0x01, 0x00, 0x00, 0x00, 0x46, 0x72,
    0x61, 0x6d, 0x65, 0x53, 0x69, 0x7a, 0x65, 0x00, 0x00, 0x00,
    0x06, 0x00, 0x06, 0x00, 0xa0, 0x00, 0x00, 0x00, 0x02, 0x00,
    0x00, 0x00, 0x53, 0x61, 0x6d, 0x70, 0x6c, 0x65, 0x43, 0x6f,
    0x75, 0x6e, 0x74, 0x00, 0x06, 0x00, 0x06, 0x00, 0xa0, 0x00,
    0x00, 0x00, 0x03, 0x00, 0x00, 0x00, 0x4d, 0x61, 0x78, 0x44,
    0x65, 0x70, 0x74, 0x68, 0x00, 0x00, 0x00, 0x00, 0x06, 0x00,
    0x09, 0x00, 0xa0, 0x00, 0x00, 0x00, 0x04, 0x00, 0x00, 0x00,
    0x52, 0x75, 0x73, 0x73, 0x69, 0x61, 0x6e, 0x52, 0x6f, 0x75,
    0x6c, 0x65, 0x74, 0x74, 0x65, 0x44, 0x65, 0x70, 0x74, 0x68,
    0x00, 0x00, 0x00, 0x00, 0x05, 0x00, 0x03, 0x00, 0xa2, 0x00,
    0x00, 0x00, 0x00, 0x00, 0x00, 0x00, 0x05, 0x00, 0x03, 0x00,
    0xa8, 0x00, 0x00, 0x00, 0x55, 0x56, 0x00, 0x00, 0x05, 0x00,
    0x05, 0x00, 0xbb, 0x00, 0x00, 0x00, 0x43, 0x61, 0x6d, 0x65,
    0x72, 0x61, 0x52, 0x69, 0x67, 0x68, 0x74, 0x00, 0x05, 0x00,
    0x03, 0x00, 0xbc, 0x00, 0x00, 0x00, 0x43, 0x61, 0x6d, 0x00,
    0x06, 0x00, 0x06, 0x00, 0xbc, 0x00, 0x00, 0x00, 0x00, 0x00,
    0x00, 0x00, 0x50, 0x6f, 0x73, 0x69, 0x74, 0x69, 0x6f, 0x6e,
    0x00, 0x00, 0x00, 0x00, 0x06, 0x00, 0x04, 0x00, 0xbc, 0x00,
    0x00, 0x00, 0x01, 0x00, 0x00, 0x00, 0x46, 0x4f, 0x56, 0x00,
    0x06, 0x00, 0x05, 0x00, 0xbc, 0x00, 0x00, 0x00, 0x02, 0x00,
    0x00, 0x00, 0x46, 0x6f, 0x72, 0x77, 0x61, 0x72, 0x64, 0x00,
    0x06, 0x00, 0x07, 0x00, 0xbc, 0x00, 0x00, 0x00, 0x03, 0x00,
    0x00, 0x00, 0x46, 0x6f, 0x63, 0x61, 0x6c, 0x44, 0x69, 0x73,
    0x74, 0x61, 0x6e, 0x63, 0x65, 0x00, 0x00, 0x00, 0x06, 0x00,
    0x04, 0x00, 0xbc, 0x00, 0x00, 0x00, 0x04, 0x00, 0x00, 0x00,
    0x55, 0x70, 0x00, 0x00, 0x06, 0x00, 0x06, 0x00, 0xbc, 0x00,
    0x00, 0x00, 0x05, 0x00, 0x00, 0x00, 0x41, 0x70, 0x65, 0x72,
    0x74, 0x75, 0x72, 0x65, 0x00, 0x00, 0x00, 0x00, 0x06, 0x00,
    0x05, 0x00, 0xbc, 0x00, 0x00, 0x00, 0x06, 0x00, 0x00, 0x00,
    0x42, 0x6c, 0x75, 0x72, 0x00, 0x00, 0x00, 0x00, 0x06, 0x00,
    0x05, 0x00, 0xbc, 0x00, 0x00, 0x00, 0x07, 0x00, 0x00, 0x00,
    0x5a, 0x4e, 0x65, 0x61, 0x72, 0x00, 0x00, 0x00, 0x06, 0x00,
    0x05, 0x00, 0xbc, 0x00, 0x00, 0x00, 0x08, 0x00, 0x00, 0x00,
    0x5a, 0x46, 0x61, 0x72, 0x00, 0x00, 0x00, 0x00, 0x06, 0x00,
    0x06, 0x00, 0xbc, 0x00, 0x00, 0x00, 0x09, 0x00, 0x00, 0x00,
    0x50, 0x61, 0x64, 0x64, 0x69, 0x6e, 0x67, 0x31, 0x00, 0x00,
    0x00, 0x00, 0x05, 0x00, 0x05, 0x00, 0xbd, 0x00, 0x00, 0x00,
    0x43, 0x61, 0x6d, 0x65, 0x72, 0x61, 0x55, 0x42, 0x4f, 0x00,
    0x00, 0x00, 0x06, 0x00, 0x05, 0x00, 0xbd, 0x00, 0x00, 0x00,
    0x00, 0x00, 0x00, 0x00, 0x43, 0x61, 0x6d, 0x65, 0x72, 0x61,
    0x00, 0x00, 0x05, 0x00, 0x03, 0x00, 0xbf, 0x00, 0x00, 0x00,
    0x00, 0x00, 0x00, 0x00, 0x05, 0x00, 0x04, 0x00, 0xca, 0x00,
    0x00, 0x00, 0x53, 0x65, 0x65, 0x64, 0x00, 0x00, 0x00, 0x00,
    0x05, 0x00, 0x05, 0x00, 0xec, 0x00, 0x00, 0x00, 0x64, 0x69,
    0x72, 0x65, 0x63, 0x74, 0x69, 0x6f, 0x6e, 0x00, 0x00, 0x00,
    0x05, 0x00, 0x03, 0x00, 0xee, 0x00, 0x00, 0x00, 0x45, 0x6e,
    0x76, 0x00, 0x06, 0x00, 0x06, 0x00, 0xee, 0x00, 0x00, 0x00,
    0x00, 0x00, 0x00, 0x00, 0x52, 0x6f, 0x74, 0x61, 0x74, 0x69,
    0x6f, 0x6e, 0x00, 0x00, 0x00, 0x00, 0x06, 0x00, 0x06, 0x00,
    0xee, 0x00, 0x00, 0x00, 0x01, 0x00, 0x00, 0x00, 0x54, 0x72,
    0x61, 0x6e, 0x73, 0x70, 0x61, 0x72, 0x65, 0x6e, 0x74, 0x00,
    0x06, 0x00, 0x06, 0x00, 0xee, 0x00, 0x00, 0x00, 0x02, 0x00,
    0x00, 0x00, 0x49, 0x6e, 0x74, 0x65, 0x6e, 0x73, 0x69, 0x74,
    0x79, 0x00, 0x00, 0x00, 0x06, 0x00, 0x06, 0x00, 0xee, 0x00,
    0x00, 0x00, 0x03, 0x00, 0x00, 0x00, 0x43, 0x64, 0x66, 0x54,
    0x6f, 0x74, 0x61, 0x6c, 0x00, 0x00, 0x00, 0x00, 0x05, 0x00,
    0x06, 0x00, 0xef, 0x00, 0x00, 0x00, 0x45, 0x6e, 0x76, 0x69,
    0x72, 0x6f, 0x6e, 0x6d, 0x65, 0x6e, 0x74, 0x55, 0x42, 0x4f,
    0x00, 0x00, 0x06, 0x00, 0x06, 0x00, 0xef, 0x00, 0x00, 0x00,
    0x00, 0x00, 0x00, 0x00, 0x45, 0x6e, 0x76, 0x69, 0x72, 0x6f,
    0x6e, 0x6d, 0x65, 0x6e, 0x74, 0x00, 0x05, 0x00, 0x03, 0x00,
    0xf1, 0x00, 0x00, 0x00, 0x00, 0x00, 0x00, 0x00, 0x05, 0x00,
    0x04, 0x00, 0xf8, 0x00, 0x00, 0x00, 0x74, 0x68, 0x65, 0x74,
    0x61, 0x00, 0x00, 0x00, 0x05, 0x00, 0x03, 0x00, 0xfc, 0x00,
    0x00, 0x00, 0x76, 0x00, 0x00, 0x00, 0x05, 0x00, 0x03, 0x00,
    0x00, 0x01, 0x00, 0x00, 0x75, 0x00, 0x00, 0x00, 0x05, 0x00,
    0x04, 0x00, 0x0a, 0x01, 0x00, 0x00, 0x63, 0x6f, 0x6c, 0x6f,
    0x72, 0x00, 0x00, 0x00, 0x05, 0x00, 0x03, 0x00, 0x16, 0x01,
    0x00, 0x00, 0x70, 0x64, 0x66, 0x00, 0x05, 0x00, 0x04, 0x00,
    0x17, 0x01, 0x00, 0x00, 0x70, 0x61, 0x72, 0x61, 0x6d, 0x00,
    0x00, 0x00, 0x05, 0x00, 0x05, 0x00, 0x33, 0x01, 0x00, 0x00,
    0x6d, 0x61, 0x74, 0x65, 0x72, 0x69, 0x61, 0x6c, 0x00, 0x00,
    0x00, 0x00, 0x05, 0x00, 0x05, 0x00, 0x34, 0x01, 0x00, 0x00,
    0x4d, 0x61, 0x74, 0x65, 0x72, 0x69, 0x61, 0x6c, 0x00, 0x00,
    0x00, 0x00, 0x06, 0x00, 0x06, 0x00, 0x34, 0x01, 0x00, 0x00,
    0x00, 0x00, 0x00, 0x00, 0x41, 0x6c, 0x62, 0x65, 0x64, 0x6f,
    0x43, 0x6f, 0x6c, 0x6f, 0x72, 0x00, 0x06, 0x00, 0x07, 0x00,
    0x34, 0x01, 0x00, 0x00, 0x01, 0x00, 0x00, 0x00, 0x45, 0x6d,
    0x69, 0x73, 0x73, 0x69, 0x6f, 0x6e, 0x43, 0x6f, 0x6c, 0x6f,
    0x72, 0x00, 0x00, 0x00, 0x06, 0x00, 0x08, 0x00, 0x34, 0x01,
    0x00, 0x00, 0x02, 0x00, 0x00, 0x00, 0x45, 0x6d, 0x69, 0x73,
    0x73, 0x69, 0x6f, 0x6e, 0x53, 0x74, 0x72, 0x65, 0x6e, 0x67,
    0x74, 0x68, 0x00, 0x00, 0x00, 0x00, 0x06, 0x00, 0x07, 0x00,
    0x34, 0x01, 0x00, 0x00, 0x03, 0x00, 0x00, 0x00, 0x46, 0x72,
    0x65, 0x73, 0x6e, 0x65, 0x6c, 0x43, 0x6f, 0x6c, 0x6f, 0x72,
    0x00, 0x00, 0x00, 0x00, 0x06, 0x00, 0x07, 0x00, 0x34, 0x01,
    0x00, 0x00, 0x04, 0x00, 0x00, 0x00, 0x46, 0x72, 0x65, 0x73,
    0x6e, 0x65, 0x6c, 0x53, 0x74, 0x72, 0x65, 0x6e, 0x67, 0x74,
    0x68, 0x00, 0x06, 0x00, 0x06, 0x00, 0x34, 0x01, 0x00, 0x00,
    0x05, 0x00, 0x00, 0x00, 0x52, 0x6f, 0x75, 0x67, 0x68, 0x6e,
    0x65, 0x73, 0x73, 0x00, 0x00, 0x00, 0x06, 0x00, 0x06, 0x00,
    0x34, 0x01, 0x00, 0x00, 0x06, 0x00, 0x00, 0x00, 0x4d, 0x65,
    0x74, 0x61, 0x6c, 0x6e, 0x65, 0x73, 0x73, 0x00, 0x00, 0x00,
    0x06, 0x00, 0x04, 0x00, 0x34, 0x01, 0x00, 0x00, 0x07, 0x00,
    0x00, 0x00, 0x49, 0x4f, 0x52, 0x00, 0x06, 0x00, 0x05, 0x00,
    0x34, 0x01, 0x00, 0x00, 0x08, 0x00, 0x00, 0x00, 0x44, 0x65,
    0x6e, 0x73, 0x69, 0x74, 0x79, 0x00, 0x06, 0x00, 0x07, 0x00,
    0x34, 0x01, 0x00, 0x00, 0x09, 0x00, 0x00, 0x00, 0x41, 0x6c,
    0x62, 0x65, 0x64, 0x6f, 0x54, 0x65, 0x78, 0x74, 0x75, 0x72,
    0x65, 0x49, 0x64, 0x00, 0x06, 0x00, 0x08, 0x00, 0x34, 0x01,
    0x00, 0x00, 0x0a, 0x00, 0x00, 0x00, 0x4d, 0x65, 0x74, 0x61,
    0x6c, 0x6e, 0x65, 0x73, 0x73, 0x54, 0x65, 0x78, 0x74, 0x75,
    0x72, 0x65, 0x49, 0x64, 0x00, 0x00, 0x06, 0x00, 0x08, 0x00,
    0x34, 0x01, 0x00, 0x00, 0x0b, 0x00, 0x00, 0x00, 0x45, 0x6d,
    0x69, 0x73, 0x73, 0x69, 0x6f, 0x6e, 0x54, 0x65, 0x78, 0x74,
    0x75, 0x72, 0x65, 0x49, 0x64, 0x00, 0x00, 0x00, 0x06, 0x00,
    0x08, 0x00, 0x34, 0x01, 0x00, 0x00, 0x0c, 0x00, 0x00, 0x00,
    0x52, 0x6f, 0x75, 0x67, 0x68, 0x6e, 0x65, 0x73, 0x73, 0x54,
    0x65, 0x78, 0x74, 0x75, 0x72, 0x65, 0x49, 0x64, 0x00, 0x00,
    0x06, 0x00, 0x07, 0x00, 0x34, 0x01, 0x00, 0x00, 0x0d, 0x00,
    0x00, 0x00, 0x4e, 0x6f, 0x72, 0x6d, 0x61, 0x6c, 0x54, 0x65,
    0x78, 0x74, 0x75, 0x72, 0x65, 0x49, 0x64, 0x00, 0x06, 0x00,
    0x06, 0x00, 0x34, 0x01, 0x00, 0x00, 0x0e, 0x00, 0x00, 0x00,
    0x41, 0x6c, 0x70, 0x68, 0x61, 0x4d, 0x6f, 0x64, 0x65, 0x00,
    0x00, 0x00, 0x06, 0x00, 0x06, 0x00, 0x34, 0x01, 0x00, 0x00,
    0x0f, 0x00, 0x00, 0x00, 0x41, 0x6c, 0x70, 0x68, 0x61, 0x43,
    0x75, 0x74, 0x6f, 0x66, 0x66, 0x00, 0x06, 0x00, 0x06, 0x00,
    0x34, 0x01, 0x00, 0x00, 0x10, 0x00, 0x00, 0x00, 0x50, 0x61,
    0x64, 0x64, 0x69, 0x6e, 0x67, 0x31, 0x00, 0x00, 0x00, 0x00,
    0x05, 0x00, 0x06, 0x00, 0x36, 0x01, 0x00, 0x00, 0x4d, 0x61,
    0x74, 0x65, 0x72, 0x69, 0x61, 0x6c, 0x53, 0x53, 0x42, 0x4f,
    0x00, 0x00, 0x00, 0x00, 0x06, 0x00, 0x06, 0x00, 0x36, 0x01,
    0x00, 0x00, 0x00, 0x00, 0x00, 0x00, 0x4d, 0x61, 0x74, 0x65,
    0x72, 0x69, 0x61, 0x6c, 0x73, 0x00, 0x00, 0x00, 0x05, 0x00,
    0x03, 0x00, 0x38, 0x01, 0x00, 0x00, 0x00, 0x00, 0x00, 0x00,
    0x05, 0x00, 0x05, 0x00, 0x76, 0x01, 0x00, 0x00, 0x54, 0x65,
    0x78, 0x74, 0x75, 0x72, 0x65, 0x73, 0x00, 0x00, 0x00, 0x00,
    0x05, 0x00, 0x05, 0x00, 0xcd, 0x01, 0x00, 0x00, 0x74, 0x65,
    0x78, 0x4e, 0x6f, 0x72, 0x6d, 0x61, 0x6c, 0x00, 0x00, 0x00,
    0x05, 0x00, 0x04, 0x00, 0x62, 0x02, 0x00, 0x00, 0x74, 0x68,
    0x65, 0x74, 0x61, 0x00, 0x00, 0x00, 0x05, 0x00, 0x03, 0x00,
    0x66, 0x02, 0x00, 0x00, 0x72, 0x68, 0x6f, 0x00, 0x05, 0x00,
    0x04, 0x00, 0x72, 0x02, 0x00, 0x00, 0x61, 0x6e, 0x67, 0x6c,
    0x65, 0x00, 0x00, 0x00, 0x05, 0x00, 0x03, 0x00, 0x7f, 0x02,
    0x00, 0x00, 0x78, 0x00, 0x00, 0x00, 0x05, 0x00, 0x03, 0x00,
    0x81, 0x02, 0x00, 0x00, 0x79, 0x00, 0x00, 0x00, 0x05, 0x00,
    0x03, 0x00, 0x83, 0x02, 0x00, 0x00, 0x7a, 0x00, 0x00, 0x00,
    0x05, 0x00, 0x04, 0x00, 0x8c, 0x02, 0x00, 0x00, 0x61, 0x6e,
    0x67, 0x6c, 0x65, 0x00, 0x00, 0x00, 0x05, 0x00, 0x05, 0x00,
    0xc8, 0x02, 0x00, 0x00, 0x66, 0x6f, 0x63, 0x61, 0x6c, 0x50,
    0x6f, 0x69, 0x6e, 0x74, 0x00, 0x00, 0x05, 0x00, 0x04, 0x00,
    0xd1, 0x02, 0x00, 0x00, 0x66, 0x6f, 0x63, 0x61, 0x6c, 0x00,
    0x00, 0x00, 0x05, 0x00, 0x04, 0x00, 0xea, 0x02, 0x00, 0x00,
    0x62, 0x6c, 0x75, 0x72, 0x00, 0x00, 0x00, 0x00, 0x05, 0x00,
    0x05, 0x00, 0x0c, 0x03, 0x00, 0x00, 0x6e, 0x6f, 0x6e, 0x4c,
    0x69, 0x6e, 0x65, 0x61, 0x72, 0x00, 0x00, 0x00, 0x05, 0x00,
    0x04, 0x00, 0x23, 0x03, 0x00, 0x00, 0x65, 0x64, 0x67, 0x65,
    0x31, 0x32, 0x00, 0x00, 0x05, 0x00, 0x04, 0x00, 0x2b, 0x03,
    0x00, 0x00, 0x65, 0x64, 0x67, 0x65, 0x31, 0x33, 0x00, 0x00,
    0x05, 0x00, 0x04, 0x00, 0x33, 0x03, 0x00, 0x00, 0x6e, 0x6f,
    0x72, 0x6d, 0x61, 0x6c, 0x00, 0x00, 0x05, 0x00, 0x03, 0x00,
    0x37, 0x03, 0x00, 0x00, 0x64, 0x65, 0x74, 0x00, 0x05, 0x00,
    0x03, 0x00, 0x48, 0x03, 0x00, 0x00, 0x61, 0x6f, 0x00, 0x00,
    0x05, 0x00, 0x03, 0x00, 0x4f, 0x03, 0x00, 0x00, 0x64, 0x61,
    0x6f, 0x00, 0x05, 0x00, 0x04, 0x00, 0x54, 0x03, 0x00, 0x00,
    0x69, 0x6e, 0x76, 0x44, 0x65, 0x74, 0x00, 0x00, 0x05, 0x00,
    0x03, 0x00, 0x57, 0x03, 0x00, 0x00, 0x64, 0x73, 0x74, 0x00,
    0x05, 0x00, 0x03, 0x00, 0x5d, 0x03, 0x00, 0x00, 0x75, 0x00,
    0x00, 0x00, 0x05, 0x00, 0x03, 0x00, 0x63, 0x03, 0x00, 0x00,
    0x76, 0x00, 0x00, 0x00, 0x05, 0x00, 0x03, 0x00, 0x6a, 0x03,
    0x00, 0x00, 0x77, 0x00, 0x00, 0x00, 0x05, 0x00, 0x03, 0x00,
    0x82, 0x03, 0x00, 0x00, 0x75, 0x76, 0x31, 0x00, 0x05, 0x00,
    0x03, 0x00, 0x88, 0x03, 0x00, 0x00, 0x75, 0x76, 0x32, 0x00,
    0x05, 0x00, 0x03, 0x00, 0x8e, 0x03, 0x00, 0x00, 0x75, 0x76,
    0x33, 0x00, 0x05, 0x00, 0x03, 0x00, 0x94, 0x03, 0x00, 0x00,
    0x75, 0x76, 0x00, 0x00, 0x05, 0x00, 0x05, 0x00, 0xa0, 0x03,
    0x00, 0x00, 0x65, 0x64, 0x67, 0x65, 0x55, 0x56, 0x31, 0x32,
    0x00, 0x00, 0x00, 0x00, 0x05, 0x00, 0x05, 0x00, 0xa4, 0x03,
    0x00, 0x00, 0x65, 0x64, 0x67, 0x65, 0x55, 0x56, 0x31, 0x33,
    0x00, 0x00, 0x00, 0x00, 0x05, 0x00, 0x05, 0x00, 0xa8, 0x03,
    0x00, 0x00, 0x69, 0x6e, 0x76, 0x44, 0x65, 0x74, 0x55, 0x56,
    0x00, 0x00, 0x00, 0x00, 0x05, 0x00, 0x04, 0x00, 0xf6, 0x03,
    0x00, 0x00, 0x74, 0x4d, 0x69, 0x6e, 0x00, 0x00, 0x00, 0x00,
    0x05, 0x00, 0x04, 0x00, 0xfe, 0x03, 0x00, 0x00, 0x74, 0x4d,
    0x61, 0x78, 0x00, 0x00, 0x00, 0x00, 0x05, 0x00, 0x03, 0x00,
    0x06, 0x04, 0x00, 0x00, 0x74, 0x31, 0x00, 0x00, 0x05, 0x00,
    0x03, 0x00, 0x0a, 0x04, 0x00, 0x00, 0x74, 0x32, 0x00, 0x00,
    0x05, 0x00, 0x04, 0x00, 0x28, 0x04, 0x00, 0x00, 0x4d, 0x65,
    0x73, 0x68, 0x00, 0x00, 0x00, 0x00, 0x06, 0x00, 0x07, 0x00,
    0x28, 0x04, 0x00, 0x00, 0x00, 0x00, 0x00, 0x00, 0x54, 0x72,
    0x69, 0x61, 0x6e, 0x67, 0x6c, 0x65, 0x4f, 0x66, 0x66, 0x73,
    0x65, 0x74, 0x00, 0x00, 0x06, 0x00, 0x07, 0x00, 0x28, 0x04,
    0x00, 0x00, 0x01, 0x00, 0x00, 0x00, 0x54, 0x72, 0x69, 0x61,
    0x6e, 0x67, 0x6c, 0x65, 0x53, 0x69, 0x7a, 0x65, 0x00, 0x00,
    0x00, 0x00, 0x06, 0x00, 0x06, 0x00, 0x28, 0x04, 0x00, 0x00,
    0x02, 0x00, 0x00, 0x00, 0x4e, 0x6f, 0x64, 0x65, 0x4f, 0x66,
    0x66, 0x73, 0x65, 0x74, 0x00, 0x00, 0x05, 0x00, 0x04, 0x00,
    0x2a, 0x04, 0x00, 0x00, 0x6d, 0x65, 0x73, 0x68, 0x00, 0x00,
    0x00, 0x00, 0x05, 0x00, 0x04, 0x00, 0x2b, 0x04, 0x00, 0x00,
    0x4d, 0x65, 0x73, 0x68, 0x00, 0x00, 0x00, 0x00, 0x06, 0x00,
    0x07, 0x00, 0x2b, 0x04, 0x00, 0x00, 0x00, 0x00, 0x00, 0x00,
    0x54, 0x72, 0x69, 0x61, 0x6e, 0x67, 0x6c, 0x65, 0x4f, 0x66,
    0x66, 0x73, 0x65, 0x74, 0x00, 0x00, 0x06, 0x00, 0x07, 0x00,
    0x2b, 0x04, 0x00, 0x00, 0x01, 0x00, 0x00, 0x00, 0x54, 0x72,
    0x69, 0x61, 0x6e, 0x67, 0x6c, 0x65, 0x53, 0x69, 0x7a, 0x65,
    0x00, 0x00, 0x00, 0x00, 0x06, 0x00, 0x06, 0x00, 0x2b, 0x04,
    0x00, 0x00, 0x02, 0x00, 0x00, 0x00, 0x4e, 0x6f, 0x64, 0x65,
    0x4f, 0x66, 0x66, 0x73, 0x65, 0x74, 0x00, 0x00, 0x05, 0x00,
    0x05, 0x00, 0x2d, 0x04, 0x00, 0x00, 0x4d, 0x65, 0x73, 0x68,
    0x53, 0x53, 0x42, 0x4f, 0x00, 0x00, 0x00, 0x00, 0x06, 0x00,
    0x05, 0x00, 0x2d, 0x04, 0x00, 0x00, 0x00, 0x00, 0x00, 0x00,
    0x4d, 0x65, 0x73, 0x68, 0x65, 0x73, 0x00, 0x00, 0x05, 0x00,
    0x03, 0x00, 0x2f, 0x04, 0x00, 0x00, 0x00, 0x00, 0x00, 0x00,
    0x05, 0x00, 0x05, 0x00, 0x3b, 0x04, 0x00, 0x00, 0x72, 0x61,
    0x79, 0x4f, 0x72, 0x69, 0x67, 0x69, 0x6e, 0x00, 0x00, 0x00,
    0x05, 0x00, 0x04, 0x00, 0x3e, 0x04, 0x00, 0x00, 0x70, 0x61,
    0x72, 0x61, 0x6d, 0x00, 0x00, 0x00, 0x05, 0x00, 0x04, 0x00,
    0x41, 0x04, 0x00, 0x00, 0x70, 0x61, 0x72, 0x61, 0x6d, 0x00,
    0x00, 0x00, 0x05, 0x00, 0x04, 0x00, 0x44, 0x04, 0x00, 0x00,
    0x70, 0x61, 0x72, 0x61, 0x6d, 0x00, 0x00, 0x00, 0x05, 0x00,
    0x04, 0x00, 0x47, 0x04, 0x00, 0x00, 0x70, 0x61, 0x72, 0x61,
    0x6d, 0x00, 0x00, 0x00, 0x05, 0x00, 0x04, 0x00, 0x4a, 0x04,
    0x00, 0x00, 0x70, 0x61, 0x72, 0x61, 0x6d, 0x00, 0x00, 0x00,
    0x05, 0x00, 0x04, 0x00, 0x4d, 0x04, 0x00, 0x00, 0x70, 0x61,
    0x72, 0x61, 0x6d, 0x00, 0x00, 0x00, 0x05, 0x00, 0x07, 0x00,
    0x56, 0x04, 0x00, 0x00, 0x6c, 0x6f, 0x63, 0x61, 0x6c, 0x4d,
    0x69, 0x6e, 0x44, 0x69, 0x73, 0x74, 0x61, 0x6e, 0x63, 0x65,
    0x00, 0x00, 0x00, 0x00, 0x05, 0x00, 0x04, 0x00, 0x5b, 0x04,
    0x00, 0x00, 0x70, 0x61, 0x72, 0x61, 0x6d, 0x00, 0x00, 0x00,
    0x05, 0x00, 0x04, 0x00, 0x5c, 0x04, 0x00, 0x00, 0x70, 0x61,
    0x72, 0x61, 0x6d, 0x00, 0x00, 0x00, 0x05, 0x00, 0x04, 0x00,
    0x5f, 0x04, 0x00, 0x00, 0x70, 0x61, 0x72, 0x61, 0x6d, 0x00,
    0x00, 0x00, 0x05, 0x00, 0x07, 0x00, 0x62, 0x04, 0x00, 0x00,
    0x6c, 0x6f, 0x63, 0x61, 0x6c, 0x4d, 0x61, 0x78, 0x44, 0x69,
    0x73, 0x74, 0x61, 0x6e, 0x63, 0x65, 0x00, 0x00, 0x00, 0x00,
    0x05, 0x00, 0x04, 0x00, 0x67, 0x04, 0x00, 0x00, 0x70, 0x61,
    0x72, 0x61, 0x6d, 0x00, 0x00, 0x00, 0x05, 0x00, 0x04, 0x00,
    0x68, 0x04, 0x00, 0x00, 0x70, 0x61, 0x72, 0x61, 0x6d, 0x00,
    0x00, 0x00, 0x05, 0x00, 0x04, 0x00, 0x6b, 0x04, 0x00, 0x00,
    0x70, 0x61, 0x72, 0x61, 0x6d, 0x00, 0x00, 0x00, 0x05, 0x00,
    0x05, 0x00, 0x70, 0x04, 0x00, 0x00, 0x73, 0x74, 0x61, 0x63,
    0x6b, 0x4f, 0x66, 0x66, 0x73, 0x65, 0x74, 0x00, 0x05, 0x00,
    0x04, 0x00, 0x75, 0x04, 0x00, 0x00, 0x53, 0x74, 0x61, 0x63,
    0x6b, 0x00, 0x00, 0x00, 0x05, 0x00, 0x03, 0x00, 0x85, 0x04,
    0x00, 0x00, 0x6e, 0x69, 0x00, 0x00, 0x05, 0x00, 0x04, 0x00,
    0x8b, 0x04, 0x00, 0x00, 0x6e, 0x65, 0x61, 0x72, 0x00, 0x00,
    0x00, 0x00, 0x05, 0x00, 0x04, 0x00, 0x90, 0x04, 0x00, 0x00,
    0x4e, 0x6f, 0x64, 0x65, 0x00, 0x00, 0x00, 0x00, 0x06, 0x00,
    0x05, 0x00, 0x90, 0x04, 0x00, 0x00, 0x00, 0x00, 0x00, 0x00,
    0x42, 0x62, 0x6f, 0x78, 0x4d, 0x69, 0x6e, 0x00, 0x06, 0x00,
    0x05, 0x00, 0x90, 0x04, 0x00, 0x00, 0x01, 0x00, 0x00, 0x00,
    0x42, 0x62, 0x6f, 0x78, 0x4d, 0x61, 0x78, 0x00, 0x06, 0x00,
    0x05, 0x00, 0x90, 0x04, 0x00, 0x00, 0x02, 0x00, 0x00, 0x00,
    0x53, 0x74, 0x61, 0x72, 0x74, 0x00, 0x00, 0x00, 0x06, 0x00,
    0x07, 0x00, 0x90, 0x04, 0x00, 0x00, 0x03, 0x00, 0x00, 0x00,
    0x50, 0x72, 0x69, 0x6d, 0x69, 0x74, 0x69, 0x76, 0x65, 0x43,
    0x6f, 0x75, 0x6e, 0x74, 0x00, 0x00, 0x06, 0x00, 0x06, 0x00,
    0x90, 0x04, 0x00, 0x00, 0x04, 0x00, 0x00, 0x00, 0x52, 0x69,
    0x67, 0x68, 0x74, 0x4f, 0x66, 0x66, 0x73, 0x65, 0x74, 0x00,
    0x06, 0x00, 0x06, 0x00, 0x90, 0x04, 0x00, 0x00, 0x05, 0x00,
    0x00, 0x00, 0x50, 0x61, 0x64, 0x64, 0x69, 0x6e, 0x67, 0x31,
    0x00, 0x00, 0x00, 0x00, 0x05, 0x00, 0x04, 0x00, 0x92, 0x04,
    0x00, 0x00, 0x6e, 0x6f, 0x64, 0x65, 0x00, 0x00, 0x00, 0x00,
    0x05, 0x00, 0x04, 0x00, 0x93, 0x04, 0x00, 0x00, 0x4e, 0x6f,
    0x64, 0x65, 0x00, 0x00, 0x00, 0x00, 0x06, 0x00, 0x05, 0x00,
    0x93, 0x04, 0x00, 0x00, 0x00, 0x00, 0x00, 0x00, 0x42, 0x62,
    0x6f, 0x78, 0x4d, 0x69, 0x6e, 0x00, 0x06, 0x00, 0x05, 0x00,
    0x93, 0x04, 0x00, 0x00, 0x01, 0x00, 0x00, 0x00, 0x42, 0x62,
    0x6f, 0x78, 0x4d, 0x61, 0x78, 0x00, 0x06, 0x00, 0x05, 0x00,
    0x93, 0x04, 0x00, 0x00, 0x02, 0x00, 0x00, 0x00, 0x53, 0x74,
    0x61, 0x72, 0x74, 0x00, 0x00, 0x00, 0x06, 0x00, 0x07, 0x00,
    0x93, 0x04, 0x00, 0x00, 0x03, 0x00, 0x00, 0x00, 0x50, 0x72,
    0x69, 0x6d, 0x69, 0x74, 0x69, 0x76, 0x65, 0x43, 0x6f, 0x75,
    0x6e, 0x74, 0x00, 0x00, 0x06, 0x00, 0x06, 0x00, 0x93, 0x04,
    0x00, 0x00, 0x04, 0x00, 0x00, 0x00, 0x52, 0x69, 0x67, 0x68,
    0x74, 0x4f, 0x66, 0x66, 0x73, 0x65, 0x74, 0x00, 0x06, 0x00,
    0x06, 0x00, 0x93, 0x04, 0x00, 0x00, 0x05, 0x00, 0x00, 0x00,
    0x50, 0x61, 0x64, 0x64, 0x69, 0x6e, 0x67, 0x31, 0x00, 0x00,
    0x00, 0x00, 0x05, 0x00, 0x05, 0x00, 0x95, 0x04, 0x00, 0x00,
    0x42, 0x6c, 0x61, 0x73, 0x53, 0x53, 0x42, 0x4f, 0x00, 0x00,
    0x00, 0x00, 0x06, 0x00, 0x05, 0x00, 0x95, 0x04, 0x00, 0x00,
    0x00, 0x00, 0x00, 0x00, 0x42, 0x4c, 0x41, 0x53, 0x00, 0x00,
    0x00, 0x00, 0x05, 0x00, 0x03, 0x00, 0x97, 0x04, 0x00, 0x00,
    0x00, 0x00, 0x00, 0x00, 0x05, 0x00, 0x03, 0x00, 0xb4, 0x04,
    0x00, 0x00, 0x69, 0x00, 0x00, 0x00, 0x05, 0x00, 0x04, 0x00,
    0xb7, 0x04, 0x00, 0x00, 0x69, 0x4d, 0x61, 0x78, 0x00, 0x00,
    0x00, 0x00, 0x05, 0x00, 0x05, 0x00, 0xc4, 0x04, 0x00, 0x00,
    0x54, 0x72, 0x69, 0x61, 0x6e, 0x67, 0x6c, 0x65, 0x00, 0x00,
    0x00, 0x00, 0x06, 0x00, 0x04, 0x00, 0xc4, 0x04, 0x00, 0x00,
    0x00, 0x00, 0x00, 0x00, 0x56, 0x31, 0x00, 0x00, 0x06, 0x00,
    0x04, 0x00, 0xc4, 0x04, 0x00, 0x00, 0x01, 0x00, 0x00, 0x00,
    0x56, 0x32, 0x00, 0x00, 0x06, 0x00, 0x04, 0x00, 0xc4, 0x04,
    0x00, 0x00, 0x02, 0x00, 0x00, 0x00, 0x56, 0x33, 0x00, 0x00,
    0x05, 0x00, 0x05, 0x00, 0xc6, 0x04, 0x00, 0x00, 0x74, 0x72,
    0x69, 0x61, 0x6e, 0x67, 0x6c, 0x65, 0x00, 0x00, 0x00, 0x00,
    0x05, 0x00, 0x05, 0x00, 0xc7, 0x04, 0x00, 0x00, 0x54, 0x72,
    0x69, 0x61, 0x6e, 0x67, 0x6c, 0x65, 0x00, 0x00, 0x00, 0x00,
    0x06, 0x00, 0x04, 0x00, 0xc7, 0x04, 0x00, 0x00, 0x00, 0x00,
    0x00, 0x00, 0x56, 0x31, 0x00, 0x00, 0x06, 0x00, 0x04, 0x00,
    0xc7, 0x04, 0x00, 0x00, 0x01, 0x00, 0x00, 0x00, 0x56, 0x32,
    0x00, 0x00, 0x06, 0x00, 0x04, 0x00, 0xc7, 0x04, 0x00, 0x00,
    0x02, 0x00, 0x00, 0x00, 0x56, 0x33, 0x00, 0x00, 0x05, 0x00,
    0x06, 0x00, 0xc9, 0x04, 0x00, 0x00, 0x54, 0x72, 0x69, 0x61,
    0x6e, 0x67, 0x6c, 0x65, 0x53, 0x53, 0x42, 0x4f, 0x00, 0x00,
    0x00, 0x00, 0x06, 0x00, 0x06, 0x00, 0xc9, 0x04, 0x00, 0x00,
    0x00, 0x00, 0x00, 0x00, 0x54, 0x72, 0x69, 0x61, 0x6e, 0x67,
    0x6c, 0x65, 0x73, 0x00, 0x00, 0x00, 0x05, 0x00, 0x03, 0x00,
    0xcb, 0x04, 0x00, 0x00, 0x00, 0x00, 0x00, 0x00, 0x05, 0x00,
    0x03, 0x00, 0xd9, 0x04, 0x00, 0x00, 0x76, 0x31, 0x00, 0x00,
    0x05, 0x00, 0x04, 0x00, 0xda, 0x04, 0x00, 0x00, 0x56, 0x65,
    0x72, 0x74, 0x65, 0x78, 0x00, 0x00, 0x06, 0x00, 0x06, 0x00,
    0xda, 0x04, 0x00, 0x00, 0x00, 0x00, 0x00, 0x00, 0x50, 0x6f,
    0x73, 0x69, 0x74, 0x69, 0x6f, 0x6e, 0x55, 0x00, 0x00, 0x00,
    0x06, 0x00, 0x05, 0x00, 0xda, 0x04, 0x00, 0x00, 0x01, 0x00,
    0x00, 0x00, 0x4e, 0x6f, 0x72, 0x6d, 0x61, 0x6c, 0x56, 0x00,
    0x05, 0x00, 0x05, 0x00, 0xdc, 0x04, 0x00, 0x00, 0x56, 0x65,
    0x72, 0x74, 0x65, 0x78, 0x53, 0x53, 0x42, 0x4f, 0x00, 0x00,
    0x06, 0x00, 0x06, 0x00, 0xdc, 0x04, 0x00, 0x00, 0x00, 0x00,
    0x00, 0x00, 0x56, 0x65, 0x72, 0x74, 0x69, 0x63, 0x65, 0x73,
    0x00, 0x00, 0x00, 0x00, 0x05, 0x00, 0x03, 0x00, 0xde, 0x04,
    0x00, 0x00, 0x00, 0x00, 0x00, 0x00, 0x05, 0x00, 0x03, 0x00,
    0xe8, 0x04, 0x00, 0x00, 0x76, 0x32, 0x00, 0x00, 0x05, 0x00,
    0x03, 0x00, 0xf1, 0x04, 0x00, 0x00, 0x76, 0x33, 0x00, 0x00,
    0x05, 0x00, 0x04, 0x00, 0xfa, 0x04, 0x00, 0x00, 0x70, 0x61,
    0x72, 0x61, 0x6d, 0x00, 0x00, 0x00, 0x05, 0x00, 0x04, 0x00,
    0xfc, 0x04, 0x00, 0x00, 0x70, 0x61, 0x72, 0x61, 0x6d, 0x00,
    0x00, 0x00, 0x05, 0x00, 0x04, 0x00, 0xfe, 0x04, 0x00, 0x00,
    0x70, 0x61, 0x72, 0x61, 0x6d, 0x00, 0x00, 0x00, 0x05, 0x00,
    0x04, 0x00, 0x00, 0x05, 0x00, 0x00, 0x70, 0x61, 0x72, 0x61,
    0x6d, 0x00, 0x00, 0x00, 0x05, 0x00, 0x04, 0x00, 0x02, 0x05,
    0x00, 0x00, 0x70, 0x61, 0x72, 0x61, 0x6d, 0x00, 0x00, 0x00,
    0x05, 0x00, 0x04, 0x00, 0x05, 0x05, 0x00, 0x00, 0x70, 0x61,
    0x72, 0x61, 0x6d, 0x00, 0x00, 0x00, 0x05, 0x00, 0x04, 0x00,
    0x07, 0x05, 0x00, 0x00, 0x70, 0x61, 0x72, 0x61, 0x6d, 0x00,
    0x00, 0x00, 0x05, 0x00, 0x04, 0x00, 0x0a, 0x05, 0x00, 0x00,
    0x70, 0x61, 0x72, 0x61, 0x6d, 0x00, 0x00, 0x00, 0x05, 0x00,
    0x03, 0x00, 0x11, 0x05, 0x00, 0x00, 0x63, 0x30, 0x00, 0x00,
    0x05, 0x00, 0x03, 0x00, 0x22, 0x05, 0x00, 0x00, 0x63, 0x31,
    0x00, 0x00, 0x05, 0x00, 0x04, 0x00, 0x35, 0x05, 0x00, 0x00,
    0x68, 0x69, 0x74, 0x63, 0x30, 0x00, 0x00, 0x00, 0x05, 0x00,
    0x04, 0x00, 0x36, 0x05, 0x00, 0x00, 0x62, 0x62, 0x68, 0x69,
    0x74, 0x73, 0x00, 0x00, 0x05, 0x00, 0x04, 0x00, 0x37, 0x05,
    0x00, 0x00, 0x70, 0x61, 0x72, 0x61, 0x6d, 0x00, 0x00, 0x00,
    0x05, 0x00, 0x04, 0x00, 0x39, 0x05, 0x00, 0x00, 0x70, 0x61,
    0x72, 0x61, 0x6d, 0x00, 0x00, 0x00, 0x05, 0x00, 0x04, 0x00,
    0x3d, 0x05, 0x00, 0x00, 0x70, 0x61, 0x72, 0x61, 0x6d, 0x00,
    0x00, 0x00, 0x05, 0x00, 0x04, 0x00, 0x41, 0x05, 0x00, 0x00,
    0x70, 0x61, 0x72, 0x61, 0x6d, 0x00, 0x00, 0x00, 0x05, 0x00,
    0x04, 0x00, 0x42, 0x05, 0x00, 0x00, 0x70, 0x61, 0x72, 0x61,
    0x6d, 0x00, 0x00, 0x00, 0x05, 0x00, 0x04, 0x00, 0x48, 0x05,
    0x00, 0x00, 0x68, 0x69, 0x74, 0x63, 0x31, 0x00, 0x00, 0x00,
    0x05, 0x00, 0x04, 0x00, 0x49, 0x05, 0x00, 0x00, 0x70, 0x61,
    0x72, 0x61, 0x6d, 0x00, 0x00, 0x00, 0x05, 0x00, 0x04, 0x00,
    0x4b, 0x05, 0x00, 0x00, 0x70, 0x61, 0x72, 0x61, 0x6d, 0x00,
    0x00, 0x00, 0x05, 0x00, 0x04, 0x00, 0x4f, 0x05, 0x00, 0x00,
    0x70, 0x61, 0x72, 0x61, 0x6d, 0x00, 0x00, 0x00, 0x05, 0x00,
    0x04, 0x00, 0x53, 0x05, 0x00, 0x00, 0x70, 0x61, 0x72, 0x61,
    0x6d, 0x00, 0x00, 0x00, 0x05, 0x00, 0x04, 0x00, 0x54, 0x05,
    0x00, 0x00, 0x70, 0x61, 0x72, 0x61, 0x6d, 0x00, 0x00, 0x00,
    0x05, 0x00, 0x04, 0x00, 0x60, 0x05, 0x00, 0x00, 0x72, 0x61,
    0x6e, 0x67, 0x65, 0x00, 0x00, 0x00, 0x05, 0x00, 0x04, 0x00,
    0xb1, 0x05, 0x00, 0x00, 0x70, 0x61, 0x72, 0x61, 0x6d, 0x00,
    0x00, 0x00, 0x05, 0x00, 0x04, 0x00, 0xb4, 0x05, 0x00, 0x00,
    0x70, 0x61, 0x72, 0x61, 0x6d, 0x00, 0x00, 0x00, 0x05, 0x00,
    0x04, 0x00, 0xb7, 0x05, 0x00, 0x00, 0x70, 0x61, 0x72, 0x61,
    0x6d, 0x00, 0x00, 0x00, 0x05, 0x00, 0x04, 0x00, 0xc0, 0x05,
    0x00, 0x00, 0x70, 0x61, 0x72, 0x61, 0x6d, 0x00, 0x00, 0x00,
    0x05, 0x00, 0x04, 0x00, 0xc3, 0x05, 0x00, 0x00, 0x70, 0x61,
    0x72, 0x61, 0x6d, 0x00, 0x00, 0x00, 0x05, 0x00, 0x04, 0x00,
    0xc6, 0x05, 0x00, 0x00, 0x70, 0x61, 0x72, 0x61, 0x6d, 0x00,
    0x00, 0x00, 0x05, 0x00, 0x04, 0x00, 0xca, 0x05, 0x00, 0x00,
    0x70, 0x61, 0x72, 0x61, 0x6d, 0x00, 0x00, 0x00, 0x05, 0x00,
    0x04, 0x00, 0xcd, 0x05, 0x00, 0x00, 0x70, 0x61, 0x72, 0x61,
    0x6d, 0x00, 0x00, 0x00, 0x05, 0x00, 0x04, 0x00, 0xd0, 0x05,
    0x00, 0x00, 0x70, 0x61, 0x72, 0x61, 0x6d, 0x00, 0x00, 0x00,
    0x05, 0x00, 0x04, 0x00, 0xd4, 0x05, 0x00, 0x00, 0x70, 0x61,
    0x72, 0x61, 0x6d, 0x00, 0x00, 0x00, 0x05, 0x00, 0x04, 0x00,
    0xd7, 0x05, 0x00, 0x00, 0x70, 0x61, 0x72, 0x61, 0x6d, 0x00,
    0x00, 0x00, 0x05, 0x00, 0x04, 0x00, 0xda, 0x05, 0x00, 0x00,
    0x70, 0x61, 0x72, 0x61, 0x6d, 0x00, 0x00, 0x00, 0x05, 0x00,
    0x05, 0x00, 0xe3, 0x05, 0x00, 0x00, 0x73, 0x74, 0x61, 0x63,
    0x6b, 0x4f, 0x66, 0x66, 0x73, 0x65, 0x74, 0x00, 0x05, 0x00,
    0x03, 0x00, 0xf1, 0x05, 0x00, 0x00, 0x6e, 0x69, 0x00, 0x00,
    0x05, 0x00, 0x04, 0x00, 0xf6, 0x05, 0x00, 0x00, 0x6e, 0x65,
    0x61, 0x72, 0x00, 0x00, 0x00, 0x00, 0x05, 0x00, 0x04, 0x00,
    0xfb, 0x05, 0x00, 0x00, 0x6e, 0x6f, 0x64, 0x65, 0x00, 0x00,
    0x00, 0x00, 0x05, 0x00, 0x05, 0x00, 0xfd, 0x05, 0x00, 0x00,
    0x54, 0x6c, 0x61, 0x73, 0x53, 0x53, 0x42, 0x4f, 0x00, 0x00,
    0x00, 0x00, 0x06, 0x00, 0x05, 0x00, 0xfd, 0x05, 0x00, 0x00,
    0x00, 0x00, 0x00, 0x00, 0x54, 0x4c, 0x41, 0x53, 0x00, 0x00,
    0x00, 0x00, 0x05, 0x00, 0x03, 0x00, 0xff, 0x05, 0x00, 0x00,
    0x00, 0x00, 0x00, 0x00, 0x05, 0x00, 0x03, 0x00, 0x1b, 0x06,
    0x00, 0x00, 0x69, 0x00, 0x00, 0x00, 0x05, 0x00, 0x04, 0x00,
    0x1e, 0x06, 0x00, 0x00, 0x69, 0x4d, 0x61, 0x78, 0x00, 0x00,
    0x00, 0x00, 0x05, 0x00, 0x06, 0x00, 0x2b, 0x06, 0x00, 0x00,
    0x6d, 0x65, 0x73, 0x68, 0x49, 0x6e, 0x73, 0x74, 0x61, 0x6e,
    0x63, 0x65, 0x00, 0x00, 0x00, 0x00, 0x05, 0x00, 0x06, 0x00,
    0x2c, 0x06, 0x00, 0x00, 0x4d, 0x65, 0x73, 0x68, 0x49, 0x6e,
    0x73, 0x74, 0x61, 0x6e, 0x63, 0x65, 0x00, 0x00, 0x00, 0x00,
    0x06, 0x00, 0x06, 0x00, 0x2c, 0x06, 0x00, 0x00, 0x00, 0x00,
    0x00, 0x00, 0x54, 0x72, 0x61, 0x6e, 0x73, 0x66, 0x6f, 0x72,
    0x6d, 0x00, 0x00, 0x00, 0x06, 0x00, 0x07, 0x00, 0x2c, 0x06,
    0x00, 0x00, 0x01, 0x00, 0x00, 0x00, 0x54, 0x72, 0x61, 0x6e,
    0x73, 0x66, 0x6f, 0x72, 0x6d, 0x49, 0x6e, 0x76, 0x00, 0x00,
    0x00, 0x00, 0x06, 0x00, 0x06, 0x00, 0x2c, 0x06, 0x00, 0x00,
    0x02, 0x00, 0x00, 0x00, 0x4d, 0x61, 0x74, 0x65, 0x72, 0x69,
    0x61, 0x6c, 0x49, 0x64, 0x00, 0x00, 0x06, 0x00, 0x05, 0x00,
    0x2c, 0x06, 0x00, 0x00, 0x03, 0x00, 0x00, 0x00, 0x4d, 0x65,
    0x73, 0x68, 0x49, 0x64, 0x00, 0x00, 0x06, 0x00, 0x06, 0x00,
    0x2c, 0x06, 0x00, 0x00, 0x04, 0x00, 0x00, 0x00, 0x50, 0x61,
    0x64, 0x64, 0x69, 0x6e, 0x67, 0x31, 0x00, 0x00, 0x00, 0x00,
    0x06, 0x00, 0x06, 0x00, 0x2c, 0x06, 0x00, 0x00, 0x05, 0x00,
    0x00, 0x00, 0x50, 0x61, 0x64, 0x64, 0x69, 0x6e, 0x67, 0x32,
    0x00, 0x00, 0x00, 0x00, 0x05, 0x00, 0x07, 0x00, 0x2e, 0x06,
    0x00, 0x00, 0x4d, 0x65, 0x73, 0x68, 0x49, 0x6e, 0x73, 0x74,
    0x61, 0x6e, 0x63, 0x65, 0x53, 0x53, 0x42, 0x4f, 0x00, 0x00,
    0x00, 0x00, 0x06, 0x00, 0x07, 0x00, 0x2e, 0x06, 0x00, 0x00,
    0x00, 0x00, 0x00, 0x00, 0x4d, 0x65, 0x73, 0x68, 0x49, 0x6e,
    0x73, 0x74, 0x61, 0x6e, 0x63, 0x65, 0x73, 0x00, 0x00, 0x00,
    0x05, 0x00, 0x03, 0x00, 0x30, 0x06, 0x00, 0x00, 0x00, 0x00,
    0x00, 0x00, 0x05, 0x00, 0x04, 0x00, 0x41, 0x06, 0x00, 0x00,
    0x63, 0x75, 0x72, 0x72, 0x65, 0x6e, 0x74, 0x00, 0x05, 0x00,
    0x04, 0x00, 0x42, 0x06, 0x00, 0x00, 0x70, 0x61, 0x72, 0x61,
    0x6d, 0x00, 0x00, 0x00, 0x05, 0x00, 0x04, 0x00, 0x44, 0x06,
    0x00, 0x00, 0x70, 0x61, 0x72, 0x61, 0x6d, 0x00, 0x00, 0x00,
    0x05, 0x00, 0x04, 0x00, 0x46, 0x06, 0x00, 0x00, 0x70, 0x61,
    0x72, 0x61, 0x6d, 0x00, 0x00, 0x00, 0x05, 0x00, 0x04, 0x00,
    0x48, 0x06, 0x00, 0x00, 0x70, 0x61, 0x72, 0x61, 0x6d, 0x00,
    0x00, 0x00, 0x05, 0x00, 0x04, 0x00, 0x4b, 0x06, 0x00, 0x00,
    0x70, 0x61, 0x72, 0x61, 0x6d, 0x00, 0x00, 0x00, 0x05, 0x00,
    0x03, 0x00, 0x54, 0x06, 0x00, 0x00, 0x63, 0x30, 0x00, 0x00,
    0x05, 0x00, 0x03, 0x00, 0x65, 0x06, 0x00, 0x00, 0x63, 0x31,
    0x00, 0x00, 0x05, 0x00, 0x04, 0x00, 0x78, 0x06, 0x00, 0x00,
    0x68, 0x69, 0x74, 0x63, 0x30, 0x00, 0x00, 0x00, 0x05, 0x00,
    0x04, 0x00, 0x79, 0x06, 0x00, 0x00, 0x62, 0x62, 0x68, 0x69,
    0x74, 0x73, 0x00, 0x00, 0x05, 0x00, 0x04, 0x00, 0x7a, 0x06,
    0x00, 0x00, 0x70, 0x61, 0x72, 0x61, 0x6d, 0x00, 0x00, 0x00,
    0x05, 0x00, 0x04, 0x00, 0x7c, 0x06, 0x00, 0x00, 0x70, 0x61,
    0x72, 0x61, 0x6d, 0x00, 0x00, 0x00, 0x05, 0x00, 0x04, 0x00,
    0x80, 0x06, 0x00, 0x00, 0x70, 0x61, 0x72, 0x61, 0x6d, 0x00,
    0x00, 0x00, 0x05, 0x00, 0x04, 0x00, 0x84, 0x06, 0x00, 0x00,
    0x70, 0x61, 0x72, 0x61, 0x6d, 0x00, 0x00, 0x00, 0x05, 0x00,
    0x04, 0x00, 0x85, 0x06, 0x00, 0x00, 0x70, 0x61, 0x72, 0x61,
    0x6d, 0x00, 0x00, 0x00, 0x05, 0x00, 0x04, 0x00, 0x8b, 0x06,
    0x00, 0x00, 0x68, 0x69, 0x74, 0x63, 0x31, 0x00, 0x00, 0x00,
    0x05, 0x00, 0x04, 0x00, 0x8c, 0x06, 0x00, 0x00, 0x70, 0x61,
    0x72, 0x61, 0x6d, 0x00, 0x00, 0x00, 0x05, 0x00, 0x04, 0x00,
    0x8e, 0x06, 0x00, 0x00, 0x70, 0x61, 0x72, 0x61, 0x6d, 0x00,
    0x00, 0x00, 0x05, 0x00, 0x04, 0x00, 0x92, 0x06, 0x00, 0x00,
    0x70, 0x61, 0x72, 0x61, 0x6d, 0x00, 0x00, 0x00, 0x05, 0x00,
    0x04, 0x00, 0x96, 0x06, 0x00, 0x00, 0x70, 0x61, 0x72, 0x61,
    0x6d, 0x00, 0x00, 0x00, 0x05, 0x00, 0x04, 0x00, 0x97, 0x06,
    0x00, 0x00, 0x70, 0x61, 0x72, 0x61, 0x6d, 0x00, 0x00, 0x00,
    0x05, 0x00, 0x04, 0x00, 0xa2, 0x06, 0x00, 0x00, 0x72, 0x61,
    0x6e, 0x67, 0x65, 0x00, 0x00, 0x00, 0x05, 0x00, 0x03, 0x00,
    0xf3, 0x06, 0x00, 0x00, 0x74, 0x00, 0x00, 0x00, 0x05, 0x00,
    0x05, 0x00, 0x15, 0x07, 0x00, 0x00, 0x6d, 0x61, 0x74, 0x65,
    0x72, 0x69, 0x61, 0x6c, 0x00, 0x00, 0x00, 0x00, 0x05, 0x00,
    0x04, 0x00, 0x16, 0x07, 0x00, 0x00, 0x70, 0x61, 0x72, 0x61,
    0x6d, 0x00, 0x00, 0x00, 0x05, 0x00, 0x04, 0x00, 0x1a, 0x07,
    0x00, 0x00, 0x70, 0x61, 0x72, 0x61, 0x6d, 0x00, 0x00, 0x00,
    0x05, 0x00, 0x05, 0x00, 0x21, 0x07, 0x00, 0x00, 0x73, 0x70,
    0x65, 0x63, 0x75, 0x6c, 0x61, 0x72, 0x44, 0x69, 0x72, 0x00,
    0x05, 0x00, 0x05, 0x00, 0x27, 0x07, 0x00, 0x00, 0x64, 0x69,
    0x66, 0x66, 0x75, 0x73, 0x65, 0x44, 0x69, 0x72, 0x00, 0x00,
    0x05, 0x00, 0x04, 0x00, 0x63, 0x07, 0x00, 0x00, 0x64, 0x65,
    0x70, 0x74, 0x68, 0x00, 0x00, 0x00, 0x05, 0x00, 0x06, 0x00,
    0x92, 0x07, 0x00, 0x00, 0x72, 0x65, 0x66, 0x72, 0x61, 0x63,
    0x74, 0x65, 0x64, 0x44, 0x69, 0x72, 0x00, 0x00, 0x00, 0x00,
    0x05, 0x00, 0x04, 0x00, 0xc0, 0x07, 0x00, 0x00, 0x70, 0x61,
    0x72, 0x61, 0x6d, 0x00, 0x00, 0x00, 0x05, 0x00, 0x04, 0x00,
    0xc2, 0x07, 0x00, 0x00, 0x70, 0x61, 0x72, 0x61, 0x6d, 0x00,
    0x00, 0x00, 0x05, 0x00, 0x04, 0x00, 0xc4, 0x07, 0x00, 0x00,
    0x70, 0x61, 0x72, 0x61, 0x6d, 0x00, 0x00, 0x00, 0x05, 0x00,
    0x05, 0x00, 0xd6, 0x07, 0x00, 0x00, 0x74, 0x68, 0x72, 0x6f,
    0x75, 0x67, 0x68, 0x70, 0x75, 0x74, 0x00, 0x00, 0x05, 0x00,
    0x05, 0x00, 0xd8, 0x07, 0x00, 0x00, 0x72, 0x61, 0x64, 0x69,
    0x61, 0x6e, 0x63, 0x65, 0x00, 0x00, 0x00, 0x00, 0x05, 0x00,
    0x05, 0x00, 0xd9, 0x07, 0x00, 0x00, 0x69, 0x73, 0x53, 0x61,
    0x6d, 0x70, 0x6c, 0x65, 0x64, 0x00, 0x00, 0x00, 0x05, 0x00,
    0x04, 0x00, 0xda, 0x07, 0x00, 0x00, 0x64, 0x65, 0x70, 0x74,
    0x68, 0x00, 0x00, 0x00, 0x05, 0x00, 0x05, 0x00, 0xf5, 0x07,
    0x00, 0x00, 0x6d, 0x61, 0x6e, 0x69, 0x66, 0x6f, 0x6c, 0x64,
    0x00, 0x00, 0x00, 0x00, 0x05, 0x00, 0x04, 0x00, 0xf6, 0x07,
    0x00, 0x00, 0x70, 0x61, 0x72, 0x61, 0x6d, 0x00, 0x00, 0x00,
    0x05, 0x00, 0x04, 0x00, 0xf8, 0x07, 0x00, 0x00, 0x70, 0x61,
    0x72, 0x61, 0x6d, 0x00, 0x00, 0x00, 0x05, 0x00, 0x04, 0x00,
    0xfa, 0x07, 0x00, 0x00, 0x70, 0x61, 0x72, 0x61, 0x6d, 0x00,
    0x00, 0x00, 0x05, 0x00, 0x04, 0x00, 0xfc, 0x07, 0x00, 0x00,
    0x70, 0x61, 0x72, 0x61, 0x6d, 0x00, 0x00, 0x00, 0x05, 0x00,
    0x05, 0x00, 0x02, 0x08, 0x00, 0x00, 0x65, 0x6e, 0x76, 0x43,
    0x6f, 0x6c, 0x50, 0x64, 0x66, 0x00, 0x00, 0x00, 0x05, 0x00,
    0x04, 0x00, 0x03, 0x08, 0x00, 0x00, 0x70, 0x61, 0x72, 0x61,
    0x6d, 0x00, 0x00, 0x00, 0x05, 0x00, 0x05, 0x00, 0x06, 0x08,
    0x00, 0x00, 0x6d, 0x69, 0x73, 0x57, 0x65, 0x69, 0x67, 0x68,
    0x74, 0x00, 0x00, 0x00, 0x05, 0x00, 0x04, 0x00, 0x0c, 0x08,
    0x00, 0x00, 0x70, 0x61, 0x72, 0x61, 0x6d, 0x00, 0x00, 0x00,
    0x05, 0x00, 0x04, 0x00, 0x0d, 0x08, 0x00, 0x00, 0x70, 0x61,
    0x72, 0x61, 0x6d, 0x00, 0x00, 0x00, 0x05, 0x00, 0x05, 0x00,
    0x35, 0x08, 0x00, 0x00, 0x6d, 0x61, 0x74, 0x65, 0x72, 0x69,
    0x61, 0x6c, 0x00, 0x00, 0x00, 0x00, 0x05, 0x00, 0x04, 0x00,
    0x36, 0x08, 0x00, 0x00, 0x70, 0x61, 0x72, 0x61, 0x6d, 0x00,
    0x00, 0x00, 0x05, 0x00, 0x04, 0x00, 0x3a, 0x08, 0x00, 0x00,
    0x70, 0x61, 0x72, 0x61, 0x6d, 0x00, 0x00, 0x00, 0x05, 0x00,
    0x04, 0x00, 0x3c, 0x08, 0x00, 0x00, 0x70, 0x61, 0x72, 0x61,
    0x6d, 0x00, 0x00, 0x00, 0x05, 0x00, 0x04, 0x00, 0x3e, 0x08,
    0x00, 0x00, 0x70, 0x61, 0x72, 0x61, 0x6d, 0x00, 0x00, 0x00,
    0x05, 0x00, 0x04, 0x00, 0x40, 0x08, 0x00, 0x00, 0x70, 0x61,
    0x72, 0x61, 0x6d, 0x00, 0x00, 0x00, 0x05, 0x00, 0x03, 0x00,
    0x70, 0x08, 0x00, 0x00, 0x71, 0x00, 0x00, 0x00, 0x05, 0x00,
    0x04, 0x00, 0xa4, 0x08, 0x00, 0x00, 0x63, 0x6f, 0x6f, 0x72,
    0x64, 0x00, 0x00, 0x00, 0x05, 0x00, 0x03, 0x00, 0xb7, 0x08,
    0x00, 0x00, 0x72, 0x61, 0x79, 0x00, 0x05, 0x00, 0x04, 0x00,
    0xc9, 0x08, 0x00, 0x00, 0x70, 0x61, 0x72, 0x61, 0x6d, 0x00,
    0x00, 0x00, 0x05, 0x00, 0x05, 0x00, 0xcd, 0x08, 0x00, 0x00,
    0x61, 0x63, 0x63, 0x75, 0x6d, 0x43, 0x6f, 0x6c, 0x6f, 0x72,
    0x00, 0x00, 0x05, 0x00, 0x04, 0x00, 0xce, 0x08, 0x00, 0x00,
    0x61, 0x6c, 0x62, 0x65, 0x64, 0x6f, 0x00, 0x00, 0x05, 0x00,
    0x04, 0x00, 0xcf, 0x08, 0x00, 0x00, 0x6e, 0x6f, 0x72, 0x6d,
    0x61, 0x6c, 0x00, 0x00, 0x05, 0x00, 0x04, 0x00, 0xd0, 0x08,
    0x00, 0x00, 0x64, 0x65, 0x70, 0x74, 0x68, 0x00, 0x00, 0x00,
    0x05, 0x00, 0x04, 0x00, 0xd1, 0x08, 0x00, 0x00, 0x70, 0x61,
    0x72, 0x61, 0x6d, 0x00, 0x00, 0x00, 0x05, 0x00, 0x04, 0x00,
    0xd3, 0x08, 0x00, 0x00, 0x70, 0x61, 0x72, 0x61, 0x6d, 0x00,
    0x00, 0x00, 0x05, 0x00, 0x04, 0x00, 0xd4, 0x08, 0x00, 0x00,
    0x70, 0x61, 0x72, 0x61, 0x6d, 0x00, 0x00, 0x00, 0x05, 0x00,
    0x04, 0x00, 0xd5, 0x08, 0x00, 0x00, 0x70, 0x61, 0x72, 0x61,
    0x6d, 0x00, 0x00, 0x00, 0x05, 0x00, 0x05, 0x00, 0xe3, 0x08,
    0x00, 0x00, 0x41, 0x6c, 0x62, 0x65, 0x64, 0x6f, 0x49, 0x6d,
    0x61, 0x67, 0x65, 0x00, 0x05, 0x00, 0x05, 0x00, 0xeb, 0x08,
    0x00, 0x00, 0x4e, 0x6f, 0x72, 0x6d, 0x61, 0x6c, 0x49, 0x6d,
    0x61, 0x67, 0x65, 0x00, 0x05, 0x00, 0x04, 0x00, 0xee, 0x08,
    0x00, 0x00, 0x70, 0x61, 0x72, 0x61, 0x6d, 0x00, 0x00, 0x00,
    0x05, 0x00, 0x05, 0x00, 0xf3, 0x08, 0x00, 0x00, 0x44, 0x65,
    0x70, 0x74, 0x68, 0x49, 0x6d, 0x61, 0x67, 0x65, 0x00, 0x00,
    0x05, 0x00, 0x04, 0x00, 0xf6, 0x08, 0x00, 0x00, 0x70, 0x61,
    0x72, 0x61, 0x6d, 0x00, 0x00, 0x00, 0x05, 0x00, 0x06, 0x00,
    0xfd, 0x08, 0x00, 0x00, 0x54, 0x6f, 0x6e, 0x65, 0x4d, 0x61,
    0x70, 0x49, 0x6d, 0x61, 0x67, 0x65, 0x00, 0x00, 0x00, 0x00,
    0x05, 0x00, 0x08, 0x00, 0xfe, 0x08, 0x00, 0x00, 0x45, 0x6e,
    0x76, 0x69, 0x72, 0x6f, 0x6e, 0x6d, 0x65, 0x6e, 0x74, 0x43,
    0x44, 0x46, 0x54, 0x65, 0x78, 0x74, 0x75, 0x72, 0x65, 0x00,
    0x00, 0x00, 0x47, 0x00, 0x04, 0x00, 0x8d, 0x00, 0x00, 0x00,
    0x22, 0x00, 0x00, 0x00, 0x00, 0x00, 0x00, 0x00, 0x47, 0x00,
    0x04, 0x00, 0x8d, 0x00, 0x00, 0x00, 0x21, 0x00, 0x00, 0x00,
    0x00, 0x00, 0x00, 0x00, 0x47, 0x00, 0x04, 0x00, 0x94, 0x00,
    0x00, 0x00, 0x22, 0x00, 0x00, 0x00, 0x00, 0x00, 0x00, 0x00,
    0x47, 0x00, 0x04, 0x00, 0x94, 0x00, 0x00, 0x00, 0x21, 0x00,
    0x00, 0x00, 0x00, 0x00, 0x00, 0x00, 0x47, 0x00, 0x04, 0x00,
    0x9b, 0x00, 0x00, 0x00, 0x0b, 0x00, 0x00, 0x00, 0x1c, 0x00,
    0x00, 0x00, 0x48, 0x00, 0x05, 0x00, 0xa0, 0x00, 0x00, 0x00,
    0x00, 0x00, 0x00, 0x00, 0x23, 0x00, 0x00, 0x00, 0x00, 0x00,
    0x00, 0x00, 0x48, 0x00, 0x05, 0x00, 0xa0, 0x00, 0x00, 0x00,
    0x01, 0x00, 0x00, 0x00, 0x23, 0x00, 0x00, 0x00, 0x08, 0x00,
    0x00, 0x00, 0x48, 0x00, 0x05, 0x00, 0xa0, 0x00, 0x00, 0x00,
    0x02, 0x00, 0x00, 0x00, 0x23, 0x00, 0x00, 0x00, 0x10, 0x00,
    0x00, 0x00, 0x48, 0x00, 0x05, 0x00, 0xa0, 0x00, 0x00, 0x00,
    0x03, 0x00, 0x00, 0x00, 0x23, 0x00, 0x00, 0x00, 0x14, 0x00,
    0x00, 0x00, 0x48, 0x00, 0x05, 0x00, 0xa0, 0x00, 0x00, 0x00,
    0x04, 0x00, 0x00, 0x00, 0x23, 0x00, 0x00, 0x00, 0x18, 0x00,
    0x00, 0x00, 0x47, 0x00, 0x03, 0x00, 0xa0, 0x00, 0x00, 0x00,
    0x02, 0x00, 0x00, 0x00, 0x47, 0x00, 0x04, 0x00, 0xa2, 0x00,
    0x00, 0x00, 0x22, 0x00, 0x00, 0x00, 0x00, 0x00, 0x00, 0x00,
    0x47, 0x00, 0x04, 0x00, 0xa2, 0x00, 0x00, 0x00, 0x21, 0x00,
    0x00, 0x00, 0x02, 0x00, 0x00, 0x00, 0x48, 0x00, 0x05, 0x00,
    0xbc, 0x00, 0x00, 0x00, 0x00, 0x00, 0x00, 0x00, 0x23, 0x00,
    0x00, 0x00, 0x00, 0x00, 0x00, 0x00, 0x48, 0x00, 0x05, 0x00,
    0xbc, 0x00, 0x00, 0x00, 0x01, 0x00, 0x00, 0x00, 0x23, 0x00,
    0x00, 0x00, 0x0c, 0x00, 0x00, 0x00, 0x48, 0x00, 0x05, 0x00,
    0xbc, 0x00, 0x00, 0x00, 0x02, 0x00, 0x00, 0x00, 0x23, 0x00,
    0x00, 0x00, 0x10, 0x00, 0x00, 0x00, 0x48, 0x00, 0x05, 0x00,
    0xbc, 0x00, 0x00, 0x00, 0x03, 0x00, 0x00, 0x00, 0x23, 0x00,
    0x00, 0x00, 0x1c, 0x00, 0x00, 0x00, 0x48, 0x00, 0x05, 0x00,
    0xbc, 0x00, 0x00, 0x00, 0x04, 0x00, 0x00, 0x00, 0x23, 0x00,
    0x00, 0x00, 0x20, 0x00, 0x00, 0x00, 0x48, 0x00, 0x05, 0x00,
    0xbc, 0x00, 0x00, 0x00, 0x05, 0x00, 0x00, 0x00, 0x23, 0x00,
    0x00, 0x00, 0x2c, 0x00, 0x00, 0x00, 0x48, 0x00, 0x05, 0x00,
    0xbc, 0x00, 0x00, 0x00, 0x06, 0x00, 0x00, 0x00, 0x23, 0x00,
    0x00, 0x00, 0x30, 0x00, 0x00, 0x00, 0x48, 0x00, 0x05, 0x00,
    0xbc, 0x00, 0x00, 0x00, 0x07, 0x00, 0x00, 0x00, 0x23, 0x00,
    0x00, 0x00, 0x34, 0x00, 0x00, 0x00, 0x48, 0x00, 0x05, 0x00,
    0xbc, 0x00, 0x00, 0x00, 0x08, 0x00, 0x00, 0x00, 0x23, 0x00,
    0x00, 0x00, 0x38, 0x00, 0x00, 0x00, 0x48, 0x00, 0x05, 0x00,
    0xbc, 0x00, 0x00, 0x00, 0x09, 0x00, 0x00, 0x00, 0x23, 0x00,
    0x00, 0x00, 0x3c, 0x00, 0x00, 0x00, 0x48, 0x00, 0x05, 0x00,
    0xbd, 0x00, 0x00, 0x00, 0x00, 0x00, 0x00, 0x00, 0x23, 0x00,
    0x00, 0x00, 0x00, 0x00, 0x00, 0x00, 0x47, 0x00, 0x03, 0x00,
    0xbd, 0x00, 0x00, 0x00, 0x02, 0x00, 0x00, 0x00, 0x47, 0x00,
    0x04, 0x00, 0xbf, 0x00, 0x00, 0x00, 0x22, 0x00, 0x00, 0x00,
    0x00, 0x00, 0x00, 0x00, 0x47, 0x00, 0x04, 0x00, 0xbf, 0x00,
    0x00, 0x00, 0x21, 0x00, 0x00, 0x00, 0x00, 0x00, 0x00, 0x00,
    0x48, 0x00, 0x04, 0x00, 0xee, 0x00, 0x00, 0x00, 0x00, 0x00,
    0x00, 0x00, 0x05, 0x00, 0x00, 0x00, 0x48, 0x00, 0x05, 0x00,
    0xee, 0x00, 0x00, 0x00, 0x00, 0x00, 0x00, 0x00, 0x23, 0x00,
    0x00, 0x00, 0x00, 0x00, 0x00, 0x00, 0x48, 0x00, 0x05, 0x00,
    0xee, 0x00, 0x00, 0x00, 0x00, 0x00, 0x00, 0x00, 0x07, 0x00,
    0x00, 0x00, 0x10, 0x00, 0x00, 0x00, 0x48, 0x00, 0x05, 0x00,
    0xee, 0x00, 0x00, 0x00, 0x01, 0x00, 0x00, 0x00, 0x23, 0x00,
    0x00, 0x00, 0x30, 0x00, 0x00, 0x00, 0x48, 0x00, 0x05, 0x00,
    0xee, 0x00, 0x00, 0x00, 0x02, 0x00, 0x00, 0x00, 0x23, 0x00,
    0x00, 0x00, 0x34, 0x00, 0x00, 0x00, 0x48, 0x00, 0x05, 0x00,
    0xee, 0x00, 0x00, 0x00, 0x03, 0x00, 0x00, 0x00, 0x23, 0x00,
    0x00, 0x00, 0x38, 0x00, 0x00, 0x00, 0x48, 0x00, 0x05, 0x00,
    0xef, 0x00, 0x00, 0x00, 0x00, 0x00, 0x00, 0x00, 0x23, 0x00,
    0x00, 0x00, 0x00, 0x00, 0x00, 0x00, 0x47, 0x00, 0x03, 0x00,
    0xef, 0x00, 0x00, 0x00, 0x02, 0x00, 0x00, 0x00, 0x47, 0x00,
    0x04, 0x00, 0xf1, 0x00, 0x00, 0x00, 0x22, 0x00, 0x00, 0x00,
    0x00, 0x00, 0x00, 0x00, 0x47, 0x00, 0x04, 0x00, 0xf1, 0x00,
    0x00, 0x00, 0x21, 0x00, 0x00, 0x00, 0x01, 0x00, 0x00, 0x00,
    0x48, 0x00, 0x05, 0x00, 0x34, 0x01, 0x00, 0x00, 0x00, 0x00,
    0x00, 0x00, 0x23, 0x00, 0x00, 0x00, 0x00, 0x00, 0x00, 0x00,
    0x48, 0x00, 0x05, 0x00, 0x34, 0x01, 0x00, 0x00, 0x01, 0x00,
    0x00, 0x00, 0x23, 0x00, 0x00, 0x00, 0x10, 0x00, 0x00, 0x00,
    0x48, 0x00, 0x05, 0x00, 0x34, 0x01, 0x00, 0x00, 0x02, 0x00,
    0x00, 0x00, 0x23, 0x00, 0x00, 0x00, 0x1c, 0x00, 0x00, 0x00,
    0x48, 0x00, 0x05, 0x00, 0x34, 0x01, 0x00, 0x00, 0x03, 0x00,
    0x00, 0x00, 0x23, 0x00, 0x00, 0x00, 0x20, 0x00, 0x00, 0x00,
    0x48, 0x00, 0x05, 0x00, 0x34, 0x01, 0x00, 0x00, 0x04, 0x00,
    0x00, 0x00, 0x23, 0x00, 0x00, 0x00, 0x2c, 0x00, 0x00, 0x00,
    0x48, 0x00, 0x05, 0x00, 0x34, 0x01, 0x00, 0x00, 0x05, 0x00,
    0x00, 0x00, 0x23, 0x00, 0x00, 0x00, 0x30, 0x00, 0x00, 0x00,
    0x48, 0x00, 0x05, 0x00, 0x34, 0x01, 0x00, 0x00, 0x06, 0x00,
    0x00, 0x00, 0x23, 0x00, 0x00, 0x00, 0x34, 0x00, 0x00, 0x00,
    0x48, 0x00, 0x05, 0x00, 0x34, 0x01, 0x00, 0x00, 0x07, 0x00,
    0x00, 0x00, 0x23, 0x00, 0x00, 0x00, 0x38, 0x00, 0x00, 0x00,
    0x48, 0x00, 0x05, 0x00, 0x34, 0x01, 0x00, 0x00, 0x08, 0x00,
    0x00, 0x00, 0x23, 0x00, 0x00, 0x00, 0x3c, 0x00, 0x00, 0x00,
    0x48, 0x00, 0x05, 0x00, 0x34, 0x01, 0x00, 0x00, 0x09, 0x00,
    0x00, 0x00, 0x23, 0x00, 0x00, 0x00, 0x40, 0x00, 0x00, 0x00,
    0x48, 0x00, 0x05, 0x00, 0x34, 0x01, 0x00, 0x00, 0x0a, 0x00,
    0x00, 0x00, 0x23, 0x00, 0x00, 0x00, 0x44, 0x00, 0x00, 0x00,
    0x48, 0x00, 0x05, 0x00, 0x34, 0x01, 0x00, 0x00, 0x0b, 0x00,
    0x00, 0x00, 0x23, 0x00, 0x00, 0x00, 0x48, 0x00, 0x00, 0x00,
    0x48, 0x00, 0x05, 0x00, 0x34, 0x01, 0x00, 0x00, 0x0c, 0x00,
    0x00, 0x00, 0x23, 0x00, 0x00, 0x00, 0x4c, 0x00, 0x00, 0x00,
    0x48, 0x00, 0x05, 0x00, 0x34, 0x01, 0x00, 0x00, 0x0d, 0x00,
    0x00, 0x00, 0x23, 0x00, 0x00, 0x00, 0x50, 0x00, 0x00, 0x00,
    0x48, 0x00, 0x05, 0x00, 0x34, 0x01, 0x00, 0x00, 0x0e, 0x00,
    0x00, 0x00, 0x23, 0x00, 0x00, 0x00, 0x54, 0x00, 0x00, 0x00,
    0x48, 0x00, 0x05, 0x00, 0x34, 0x01, 0x00, 0x00, 0x0f, 0x00,
    0x00, 0x00, 0x23, 0x00, 0x00, 0x00, 0x58, 0x00, 0x00, 0x00,
    0x48, 0x00, 0x05, 0x00, 0x34, 0x01, 0x00, 0x00, 0x10, 0x00,
    0x00, 0x00, 0x23, 0x00, 0x00, 0x00, 0x5c, 0x00, 0x00, 0x00,
    0x47, 0x00, 0x04, 0x00, 0x35, 0x01, 0x00, 0x00, 0x06, 0x00,
    0x00, 0x00, 0x60, 0x00, 0x00, 0x00, 0x48, 0x00, 0x04, 0x00,
    0x36, 0x01, 0x00, 0x00, 0x00, 0x00, 0x00, 0x00, 0x18, 0x00,
    0x00, 0x00, 0x48, 0x00, 0x05, 0x00, 0x36, 0x01, 0x00, 0x00,
    0x00, 0x00, 0x00, 0x00, 0x23, 0x00, 0x00, 0x00, 0x00, 0x00,
    0x00, 0x00, 0x47, 0x00, 0x03, 0x00, 0x36, 0x01, 0x00, 0x00,
    0x03, 0x00, 0x00, 0x00, 0x47, 0x00, 0x04, 0x00, 0x38, 0x01,
    0x00, 0x00, 0x22, 0x00, 0x00, 0x00, 0x00, 0x00, 0x00, 0x00,
    0x47, 0x00, 0x04, 0x00, 0x38, 0x01, 0x00, 0x00, 0x21, 0x00,
    0x00, 0x00, 0x04, 0x00, 0x00, 0x00, 0x47, 0x00, 0x04, 0x00,
    0x76, 0x01, 0x00, 0x00, 0x22, 0x00, 0x00, 0x00, 0x00, 0x00,
    0x00, 0x00, 0x47, 0x00, 0x04, 0x00, 0x76, 0x01, 0x00, 0x00,
    0x21, 0x00, 0x00, 0x00, 0x02, 0x00, 0x00, 0x00, 0x48, 0x00,
    0x05, 0x00, 0x2b, 0x04, 0x00, 0x00, 0x00, 0x00, 0x00, 0x00,
    0x23, 0x00, 0x00, 0x00, 0x00, 0x00, 0x00, 0x00, 0x48, 0x00,
    0x05, 0x00, 0x2b, 0x04, 0x00, 0x00, 0x01, 0x00, 0x00, 0x00,
    0x23, 0x00, 0x00, 0x00, 0x04, 0x00, 0x00, 0x00, 0x48, 0x00,
    0x05, 0x00, 0x2b, 0x04, 0x00, 0x00, 0x02, 0x00, 0x00, 0x00,
    0x23, 0x00, 0x00, 0x00, 0x08, 0x00, 0x00, 0x00, 0x47, 0x00,
    0x04, 0x00, 0x2c, 0x04, 0x00, 0x00, 0x06, 0x00, 0x00, 0x00,
    0x0c, 0x00, 0x00, 0x00, 0x48, 0x00, 0x04, 0x00, 0x2d, 0x04,
    0x00, 0x00, 0x00, 0x00, 0x00, 0x00, 0x18, 0x00, 0x00, 0x00,
    0x48, 0x00, 0x05, 0x00, 0x2d, 0x04, 0x00, 0x00, 0x00, 0x00,
    0x00, 0x00, 0x23, 0x00, 0x00, 0x00, 0x00, 0x00, 0x00, 0x00,
    0x47, 0x00, 0x03, 0x00, 0x2d, 0x04, 0x00, 0x00, 0x03, 0x00,
    0x00, 0x00, 0x47, 0x00, 0x04, 0x00, 0x2f, 0x04, 0x00, 0x00,
    0x22, 0x00, 0x00, 0x00, 0x00, 0x00, 0x00, 0x00, 0x47, 0x00,
    0x04, 0x00, 0x2f, 0x04, 0x00, 0x00, 0x21, 0x00, 0x00, 0x00,
    0x02, 0x00, 0x00, 0x00, 0x48, 0x00, 0x05, 0x00, 0x93, 0x04,
    0x00, 0x00, 0x00, 0x00, 0x00, 0x00, 0x23, 0x00, 0x00, 0x00,
    0x00, 0x00, 0x00, 0x00, 0x48, 0x00, 0x05, 0x00, 0x93, 0x04,
    0x00, 0x00, 0x01, 0x00, 0x00, 0x00, 0x23, 0x00, 0x00, 0x00,
    0x10, 0x00, 0x00, 0x00, 0x48, 0x00, 0x05, 0x00, 0x93, 0x04,
    0x00, 0x00, 0x02, 0x00, 0x00, 0x00, 0x23, 0x00, 0x00, 0x00,
    0x20, 0x00, 0x00, 0x00, 0x48, 0x00, 0x05, 0x00, 0x93, 0x04,
    0x00, 0x00, 0x03, 0x00, 0x00, 0x00, 0x23, 0x00, 0x00, 0x00,
    0x24, 0x00, 0x00, 0x00, 0x48, 0x00, 0x05, 0x00, 0x93, 0x04,
    0x00, 0x00, 0x04, 0x00, 0x00, 0x00, 0x23, 0x00, 0x00, 0x00,
    0x28, 0x00, 0x00, 0x00, 0x48, 0x00, 0x05, 0x00, 0x93, 0x04,
    0x00, 0x00, 0x05, 0x00, 0x00, 0x00, 0x23, 0x00, 0x00, 0x00,
    0x2c, 0x00, 0x00, 0x00, 0x47, 0x00, 0x04, 0x00, 0x94, 0x04,
    0x00, 0x00, 0x06, 0x00, 0x00, 0x00, 0x30, 0x00, 0x00, 0x00,
    0x48, 0x00, 0x04, 0x00, 0x95, 0x04, 0x00, 0x00, 0x00, 0x00,
    0x00, 0x00, 0x18, 0x00, 0x00, 0x00, 0x48, 0x00, 0x05, 0x00,
    0x95, 0x04, 0x00, 0x00, 0x00, 0x00, 0x00, 0x00, 0x23, 0x00,
    0x00, 0x00, 0x00, 0x00, 0x00, 0x00, 0x47, 0x00, 0x03, 0x00,
    0x95, 0x04, 0x00, 0x00, 0x03, 0x00, 0x00, 0x00, 0x47, 0x00,
    0x04, 0x00, 0x97, 0x04, 0x00, 0x00, 0x22, 0x00, 0x00, 0x00,
    0x00, 0x00, 0x00, 0x00, 0x47, 0x00, 0x04, 0x00, 0x97, 0x04,
    0x00, 0x00, 0x21, 0x00, 0x00, 0x00, 0x05, 0x00, 0x00, 0x00,
    0x48, 0x00, 0x05, 0x00, 0xc7, 0x04, 0x00, 0x00, 0x00, 0x00,
    0x00, 0x00, 0x23, 0x00, 0x00, 0x00, 0x00, 0x00, 0x00, 0x00,
    0x48, 0x00, 0x05, 0x00, 0xc7, 0x04, 0x00, 0x00, 0x01, 0x00,
    0x00, 0x00, 0x23, 0x00, 0x00, 0x00, 0x04, 0x00, 0x00, 0x00,
    0x48, 0x00, 0x05, 0x00, 0xc7, 0x04, 0x00, 0x00, 0x02, 0x00,
    0x00, 0x00, 0x23, 0x00, 0x00, 0x00, 0x08, 0x00, 0x00, 0x00,
    0x47, 0x00, 0x04, 0x00, 0xc8, 0x04, 0x00, 0x00, 0x06, 0x00,
    0x00, 0x00, 0x0c, 0x00, 0x00, 0x00, 0x48, 0x00, 0x04, 0x00,
    0xc9, 0x04, 0x00, 0x00, 0x00, 0x00, 0x00, 0x00, 0x18, 0x00,
    0x00, 0x00, 0x48, 0x00, 0x05, 0x00, 0xc9, 0x04, 0x00, 0x00,
    0x00, 0x00, 0x00, 0x00, 0x23, 0x00, 0x00, 0x00, 0x00, 0x00,
    0x00, 0x00, 0x47, 0x00, 0x03, 0x00, 0xc9, 0x04, 0x00, 0x00,
    0x03, 0x00, 0x00, 0x00, 0x47, 0x00, 0x04, 0x00, 0xcb, 0x04,
    0x00, 0x00, 0x22, 0x00, 0x00, 0x00, 0x00, 0x00, 0x00, 0x00,
    0x47, 0x00, 0x04, 0x00, 0xcb, 0x04, 0x00, 0x00, 0x21, 0x00,
    0x00, 0x00, 0x01, 0x00, 0x00, 0x00, 0x48, 0x00, 0x05, 0x00,
    0xda, 0x04, 0x00, 0x00, 0x00, 0x00, 0x00, 0x00, 0x23, 0x00,
    0x00, 0x00, 0x00, 0x00, 0x00, 0x00, 0x48, 0x00, 0x05, 0x00,
    0xda, 0x04, 0x00, 0x00, 0x01, 0x00, 0x00, 0x00, 0x23, 0x00,
    0x00, 0x00, 0x10, 0x00, 0x00, 0x00, 0x47, 0x00, 0x04, 0x00,
    0xdb, 0x04, 0x00, 0x00, 0x06, 0x00, 0x00, 0x00, 0x20, 0x00,
    0x00, 0x00, 0x48, 0x00, 0x04, 0x00, 0xdc, 0x04, 0x00, 0x00,
    0x00, 0x00, 0x00, 0x00, 0x18, 0x00, 0x00, 0x00, 0x48, 0x00,
    0x05, 0x00, 0xdc, 0x04, 0x00, 0x00, 0x00, 0x00, 0x00, 0x00,
    0x23, 0x00, 0x00, 0x00, 0x00, 0x00, 0x00, 0x00, 0x47, 0x00,
    0x03, 0x00, 0xdc, 0x04, 0x00, 0x00, 0x03, 0x00, 0x00, 0x00,
    0x47, 0x00, 0x04, 0x00, 0xde, 0x04, 0x00, 0x00, 0x22, 0x00,
    0x00, 0x00, 0x00, 0x00, 0x00, 0x00, 0x47, 0x00, 0x04, 0x00,
    0xde, 0x04, 0x00, 0x00, 0x21, 0x00, 0x00, 0x00, 0x00, 0x00,
    0x00, 0x00, 0x47, 0x00, 0x04, 0x00, 0xfc, 0x05, 0x00, 0x00,
    0x06, 0x00, 0x00, 0x00, 0x30, 0x00, 0x00, 0x00, 0x48, 0x00,
    0x04, 0x00, 0xfd, 0x05, 0x00, 0x00, 0x00, 0x00, 0x00, 0x00,
    0x18, 0x00, 0x00, 0x00, 0x48, 0x00, 0x05, 0x00, 0xfd, 0x05,
    0x00, 0x00, 0x00, 0x00, 0x00, 0x00, 0x23, 0x00, 0x00, 0x00,
    0x00, 0x00, 0x00, 0x00, 0x47, 0x00, 0x03, 0x00, 0xfd, 0x05,
    0x00, 0x00, 0x03, 0x00, 0x00, 0x00, 0x47, 0x00, 0x04, 0x00,
    0xff, 0x05, 0x00, 0x00, 0x22, 0x00, 0x00, 0x00, 0x00, 0x00,
    0x00, 0x00, 0x47, 0x00, 0x04, 0x00, 0xff, 0x05, 0x00, 0x00,
    0x21, 0x00, 0x00, 0x00, 0x06, 0x00, 0x00, 0x00, 0x48, 0x00,
    0x04, 0x00, 0x2c, 0x06, 0x00, 0x00, 0x00, 0x00, 0x00, 0x00,
    0x05, 0x00, 0x00, 0x00, 0x48, 0x00, 0x05, 0x00, 0x2c, 0x06,
    0x00, 0x00, 0x00, 0x00, 0x00, 0x00, 0x23, 0x00, 0x00, 0x00,
    0x00, 0x00, 0x00, 0x00, 0x48, 0x00, 0x05, 0x00, 0x2c, 0x06,
    0x00, 0x00, 0x00, 0x00, 0x00, 0x00, 0x07, 0x00, 0x00, 0x00,
    0x10, 0x00, 0x00, 0x00, 0x48, 0x00, 0x04, 0x00, 0x2c, 0x06,
    0x00, 0x00, 0x01, 0x00, 0x00, 0x00, 0x05, 0x00, 0x00, 0x00,
    0x48, 0x00, 0x05, 0x00, 0x2c, 0x06, 0x00, 0x00, 0x01, 0x00,
    0x00, 0x00, 0x23, 0x00, 0x00, 0x00, 0x40, 0x00, 0x00, 0x00,
    0x48, 0x00, 0x05, 0x00, 0x2c, 0x06, 0x00, 0x00, 0x01, 0x00,
    0x00, 0x00, 0x07, 0x00, 0x00, 0x00, 0x10, 0x00, 0x00, 0x00,
    0x48, 0x00, 0x05, 0x00, 0x2c, 0x06, 0x00, 0x00, 0x02, 0x00,
    0x00, 0x00, 0x23, 0x00, 0x00, 0x00, 0x80, 0x00, 0x00, 0x00,
    0x48, 0x00, 0x05, 0x00, 0x2c, 0x06, 0x00, 0x00, 0x03, 0x00,
    0x00, 0x00, 0x23, 0x00, 0x00, 0x00, 0x84, 0x00, 0x00, 0x00,
    0x48, 0x00, 0x05, 0x00, 0x2c, 0x06, 0x00, 0x00, 0x04, 0x00,
    0x00, 0x00, 0x23, 0x00, 0x00, 0x00, 0x88, 0x00, 0x00, 0x00,
    0x48, 0x00, 0x05, 0x00, 0x2c, 0x06, 0x00, 0x00, 0x05, 0x00,
    0x00, 0x00, 0x23, 0x00, 0x00, 0x00, 0x8c, 0x00, 0x00, 0x00,
    0x47, 0x00, 0x04, 0x00, 0x2d, 0x06, 0x00, 0x00, 0x06, 0x00,
    0x00, 0x00, 0x90, 0x00, 0x00, 0x00, 0x48, 0x00, 0x04, 0x00,
    0x2e, 0x06, 0x00, 0x00, 0x00, 0x00, 0x00, 0x00, 0x18, 0x00,
    0x00, 0x00, 0x48, 0x00, 0x05, 0x00, 0x2e, 0x06, 0x00, 0x00,
    0x00, 0x00, 0x00, 0x00, 0x23, 0x00, 0x00, 0x00, 0x00, 0x00,
    0x00, 0x00, 0x47, 0x00, 0x03, 0x00, 0x2e, 0x06, 0x00, 0x00,
    0x03, 0x00, 0x00, 0x00, 0x47, 0x00, 0x04, 0x00, 0x30, 0x06,
    0x00, 0x00, 0x22, 0x00, 0x00, 0x00, 0x00, 0x00, 0x00, 0x00,
    0x47, 0x00, 0x04, 0x00, 0x30, 0x06, 0x00, 0x00, 0x21, 0x00,
    0x00, 0x00, 0x03, 0x00, 0x00, 0x00, 0x47, 0x00, 0x04, 0x00,
    0xe3, 0x08, 0x00, 0x00, 0x22, 0x00, 0x00, 0x00, 0x00, 0x00,
    0x00, 0x00, 0x47, 0x00, 0x04, 0x00, 0xe3, 0x08, 0x00, 0x00,
    0x21, 0x00, 0x00, 0x00, 0x01, 0x00, 0x00, 0x00, 0x47, 0x00,
    0x03, 0x00, 0xe3, 0x08, 0x00, 0x00, 0x19, 0x00, 0x00, 0x00,
    0x47, 0x00, 0x04, 0x00, 0xeb, 0x08, 0x00, 0x00, 0x22, 0x00,
    0x00, 0x00, 0x00, 0x00, 0x00, 0x00, 0x47, 0x00, 0x04, 0x00,
    0xeb, 0x08, 0x00, 0x00, 0x21, 0x00, 0x00, 0x00, 0x02, 0x00,
    0x00, 0x00, 0x47, 0x00, 0x03, 0x00, 0xeb, 0x08, 0x00, 0x00,
    0x19, 0x00, 0x00, 0x00, 0x47, 0x00, 0x04, 0x00, 0xf3, 0x08,
    0x00, 0x00, 0x22, 0x00, 0x00, 0x00, 0x00, 0x00, 0x00, 0x00,
    0x47, 0x00, 0x04, 0x00, 0xf3, 0x08, 0x00, 0x00, 0x21, 0x00,
    0x00, 0x00, 0x03, 0x00, 0x00, 0x00, 0x47, 0x00, 0x03, 0x00,
    0xf3, 0x08, 0x00, 0x00, 0x19, 0x00, 0x00, 0x00, 0x47, 0x00,
    0x04, 0x00, 0xfc, 0x08, 0x00, 0x00, 0x0b, 0x00, 0x00, 0x00,
    0x19, 0x00, 0x00, 0x00, 0x47, 0x00, 0x04, 0x00, 0xfd, 0x08,
    0x00, 0x00, 0x22, 0x00, 0x00, 0x00, 0x00, 0x00, 0x00, 0x00,
    0x47, 0x00, 0x04, 0x00, 0xfd, 0x08, 0x00, 0x00, 0x21, 0x00,
    0x00, 0x00, 0x04, 0x00, 0x00, 0x00, 0x47, 0x00, 0x03, 0x00,
    0xfd, 0x08, 0x00, 0x00, 0x19, 0x00, 0x00, 0x00, 0x47, 0x00,
    0x04, 0x00, 0xfe, 0x08, 0x00, 0x00, 0x22, 0x00, 0x00, 0x00,
    0x00, 0x00, 0x00, 0x00, 0x47, 0x00, 0x04, 0x00, 0xfe, 0x08,
    0x00, 0x00, 0x21, 0x00, 0x00, 0x00, 0x01, 0x00, 0x00, 0x00,
    0x13, 0x00, 0x02, 0x00, 0x02, 0x00, 0x00, 0x00, 0x21, 0x00,
    0x03, 0x00, 0x03, 0x00, 0x00, 0x00, 0x02, 0x00, 0x00, 0x00,
    0x16, 0x00, 0x03, 0x00, 0x06, 0x00, 0x00, 0x00, 0x20, 0x00,
    0x00, 0x00, 0x17, 0x00, 0x04, 0x00, 0x07, 0x00, 0x00, 0x00,
    0x06, 0x00, 0x00, 0x00, 0x03, 0x00, 0x00, 0x00, 0x20, 0x00,
    0x04, 0x00, 0x08, 0x00, 0x00, 0x00, 0x07, 0x00, 0x00, 0x00,
    0x07, 0x00, 0x00, 0x00, 0x21, 0x00, 0x04, 0x00, 0x09, 0x00,
    0x00, 0x00, 0x06, 0x00, 0x00, 0x00, 0x08, 0x00, 0x00, 0x00,
    0x1e, 0x00, 0x05, 0x00, 0x0d, 0x00, 0x00, 0x00, 0x07, 0x00,
    0x00, 0x00, 0x07, 0x00, 0x00, 0x00, 0x07, 0x00, 0x00, 0x00,
    0x20, 0x00, 0x04, 0x00, 0x0e, 0x00, 0x00, 0x00, 0x07, 0x00,
    0x00, 0x00, 0x0d, 0x00, 0x00, 0x00, 0x17, 0x00, 0x04, 0x00,
    0x0f, 0x00, 0x00, 0x00, 0x06, 0x00, 0x00, 0x00, 0x04, 0x00,
    0x00, 0x00, 0x21, 0x00, 0x04, 0x00, 0x10, 0x00, 0x00, 0x00,
    0x0f, 0x00, 0x00, 0x00, 0x0e, 0x00, 0x00, 0x00, 0x17, 0x00,
    0x04, 0x00, 0x14, 0x00, 0x00, 0x00, 0x06, 0x00, 0x00, 0x00,
    0x02, 0x00, 0x00, 0x00, 0x15, 0x00, 0x04, 0x00, 0x15, 0x00,
    0x00, 0x00, 0x20, 0x00, 0x00, 0x00, 0x01, 0x00, 0x00, 0x00,
    0x14, 0x00, 0x02, 0x00, 0x16, 0x00, 0x00, 0x00, 0x1e, 0x00,
    0x0a, 0x00, 0x17, 0x00, 0x00, 0x00, 0x06, 0x00, 0x00, 0x00,
    0x07, 0x00, 0x00, 0x00, 0x14, 0x00, 0x00, 0x00, 0x07, 0x00,
    0x00, 0x00, 0x07, 0x00, 0x00, 0x00, 0x07, 0x00, 0x00, 0x00,
    0x15, 0x00, 0x00, 0x00, 0x16, 0x00, 0x00, 0x00, 0x20, 0x00,
    0x04, 0x00, 0x18, 0x00, 0x00, 0x00, 0x07, 0x00, 0x00, 0x00,
    0x17, 0x00, 0x00, 0x00, 0x15, 0x00, 0x04, 0x00, 0x19, 0x00,
    0x00, 0x00, 0x20, 0x00, 0x00, 0x00, 0x00, 0x00, 0x00, 0x00,
    0x1e, 0x00, 0x13, 0x00, 0x1a, 0x00, 0x00, 0x00, 0x0f, 0x00,
    0x00, 0x00, 0x07, 0x00, 0x00, 0x00, 0x06, 0x00, 0x00, 0x00,
    0x07, 0x00, 0x00, 0x00, 0x06, 0x00, 0x00, 0x00, 0x06, 0x00,
    0x00, 0x00, 0x06, 0x00, 0x00, 0x00, 0x06, 0x00, 0x00, 0x00,
    0x06, 0x00, 0x00, 0x00, 0x15, 0x00, 0x00, 0x00, 0x15, 0x00,
    0x00, 0x00, 0x15, 0x00, 0x00, 0x00, 0x15, 0x00, 0x00, 0x00,
    0x15, 0x00, 0x00, 0x00, 0x19, 0x00, 0x00, 0x00, 0x06, 0x00,
    0x00, 0x00, 0x15, 0x00, 0x00, 0x00, 0x21, 0x00, 0x04, 0x00,
    0x1b, 0x00, 0x00, 0x00, 0x1a, 0x00, 0x00, 0x00, 0x18, 0x00,
    0x00, 0x00, 0x21, 0x00, 0x03, 0x00, 0x1f, 0x00, 0x00, 0x00,
    0x06, 0x00, 0x00, 0x00, 0x21, 0x00, 0x03, 0x00, 0x24, 0x00,
    0x00, 0x00, 0x14, 0x00, 0x00, 0x00, 0x21, 0x00, 0x03, 0x00,
    0x27, 0x00, 0x00, 0x00, 0x07, 0x00, 0x00, 0x00, 0x20, 0x00,
    0x04, 0x00, 0x2a, 0x00, 0x00, 0x00, 0x07, 0x00, 0x00, 0x00,
    0x06, 0x00, 0x00, 0x00, 0x21, 0x00, 0x06, 0x00, 0x2b, 0x00,
    0x00, 0x00, 0x07, 0x00, 0x00, 0x00, 0x08, 0x00, 0x00, 0x00,
    0x08, 0x00, 0x00, 0x00, 0x2a, 0x00, 0x00, 0x00, 0x18, 0x00,
    0x04, 0x00, 0x31, 0x00, 0x00, 0x00, 0x0f, 0x00, 0x00, 0x00,
    0x04, 0x00, 0x00, 0x00, 0x20, 0x00, 0x04, 0x00, 0x32, 0x00,
    0x00, 0x00, 0x07, 0x00, 0x00, 0x00, 0x31, 0x00, 0x00, 0x00,
    0x20, 0x00, 0x04, 0x00, 0x33, 0x00, 0x00, 0x00, 0x07, 0x00,
    0x00, 0x00, 0x16, 0x00, 0x00, 0x00, 0x21, 0x00, 0x06, 0x00,
    0x34, 0x00, 0x00, 0x00, 0x07, 0x00, 0x00, 0x00, 0x08, 0x00,
    0x00, 0x00, 0x32, 0x00, 0x00, 0x00, 0x33, 0x00, 0x00, 0x00,
    0x21, 0x00, 0x04, 0x00, 0x3a, 0x00, 0x00, 0x00, 0x02, 0x00,
    0x00, 0x00, 0x0e, 0x00, 0x00, 0x00, 0x21, 0x00, 0x04, 0x00,
    0x3e, 0x00, 0x00, 0x00, 0x0f, 0x00, 0x00, 0x00, 0x08, 0x00,
    0x00, 0x00, 0x21, 0x00, 0x04, 0x00, 0x42, 0x00, 0x00, 0x00,
    0x0f, 0x00, 0x00, 0x00, 0x2a, 0x00, 0x00, 0x00, 0x1e, 0x00,
    0x04, 0x00, 0x46, 0x00, 0x00, 0x00, 0x0f, 0x00, 0x00, 0x00,
    0x0f, 0x00, 0x00, 0x00, 0x20, 0x00, 0x04, 0x00, 0x47, 0x00,
    0x00, 0x00, 0x07, 0x00, 0x00, 0x00, 0x46, 0x00, 0x00, 0x00,
    0x20, 0x00, 0x04, 0x00, 0x48, 0x00, 0x00, 0x00, 0x07, 0x00,
    0x00, 0x00, 0x15, 0x00, 0x00, 0x00, 0x21, 0x00, 0x0b, 0x00,
    0x49, 0x00, 0x00, 0x00, 0x16, 0x00, 0x00, 0x00, 0x0e, 0x00,
    0x00, 0x00, 0x47, 0x00, 0x00, 0x00, 0x47, 0x00, 0x00, 0x00,
    0x47, 0x00, 0x00, 0x00, 0x48, 0x00, 0x00, 0x00, 0x2a, 0x00,
    0x00, 0x00, 0x2a, 0x00, 0x00, 0x00, 0x18, 0x00, 0x00, 0x00,
    0x21, 0x00, 0x08, 0x00, 0x54, 0x00, 0x00, 0x00, 0x16, 0x00,
    0x00, 0x00, 0x0e, 0x00, 0x00, 0x00, 0x08, 0x00, 0x00, 0x00,
    0x08, 0x00, 0x00, 0x00, 0x2a, 0x00, 0x00, 0x00, 0x2a, 0x00,
    0x00, 0x00, 0x1e, 0x00, 0x08, 0x00, 0x5c, 0x00, 0x00, 0x00,
    0x31, 0x00, 0x00, 0x00, 0x31, 0x00, 0x00, 0x00, 0x15, 0x00,
    0x00, 0x00, 0x15, 0x00, 0x00, 0x00, 0x15, 0x00, 0x00, 0x00,
    0x15, 0x00, 0x00, 0x00, 0x20, 0x00, 0x04, 0x00, 0x5d, 0x00,
    0x00, 0x00, 0x07, 0x00, 0x00, 0x00, 0x5c, 0x00, 0x00, 0x00,
    0x21, 0x00, 0x08, 0x00, 0x5e, 0x00, 0x00, 0x00, 0x16, 0x00,
    0x00, 0x00, 0x0e, 0x00, 0x00, 0x00, 0x5d, 0x00, 0x00, 0x00,
    0x2a, 0x00, 0x00, 0x00, 0x2a, 0x00, 0x00, 0x00, 0x18, 0x00,
    0x00, 0x00, 0x21, 0x00, 0x07, 0x00, 0x66, 0x00, 0x00, 0x00,
    0x16, 0x00, 0x00, 0x00, 0x0e, 0x00, 0x00, 0x00, 0x2a, 0x00,
    0x00, 0x00, 0x2a, 0x00, 0x00, 0x00, 0x18, 0x00, 0x00, 0x00,
    0x21, 0x00, 0x05, 0x00, 0x6d, 0x00, 0x00, 0x00, 0x06, 0x00,
    0x00, 0x00, 0x2a, 0x00, 0x00, 0x00, 0x2a, 0x00, 0x00, 0x00,
    0x20, 0x00, 0x04, 0x00, 0x72, 0x00, 0x00, 0x00, 0x07, 0x00,
    0x00, 0x00, 0x1a, 0x00, 0x00, 0x00, 0x21, 0x00, 0x04, 0x00,
    0x73, 0x00, 0x00, 0x00, 0x16, 0x00, 0x00, 0x00, 0x72, 0x00,
    0x00, 0x00, 0x21, 0x00, 0x07, 0x00, 0x77, 0x00, 0x00, 0x00,
    0x16, 0x00, 0x00, 0x00, 0x0e, 0x00, 0x00, 0x00, 0x08, 0x00,
    0x00, 0x00, 0x08, 0x00, 0x00, 0x00, 0x18, 0x00, 0x00, 0x00,
    0x21, 0x00, 0x07, 0x00, 0x7e, 0x00, 0x00, 0x00, 0x0f, 0x00,
    0x00, 0x00, 0x0e, 0x00, 0x00, 0x00, 0x08, 0x00, 0x00, 0x00,
    0x08, 0x00, 0x00, 0x00, 0x2a, 0x00, 0x00, 0x00, 0x20, 0x00,
    0x04, 0x00, 0x85, 0x00, 0x00, 0x00, 0x06, 0x00, 0x00, 0x00,
    0x15, 0x00, 0x00, 0x00, 0x3b, 0x00, 0x04, 0x00, 0x85, 0x00,
    0x00, 0x00, 0x86, 0x00, 0x00, 0x00, 0x06, 0x00, 0x00, 0x00,
    0x2b, 0x00, 0x04, 0x00, 0x15, 0x00, 0x00, 0x00, 0x87, 0x00,
    0x00, 0x00, 0x00, 0x00, 0x00, 0x00, 0x17, 0x00, 0x04, 0x00,
    0x88, 0x00, 0x00, 0x00, 0x15, 0x00, 0x00, 0x00, 0x02, 0x00,
    0x00, 0x00, 0x20, 0x00, 0x04, 0x00, 0x89, 0x00, 0x00, 0x00,
    0x06, 0x00, 0x00, 0x00, 0x88, 0x00, 0x00, 0x00, 0x3b, 0x00,
    0x04, 0x00, 0x89, 0x00, 0x00, 0x00, 0x8a, 0x00, 0x00, 0x00,
    0x06, 0x00, 0x00, 0x00, 0x19, 0x00, 0x09, 0x00, 0x8b, 0x00,
    0x00, 0x00, 0x06, 0x00, 0x00, 0x00, 0x01, 0x00, 0x00, 0x00,
    0x00, 0x00, 0x00, 0x00, 0x00, 0x00, 0x00, 0x00, 0x00, 0x00,
    0x00, 0x00, 0x02, 0x00, 0x00, 0x00, 0x01, 0x00, 0x00, 0x00,
    0x20, 0x00, 0x04, 0x00, 0x8c, 0x00, 0x00, 0x00, 0x00, 0x00,
    0x00, 0x00, 0x8b, 0x00, 0x00, 0x00, 0x3b, 0x00, 0x04, 0x00,
    0x8c, 0x00, 0x00, 0x00, 0x8d, 0x00, 0x00, 0x00, 0x00, 0x00,
    0x00, 0x00, 0x3b, 0x00, 0x04, 0x00, 0x89, 0x00, 0x00, 0x00,
    0x90, 0x00, 0x00, 0x00, 0x06, 0x00, 0x00, 0x00, 0x19, 0x00,
    0x09, 0x00, 0x91, 0x00, 0x00, 0x00, 0x06, 0x00, 0x00, 0x00,
    0x01, 0x00, 0x00, 0x00, 0x00, 0x00, 0x00, 0x00, 0x00, 0x00,
    0x00, 0x00, 0x00, 0x00, 0x00, 0x00, 0x01, 0x00, 0x00, 0x00,
    0x00, 0x00, 0x00, 0x00, 0x1b, 0x00, 0x03, 0x00, 0x92, 0x00,
    0x00, 0x00, 0x91, 0x00, 0x00, 0x00, 0x20, 0x00, 0x04, 0x00,
    0x93, 0x00, 0x00, 0x00, 0x00, 0x00, 0x00, 0x00, 0x92, 0x00,
    0x00, 0x00, 0x3b, 0x00, 0x04, 0x00, 0x93, 0x00, 0x00, 0x00,
    0x94, 0x00, 0x00, 0x00, 0x00, 0x00, 0x00, 0x00, 0x3b, 0x00,
    0x04, 0x00, 0x89, 0x00, 0x00, 0x00, 0x98, 0x00, 0x00, 0x00,
    0x06, 0x00, 0x00, 0x00, 0x17, 0x00, 0x04, 0x00, 0x99, 0x00,
    0x00, 0x00, 0x19, 0x00, 0x00, 0x00, 0x03, 0x00, 0x00, 0x00,
    0x20, 0x00, 0x04, 0x00, 0x9a, 0x00, 0x00, 0x00, 0x01, 0x00,
    0x00, 0x00, 0x99, 0x00, 0x00, 0x00, 0x3b, 0x00, 0x04, 0x00,
    0x9a, 0x00, 0x00, 0x00, 0x9b, 0x00, 0x00, 0x00, 0x01, 0x00,
    0x00, 0x00, 0x17, 0x00, 0x04, 0x00, 0x9c, 0x00, 0x00, 0x00,
    0x19, 0x00, 0x00, 0x00, 0x02, 0x00, 0x00, 0x00, 0x1e, 0x00,
    0x07, 0x00, 0xa0, 0x00, 0x00, 0x00, 0x88, 0x00, 0x00, 0x00,
    0x88, 0x00, 0x00, 0x00, 0x19, 0x00, 0x00, 0x00, 0x19, 0x00,
    0x00, 0x00, 0x19, 0x00, 0x00, 0x00, 0x20, 0x00, 0x04, 0x00,
    0xa1, 0x00, 0x00, 0x00, 0x02, 0x00, 0x00, 0x00, 0xa0, 0x00,
    0x00, 0x00, 0x3b, 0x00, 0x04, 0x00, 0xa1, 0x00, 0x00, 0x00,
    0xa2, 0x00, 0x00, 0x00, 0x02, 0x00, 0x00, 0x00, 0x20, 0x00,
    0x04, 0x00, 0xa3, 0x00, 0x00, 0x00, 0x02, 0x00, 0x00, 0x00,
    0x88, 0x00, 0x00, 0x00, 0x20, 0x00, 0x04, 0x00, 0xa7, 0x00,
    0x00, 0x00, 0x06, 0x00, 0x00, 0x00, 0x14, 0x00, 0x00, 0x00,
    0x3b, 0x00, 0x04, 0x00, 0xa7, 0x00, 0x00, 0x00, 0xa8, 0x00,
    0x00, 0x00, 0x06, 0x00, 0x00, 0x00, 0x2b, 0x00, 0x04, 0x00,
    0x19, 0x00, 0x00, 0x00, 0xa9, 0x00, 0x00, 0x00, 0x00, 0x00,
    0x00, 0x00, 0x2b, 0x00, 0x04, 0x00, 0x19, 0x00, 0x00, 0x00,
    0xad, 0x00, 0x00, 0x00, 0x01, 0x00, 0x00, 0x00, 0x2b, 0x00,
    0x04, 0x00, 0x15, 0x00, 0x00, 0x00, 0xb0, 0x00, 0x00, 0x00,
    0x01, 0x00, 0x00, 0x00, 0x20, 0x00, 0x04, 0x00, 0xba, 0x00,
    0x00, 0x00, 0x06, 0x00, 0x00, 0x00, 0x07, 0x00, 0x00, 0x00,
    0x3b, 0x00, 0x04, 0x00, 0xba, 0x00, 0x00, 0x00, 0xbb, 0x00,
    0x00, 0x00, 0x06, 0x00, 0x00, 0x00, 0x1e, 0x00, 0x0c, 0x00,
    0xbc, 0x00, 0x00, 0x00, 0x07, 0x00, 0x00, 0x00, 0x06, 0x00,
    0x00, 0x00, 0x07, 0x00, 0x00, 0x00, 0x06, 0x00, 0x00, 0x00,
    0x07, 0x00, 0x00, 0x00, 0x06, 0x00, 0x00, 0x00, 0x06, 0x00,
    0x00, 0x00, 0x06, 0x00, 0x00, 0x00, 0x06, 0x00, 0x00, 0x00,
    0x15, 0x00, 0x00, 0x00, 0x1e, 0x00, 0x03, 0x00, 0xbd, 0x00,
    0x00, 0x00, 0xbc, 0x00, 0x00, 0x00, 0x20, 0x00, 0x04, 0x00,
    0xbe, 0x00, 0x00, 0x00, 0x02, 0x00, 0x00, 0x00, 0xbd, 0x00,
    0x00, 0x00, 0x3b, 0x00, 0x04, 0x00, 0xbe, 0x00, 0x00, 0x00,
    0xbf, 0x00, 0x00, 0x00, 0x02, 0x00, 0x00, 0x00, 0x2b, 0x00,
    0x04, 0x00, 0x15, 0x00, 0x00, 0x00, 0xc0, 0x00, 0x00, 0x00,
    0x02, 0x00, 0x00, 0x00, 0x20, 0x00, 0x04, 0x00, 0xc1, 0x00,
    0x00, 0x00, 0x02, 0x00, 0x00, 0x00, 0x07, 0x00, 0x00, 0x00,
    0x2b, 0x00, 0x04, 0x00, 0x15, 0x00, 0x00, 0x00, 0xc4, 0x00,
    0x00, 0x00, 0x04, 0x00, 0x00, 0x00, 0x17, 0x00, 0x04, 0x00,
    0xc8, 0x00, 0x00, 0x00, 0x19, 0x00, 0x00, 0x00, 0x04, 0x00,
    0x00, 0x00, 0x20, 0x00, 0x04, 0x00, 0xc9, 0x00, 0x00, 0x00,
    0x06, 0x00, 0x00, 0x00, 0xc8, 0x00, 0x00, 0x00, 0x3b, 0x00,
    0x04, 0x00, 0xc9, 0x00, 0x00, 0x00, 0xca, 0x00, 0x00, 0x00,
    0x06, 0x00, 0x00, 0x00, 0x20, 0x00, 0x04, 0x00, 0xd1, 0x00,
    0x00, 0x00, 0x02, 0x00, 0x00, 0x00, 0x19, 0x00, 0x00, 0x00,
    0x2b, 0x00, 0x04, 0x00, 0x06, 0x00, 0x00, 0x00, 0xdb, 0x00,
    0x00, 0x00, 0x6d, 0xc6, 0x59, 0x3e, 0x2b, 0x00, 0x04, 0x00,
    0x06, 0x00, 0x00, 0x00, 0xdf, 0x00, 0x00, 0x00, 0xba, 0x14,
    0x37, 0x3f, 0x2b, 0x00, 0x04, 0x00, 0x06, 0x00, 0x00, 0x00,
    0xe4, 0x00, 0x00, 0x00, 0x57, 0xcd, 0x93, 0x3d, 0x2b, 0x00,
    0x04, 0x00, 0x19, 0x00, 0x00, 0x00, 0xe5, 0x00, 0x00, 0x00,
    0x02, 0x00, 0x00, 0x00, 0x18, 0x00, 0x04, 0x00, 0xed, 0x00,
    0x00, 0x00, 0x07, 0x00, 0x00, 0x00, 0x03, 0x00, 0x00, 0x00,
    0x1e, 0x00, 0x06, 0x00, 0xee, 0x00, 0x00, 0x00, 0xed, 0x00,
    0x00, 0x00, 0x19, 0x00, 0x00, 0x00, 0x06, 0x00, 0x00, 0x00,
    0x06, 0x00, 0x00, 0x00, 0x1e, 0x00, 0x03, 0x00, 0xef, 0x00,
    0x00, 0x00, 0xee, 0x00, 0x00, 0x00, 0x20, 0x00, 0x04, 0x00,
    0xf0, 0x00, 0x00, 0x00, 0x02, 0x00, 0x00, 0x00, 0xef, 0x00,
    0x00, 0x00, 0x3b, 0x00, 0x04, 0x00, 0xf0, 0x00, 0x00, 0x00,
    0xf1, 0x00, 0x00, 0x00, 0x02, 0x00, 0x00, 0x00, 0x20, 0x00,
    0x04, 0x00, 0xf2, 0x00, 0x00, 0x00, 0x02, 0x00, 0x00, 0x00,
    0xed, 0x00, 0x00, 0x00, 0x2b, 0x00, 0x04, 0x00, 0x06, 0x00,
    0x00, 0x00, 0xfe, 0x00, 0x00, 0x00, 0x83, 0xf9, 0xa2, 0x3e,
    0x2b, 0x00, 0x04, 0x00, 0x06, 0x00, 0x00, 0x00, 0x06, 0x01,
    0x00, 0x00, 0x83, 0xf9, 0x22, 0x3e, 0x2b, 0x00, 0x04, 0x00,
    0x06, 0x00, 0x00, 0x00, 0x08, 0x01, 0x00, 0x00, 0x00, 0x00,
    0x00, 0x3f, 0x2b, 0x00, 0x04, 0x00, 0x06, 0x00, 0x00, 0x00,
    0x0f, 0x01, 0x00, 0x00, 0x00, 0x00, 0x00, 0x00, 0x20, 0x00,
    0x04, 0x00, 0x12, 0x01, 0x00, 0x00, 0x02, 0x00, 0x00, 0x00,
    0x06, 0x00, 0x00, 0x00, 0x2b, 0x00, 0x04, 0x00, 0x15, 0x00,
    0x00, 0x00, 0x1a, 0x01, 0x00, 0x00, 0x03, 0x00, 0x00, 0x00,
    0x1e, 0x00, 0x13, 0x00, 0x34, 0x01, 0x00, 0x00, 0x0f, 0x00,
    0x00, 0x00, 0x07, 0x00, 0x00, 0x00, 0x06, 0x00, 0x00, 0x00,
    0x07, 0x00, 0x00, 0x00, 0x06, 0x00, 0x00, 0x00, 0x06, 0x00,
    0x00, 0x00, 0x06, 0x00, 0x00, 0x00, 0x06, 0x00, 0x00, 0x00,
    0x06, 0x00, 0x00, 0x00, 0x15, 0x00, 0x00, 0x00, 0x15, 0x00,
    0x00, 0x00, 0x15, 0x00, 0x00, 0x00, 0x15, 0x00, 0x00, 0x00,
    0x15, 0x00, 0x00, 0x00, 0x19, 0x00, 0x00, 0x00, 0x06, 0x00,
    0x00, 0x00, 0x15, 0x00, 0x00, 0x00, 0x1d, 0x00, 0x03, 0x00,
    0x35, 0x01, 0x00, 0x00, 0x34, 0x01, 0x00, 0x00, 0x1e, 0x00,
    0x03, 0x00, 0x36, 0x01, 0x00, 0x00, 0x35, 0x01, 0x00, 0x00,
    0x20, 0x00, 0x04, 0x00, 0x37, 0x01, 0x00, 0x00, 0x02, 0x00,
    0x00, 0x00, 0x36, 0x01, 0x00, 0x00, 0x3b, 0x00, 0x04, 0x00,
    0x37, 0x01, 0x00, 0x00, 0x38, 0x01, 0x00, 0x00, 0x02, 0x00,
    0x00, 0x00, 0x2b, 0x00, 0x04, 0x00, 0x15, 0x00, 0x00, 0x00,
    0x39, 0x01, 0x00, 0x00, 0x06, 0x00, 0x00, 0x00, 0x20, 0x00,
    0x04, 0x00, 0x3c, 0x01, 0x00, 0x00, 0x02, 0x00, 0x00, 0x00,
    0x34, 0x01, 0x00, 0x00, 0x20, 0x00, 0x04, 0x00, 0x40, 0x01,
    0x00, 0x00, 0x07, 0x00, 0x00, 0x00, 0x0f, 0x00, 0x00, 0x00,
    0x2b, 0x00, 0x04, 0x00, 0x15, 0x00, 0x00, 0x00, 0x4b, 0x01,
    0x00, 0x00, 0x05, 0x00, 0x00, 0x00, 0x2b, 0x00, 0x04, 0x00,
    0x15, 0x00, 0x00, 0x00, 0x50, 0x01, 0x00, 0x00, 0x07, 0x00,
    0x00, 0x00, 0x2b, 0x00, 0x04, 0x00, 0x15, 0x00, 0x00, 0x00,
    0x53, 0x01, 0x00, 0x00, 0x08, 0x00, 0x00, 0x00, 0x2b, 0x00,
    0x04, 0x00, 0x15, 0x00, 0x00, 0x00, 0x56, 0x01, 0x00, 0x00,
    0x09, 0x00, 0x00, 0x00, 0x2b, 0x00, 0x04, 0x00, 0x15, 0x00,
    0x00, 0x00, 0x59, 0x01, 0x00, 0x00, 0x0a, 0x00, 0x00, 0x00,
    0x2b, 0x00, 0x04, 0x00, 0x15, 0x00, 0x00, 0x00, 0x5c, 0x01,
    0x00, 0x00, 0x0b, 0x00, 0x00, 0x00, 0x2b, 0x00, 0x04, 0x00,
    0x15, 0x00, 0x00, 0x00, 0x5f, 0x01, 0x00, 0x00, 0x0c, 0x00,
    0x00, 0x00, 0x2b, 0x00, 0x04, 0x00, 0x15, 0x00, 0x00, 0x00,
    0x62, 0x01, 0x00, 0x00, 0x0d, 0x00, 0x00, 0x00, 0x2b, 0x00,
    0x04, 0x00, 0x15, 0x00, 0x00, 0x00, 0x65, 0x01, 0x00, 0x00,
    0x0e, 0x00, 0x00, 0x00, 0x20, 0x00, 0x04, 0x00, 0x66, 0x01,
    0x00, 0x00, 0x07, 0x00, 0x00, 0x00, 0x19, 0x00, 0x00, 0x00,
    0x2b, 0x00, 0x04, 0x00, 0x15, 0x00, 0x00, 0x00, 0x69, 0x01,
    0x00, 0x00, 0x0f, 0x00, 0x00, 0x00, 0x2b, 0x00, 0x04, 0x00,
    0x15, 0x00, 0x00, 0x00, 0x6c, 0x01, 0x00, 0x00, 0x10, 0x00,
    0x00, 0x00, 0x19, 0x00, 0x09, 0x00, 0x73, 0x01, 0x00, 0x00,
    0x06, 0x00, 0x00, 0x00, 0x01, 0x00, 0x00, 0x00, 0x00, 0x00,
    0x00, 0x00, 0x01, 0x00, 0x00, 0x00, 0x00, 0x00, 0x00, 0x00,
    0x01, 0x00, 0x00, 0x00, 0x00, 0x00, 0x00, 0x00, 0x1b, 0x00,
    0x03, 0x00, 0x74, 0x01, 0x00, 0x00, 0x73, 0x01, 0x00, 0x00,
    0x20, 0x00, 0x04, 0x00, 0x75, 0x01, 0x00, 0x00, 0x00, 0x00,
    0x00, 0x00, 0x74, 0x01, 0x00, 0x00, 0x3b, 0x00, 0x04, 0x00,
    0x75, 0x01, 0x00, 0x00, 0x76, 0x01, 0x00, 0x00, 0x00, 0x00,
    0x00, 0x00, 0x20, 0x00, 0x04, 0x00, 0x78, 0x01, 0x00, 0x00,
    0x07, 0x00, 0x00, 0x00, 0x14, 0x00, 0x00, 0x00, 0x2b, 0x00,
    0x04, 0x00, 0x06, 0x00, 0x00, 0x00, 0xd9, 0x01, 0x00, 0x00,
    0x00, 0x00, 0x80, 0x3f, 0x2b, 0x00, 0x04, 0x00, 0x06, 0x00,
    0x00, 0x00, 0xdf, 0x01, 0x00, 0x00, 0x00, 0x00, 0x00, 0x40,
    0x2b, 0x00, 0x04, 0x00, 0x06, 0x00, 0x00, 0x00, 0xfc, 0x01,
    0x00, 0x00, 0x00, 0x00, 0x80, 0xbf, 0x2b, 0x00, 0x04, 0x00,
    0x19, 0x00, 0x00, 0x00, 0x05, 0x02, 0x00, 0x00, 0x0d, 0x66,
    0x19, 0x00, 0x2b, 0x00, 0x04, 0x00, 0x19, 0x00, 0x00, 0x00,
    0x08, 0x02, 0x00, 0x00, 0x5f, 0xf3, 0x6e, 0x3c, 0x20, 0x00,
    0x04, 0x00, 0x0b, 0x02, 0x00, 0x00, 0x06, 0x00, 0x00, 0x00,
    0x19, 0x00, 0x00, 0x00, 0x2b, 0x00, 0x04, 0x00, 0x19, 0x00,
    0x00, 0x00, 0x0e, 0x02, 0x00, 0x00, 0x03, 0x00, 0x00, 0x00,
    0x2b, 0x00, 0x04, 0x00, 0x19, 0x00, 0x00, 0x00, 0x33, 0x02,
    0x00, 0x00, 0x10, 0x00, 0x00, 0x00, 0x2b, 0x00, 0x04, 0x00,
    0x06, 0x00, 0x00, 0x00, 0x5e, 0x02, 0x00, 0x00, 0x00, 0x00,
    0x80, 0x4f, 0x2b, 0x00, 0x04, 0x00, 0x06, 0x00, 0x00, 0x00,
    0x63, 0x02, 0x00, 0x00, 0xdb, 0x0f, 0xc9, 0x40, 0x2b, 0x00,
    0x04, 0x00, 0x06, 0x00, 0x00, 0x00, 0x67, 0x02, 0x00, 0x00,
    0x00, 0x00, 0x00, 0xc0, 0x2b, 0x00, 0x04, 0x00, 0x06, 0x00,
    0x00, 0x00, 0x41, 0x03, 0x00, 0x00, 0x6f, 0x12, 0x83, 0x3a,
    0x2a, 0x00, 0x03, 0x00, 0x16, 0x00, 0x00, 0x00, 0x46, 0x03,
    0x00, 0x00, 0x29, 0x00, 0x03, 0x00, 0x16, 0x00, 0x00, 0x00,
    0xf3, 0x03, 0x00, 0x00, 0x1e, 0x00, 0x05, 0x00, 0x28, 0x04,
    0x00, 0x00, 0x15, 0x00, 0x00, 0x00, 0x15, 0x00, 0x00, 0x00,
    0x15, 0x00, 0x00, 0x00, 0x20, 0x00, 0x04, 0x00, 0x29, 0x04,
    0x00, 0x00, 0x07, 0x00, 0x00, 0x00, 0x28, 0x04, 0x00, 0x00,
    0x1e, 0x00, 0x05, 0x00, 0x2b, 0x04, 0x00, 0x00, 0x15, 0x00,
    0x00, 0x00, 0x15, 0x00, 0x00, 0x00, 0x15, 0x00, 0x00, 0x00,
    0x1d, 0x00, 0x03, 0x00, 0x2c, 0x04, 0x00, 0x00, 0x2b, 0x04,
    0x00, 0x00, 0x1e, 0x00, 0x03, 0x00, 0x2d, 0x04, 0x00, 0x00,
    0x2c, 0x04, 0x00, 0x00, 0x20, 0x00, 0x04, 0x00, 0x2e, 0x04,
    0x00, 0x00, 0x02, 0x00, 0x00, 0x00, 0x2d, 0x04, 0x00, 0x00,
    0x3b, 0x00, 0x04, 0x00, 0x2e, 0x04, 0x00, 0x00, 0x2f, 0x04,
    0x00, 0x00, 0x02, 0x00, 0x00, 0x00, 0x20, 0x00, 0x04, 0x00,
    0x32, 0x04, 0x00, 0x00, 0x02, 0x00, 0x00, 0x00, 0x2b, 0x04,
    0x00, 0x00, 0x2b, 0x00, 0x04, 0x00, 0x19, 0x00, 0x00, 0x00,
    0x72, 0x04, 0x00, 0x00, 0x40, 0x00, 0x00, 0x00, 0x1c, 0x00,
    0x04, 0x00, 0x73, 0x04, 0x00, 0x00, 0x14, 0x00, 0x00, 0x00,
    0x72, 0x04, 0x00, 0x00, 0x20, 0x00, 0x04, 0x00, 0x74, 0x04,
    0x00, 0x00, 0x06, 0x00, 0x00, 0x00, 0x73, 0x04, 0x00, 0x00,
    0x3b, 0x00, 0x04, 0x00, 0x74, 0x04, 0x00, 0x00, 0x75, 0x04,
    0x00, 0x00, 0x06, 0x00, 0x00, 0x00, 0x20, 0x00, 0x04, 0x00,
    0x87, 0x04, 0x00, 0x00, 0x06, 0x00, 0x00, 0x00, 0x06, 0x00,
    0x00, 0x00, 0x1e, 0x00, 0x08, 0x00, 0x90, 0x04, 0x00, 0x00,
    0x0f, 0x00, 0x00, 0x00, 0x0f, 0x00, 0x00, 0x00, 0x15, 0x00,
    0x00, 0x00, 0x15, 0x00, 0x00, 0x00, 0x15, 0x00, 0x00, 0x00,
    0x15, 0x00, 0x00, 0x00, 0x20, 0x00, 0x04, 0x00, 0x91, 0x04,
    0x00, 0x00, 0x07, 0x00, 0x00, 0x00, 0x90, 0x04, 0x00, 0x00,
    0x1e, 0x00, 0x08, 0x00, 0x93, 0x04, 0x00, 0x00, 0x0f, 0x00,
    0x00, 0x00, 0x0f, 0x00, 0x00, 0x00, 0x15, 0x00, 0x00, 0x00,
    0x15, 0x00, 0x00, 0x00, 0x15, 0x00, 0x00, 0x00, 0x15, 0x00,
    0x00, 0x00, 0x1d, 0x00, 0x03, 0x00, 0x94, 0x04, 0x00, 0x00,
    0x93, 0x04, 0x00, 0x00, 0x1e, 0x00, 0x03, 0x00, 0x95, 0x04,
    0x00, 0x00, 0x94, 0x04, 0x00, 0x00, 0x20, 0x00, 0x04, 0x00,
    0x96, 0x04, 0x00, 0x00, 0x02, 0x00, 0x00, 0x00, 0x95, 0x04,
    0x00, 0x00, 0x3b, 0x00, 0x04, 0x00, 0x96, 0x04, 0x00, 0x00,
    0x97, 0x04, 0x00, 0x00, 0x02, 0x00, 0x00, 0x00, 0x20, 0x00,
    0x04, 0x00, 0x99, 0x04, 0x00, 0x00, 0x02, 0x00, 0x00, 0x00,
    0x93, 0x04, 0x00, 0x00, 0x1e, 0x00, 0x05, 0x00, 0xc4, 0x04,
    0x00, 0x00, 0x19, 0x00, 0x00, 0x00, 0x19, 0x00, 0x00, 0x00,
    0x19, 0x00, 0x00, 0x00, 0x20, 0x00, 0x04, 0x00, 0xc5, 0x04,
    0x00, 0x00, 0x07, 0x00, 0x00, 0x00, 0xc4, 0x04, 0x00, 0x00,
    0x1e, 0x00, 0x05, 0x00, 0xc7, 0x04, 0x00, 0x00, 0x19, 0x00,
    0x00, 0x00, 0x19, 0x00, 0x00, 0x00, 0x19, 0x00, 0x00, 0x00,
    0x1d, 0x00, 0x03, 0x00, 0xc8, 0x04, 0x00, 0x00, 0xc7, 0x04,
    0x00, 0x00, 0x1e, 0x00, 0x03, 0x00, 0xc9, 0x04, 0x00, 0x00,
    0xc8, 0x04, 0x00, 0x00, 0x20, 0x00, 0x04, 0x00, 0xca, 0x04,
    0x00, 0x00, 0x02, 0x00, 0x00, 0x00, 0xc9, 0x04, 0x00, 0x00,
    0x3b, 0x00, 0x04, 0x00, 0xca, 0x04, 0x00, 0x00, 0xcb, 0x04,
    0x00, 0x00, 0x02, 0x00, 0x00, 0x00, 0x20, 0x00, 0x04, 0x00,
    0xd0, 0x04, 0x00, 0x00, 0x02, 0x00, 0x00, 0x00, 0xc7, 0x04,
    0x00, 0x00, 0x1e, 0x00, 0x04, 0x00, 0xda, 0x04, 0x00, 0x00,
    0x0f, 0x00, 0x00, 0x00, 0x0f, 0x00, 0x00, 0x00, 0x1d, 0x00,
    0x03, 0x00, 0xdb, 0x04, 0x00, 0x00, 0xda, 0x04, 0x00, 0x00,
    0x1e, 0x00, 0x03, 0x00, 0xdc, 0x04, 0x00, 0x00, 0xdb, 0x04,
    0x00, 0x00, 0x20, 0x00, 0x04, 0x00, 0xdd, 0x04, 0x00, 0x00,
    0x02, 0x00, 0x00, 0x00, 0xdc, 0x04, 0x00, 0x00, 0x3b, 0x00,
    0x04, 0x00, 0xdd, 0x04, 0x00, 0x00, 0xde, 0x04, 0x00, 0x00,
    0x02, 0x00, 0x00, 0x00, 0x20, 0x00, 0x04, 0x00, 0xe1, 0x04,
    0x00, 0x00, 0x02, 0x00, 0x00, 0x00, 0xda, 0x04, 0x00, 0x00,
    0x20, 0x00, 0x04, 0x00, 0x5f, 0x05, 0x00, 0x00, 0x07, 0x00,
    0x00, 0x00, 0x88, 0x00, 0x00, 0x00, 0x2c, 0x00, 0x05, 0x00,
    0x14, 0x00, 0x00, 0x00, 0xe7, 0x05, 0x00, 0x00, 0x0f, 0x01,
    0x00, 0x00, 0xfc, 0x01, 0x00, 0x00, 0x1d, 0x00, 0x03, 0x00,
    0xfc, 0x05, 0x00, 0x00, 0x93, 0x04, 0x00, 0x00, 0x1e, 0x00,
    0x03, 0x00, 0xfd, 0x05, 0x00, 0x00, 0xfc, 0x05, 0x00, 0x00,
    0x20, 0x00, 0x04, 0x00, 0xfe, 0x05, 0x00, 0x00, 0x02, 0x00,
    0x00, 0x00, 0xfd, 0x05, 0x00, 0x00, 0x3b, 0x00, 0x04, 0x00,
    0xfe, 0x05, 0x00, 0x00, 0xff, 0x05, 0x00, 0x00, 0x02, 0x00,
    0x00, 0x00, 0x1e, 0x00, 0x08, 0x00, 0x2c, 0x06, 0x00, 0x00,
    0x31, 0x00, 0x00, 0x00, 0x31, 0x00, 0x00, 0x00, 0x15, 0x00,
    0x00, 0x00, 0x15, 0x00, 0x00, 0x00, 0x15, 0x00, 0x00, 0x00,
    0x15, 0x00, 0x00, 0x00, 0x1d, 0x00, 0x03, 0x00, 0x2d, 0x06,
    0x00, 0x00, 0x2c, 0x06, 0x00, 0x00, 0x1e, 0x00, 0x03, 0x00,
    0x2e, 0x06, 0x00, 0x00, 0x2d, 0x06, 0x00, 0x00, 0x20, 0x00,
    0x04, 0x00, 0x2f, 0x06, 0x00, 0x00, 0x02, 0x00, 0x00, 0x00,
    0x2e, 0x06, 0x00, 0x00, 0x3b, 0x00, 0x04, 0x00, 0x2f, 0x06,
    0x00, 0x00, 0x30, 0x06, 0x00, 0x00, 0x02, 0x00, 0x00, 0x00,
    0x20, 0x00, 0x04, 0x00, 0x32, 0x06, 0x00, 0x00, 0x02, 0x00,
    0x00, 0x00, 0x2c, 0x06, 0x00, 0x00, 0x2b, 0x00, 0x04, 0x00,
    0x06, 0x00, 0x00, 0x00, 0x34, 0x07, 0x00, 0x00, 0xcd, 0xcc,
    0x4c, 0x3e, 0x2c, 0x00, 0x06, 0x00, 0x07, 0x00, 0x00, 0x00,
    0xa5, 0x07, 0x00, 0x00, 0x0f, 0x01, 0x00, 0x00, 0x0f, 0x01,
    0x00, 0x00, 0x0f, 0x01, 0x00, 0x00, 0x17, 0x00, 0x04, 0x00,
    0xa6, 0x07, 0x00, 0x00, 0x16, 0x00, 0x00, 0x00, 0x03, 0x00,
    0x00, 0x00, 0x2c, 0x00, 0x06, 0x00, 0x07, 0x00, 0x00, 0x00,
    0xd7, 0x07, 0x00, 0x00, 0xd9, 0x01, 0x00, 0x00, 0xd9, 0x01,
    0x00, 0x00, 0xd9, 0x01, 0x00, 0x00, 0x2b, 0x00, 0x04, 0x00,
    0x06, 0x00, 0x00, 0x00, 0xf4, 0x07, 0x00, 0x00, 0x28, 0x6b,
    0x6e, 0x4e, 0x2b, 0x00, 0x04, 0x00, 0x06, 0x00, 0x00, 0x00,
    0x7a, 0x08, 0x00, 0x00, 0x33, 0x33, 0x73, 0x3f, 0x17, 0x00,
    0x04, 0x00, 0x92, 0x08, 0x00, 0x00, 0x16, 0x00, 0x00, 0x00,
    0x02, 0x00, 0x00, 0x00, 0x2c, 0x00, 0x05, 0x00, 0x14, 0x00,
    0x00, 0x00, 0xa6, 0x08, 0x00, 0x00, 0x08, 0x01, 0x00, 0x00,
    0x08, 0x01, 0x00, 0x00, 0x3b, 0x00, 0x04, 0x00, 0x8c, 0x00,
    0x00, 0x00, 0xe3, 0x08, 0x00, 0x00, 0x00, 0x00, 0x00, 0x00,
    0x3b, 0x00, 0x04, 0x00, 0x8c, 0x00, 0x00, 0x00, 0xeb, 0x08,
    0x00, 0x00, 0x00, 0x00, 0x00, 0x00, 0x19, 0x00, 0x09, 0x00,
    0xf1, 0x08, 0x00, 0x00, 0x06, 0x00, 0x00, 0x00, 0x01, 0x00,
    0x00, 0x00, 0x00, 0x00, 0x00, 0x00, 0x00, 0x00, 0x00, 0x00,
    0x00, 0x00, 0x00, 0x00, 0x02, 0x00, 0x00, 0x00, 0x03, 0x00,
    0x00, 0x00, 0x20, 0x00, 0x04, 0x00, 0xf2, 0x08, 0x00, 0x00,
    0x00, 0x00, 0x00, 0x00, 0xf1, 0x08, 0x00, 0x00, 0x3b, 0x00,
    0x04, 0x00, 0xf2, 0x08, 0x00, 0x00, 0xf3, 0x08, 0x00, 0x00,
    0x00, 0x00, 0x00, 0x00, 0x2c, 0x00, 0x06, 0x00, 0x99, 0x00,
    0x00, 0x00, 0xfc, 0x08, 0x00, 0x00, 0x33, 0x02, 0x00, 0x00,
    0x33, 0x02, 0x00, 0x00, 0xad, 0x00, 0x00, 0x00, 0x3b, 0x00,
    0x04, 0x00, 0x8c, 0x00, 0x00, 0x00, 0xfd, 0x08, 0x00, 0x00,
    0x00, 0x00, 0x00, 0x00, 0x3b, 0x00, 0x04, 0x00, 0x93, 0x00,
    0x00, 0x00, 0xfe, 0x08, 0x00, 0x00, 0x00, 0x00, 0x00, 0x00,
    0x36, 0x00, 0x05, 0x00, 0x02, 0x00, 0x00, 0x00, 0x04, 0x00,
    0x00, 0x00, 0x00, 0x00, 0x00, 0x00, 0x03, 0x00, 0x00, 0x00,
    0xf8, 0x00, 0x02, 0x00, 0x05, 0x00, 0x00, 0x00, 0x3b, 0x00,
    0x04, 0x00, 0x78, 0x01, 0x00, 0x00, 0xa4, 0x08, 0x00, 0x00,
    0x07, 0x00, 0x00, 0x00, 0x3b, 0x00, 0x04, 0x00, 0x0e, 0x00,
    0x00, 0x00, 0xb7, 0x08, 0x00, 0x00, 0x07, 0x00, 0x00, 0x00,
    0x3b, 0x00, 0x04, 0x00, 0x0e, 0x00, 0x00, 0x00, 0xc9, 0x08,
    0x00, 0x00, 0x07, 0x00, 0x00, 0x00, 0x3b, 0x00, 0x04, 0x00,
    0x40, 0x01, 0x00, 0x00, 0xcd, 0x08, 0x00, 0x00, 0x07, 0x00,
    0x00, 0x00, 0x3b, 0x00, 0x04, 0x00, 0x08, 0x00, 0x00, 0x00,
    0xce, 0x08, 0x00, 0x00, 0x07, 0x00, 0x00, 0x00, 0x3b, 0x00,
    0x04, 0x00, 0x08, 0x00, 0x00, 0x00, 0xcf, 0x08, 0x00, 0x00,
    0x07, 0x00, 0x00, 0x00, 0x3b, 0x00, 0x04, 0x00, 0x2a, 0x00,
    0x00, 0x00, 0xd0, 0x08, 0x00, 0x00, 0x07, 0x00, 0x00, 0x00,
    0x3b, 0x00, 0x04, 0x00, 0x0e, 0x00, 0x00, 0x00, 0xd1, 0x08,
    0x00, 0x00, 0x07, 0x00, 0x00, 0x00, 0x3b, 0x00, 0x04, 0x00,
    0x08, 0x00, 0x00, 0x00, 0xd3, 0x08, 0x00, 0x00, 0x07, 0x00,
    0x00, 0x00, 0x3b, 0x00, 0x04, 0x00, 0x08, 0x00, 0x00, 0x00,
    0xd4, 0x08, 0x00, 0x00, 0x07, 0x00, 0x00, 0x00, 0x3b, 0x00,
    0x04, 0x00, 0x2a, 0x00, 0x00, 0x00, 0xd5, 0x08, 0x00, 0x00,
    0x07, 0x00, 0x00, 0x00, 0x3b, 0x00, 0x04, 0x00, 0x08, 0x00,
    0x00, 0x00, 0xee, 0x08, 0x00, 0x00, 0x07, 0x00, 0x00, 0x00,
    0x3b, 0x00, 0x04, 0x00, 0x2a, 0x00, 0x00, 0x00, 0xf6, 0x08,
    0x00, 0x00, 0x07, 0x00, 0x00, 0x00, 0x3e, 0x00, 0x03, 0x00,
    0x86, 0x00, 0x00, 0x00, 0x87, 0x00, 0x00, 0x00, 0x3d, 0x00,
    0x04, 0x00, 0x8b, 0x00, 0x00, 0x00, 0x8e, 0x00, 0x00, 0x00,
    0x8d, 0x00, 0x00, 0x00, 0x68, 0x00, 0x04, 0x00, 0x88, 0x00,
    0x00, 0x00, 0x8f, 0x00, 0x00, 0x00, 0x8e, 0x00, 0x00, 0x00,
    0x3e, 0x00, 0x03, 0x00, 0x8a, 0x00, 0x00, 0x00, 0x8f, 0x00,
    0x00, 0x00, 0x3d, 0x00, 0x04, 0x00, 0x92, 0x00, 0x00, 0x00,
    0x95, 0x00, 0x00, 0x00, 0x94, 0x00, 0x00, 0x00, 0x64, 0x00,
    0x04, 0x00, 0x91, 0x00, 0x00, 0x00, 0x96, 0x00, 0x00, 0x00,
    0x95, 0x00, 0x00, 0x00, 0x67, 0x00, 0x05, 0x00, 0x88, 0x00,
    0x00, 0x00, 0x97, 0x00, 0x00, 0x00, 0x96, 0x00, 0x00, 0x00,
    0x87, 0x00, 0x00, 0x00, 0x3e, 0x00, 0x03, 0x00, 0x90, 0x00,
    0x00, 0x00, 0x97, 0x00, 0x00, 0x00, 0x3d, 0x00, 0x04, 0x00,
    0x99, 0x00, 0x00, 0x00, 0x9d, 0x00, 0x00, 0x00, 0x9b, 0x00,
    0x00, 0x00, 0x4f, 0x00, 0x07, 0x00, 0x9c, 0x00, 0x00, 0x00,
    0x9e, 0x00, 0x00, 0x00, 0x9d, 0x00, 0x00, 0x00, 0x9d, 0x00,
    0x00, 0x00, 0x00, 0x00, 0x00, 0x00, 0x01, 0x00, 0x00, 0x00,
    0x7c, 0x00, 0x04, 0x00, 0x88, 0x00, 0x00, 0x00, 0x9f, 0x00,
    0x00, 0x00, 0x9e, 0x00, 0x00, 0x00, 0x41, 0x00, 0x05, 0x00,
    0xa3, 0x00, 0x00, 0x00, 0xa4, 0x00, 0x00, 0x00, 0xa2, 0x00,
    0x00, 0x00, 0x87, 0x00, 0x00, 0x00, 0x3d, 0x00, 0x04, 0x00,
    0x88, 0x00, 0x00, 0x00, 0xa5, 0x00, 0x00, 0x00, 0xa4, 0x00,
    0x00, 0x00, 0x80, 0x00, 0x05, 0x00, 0x88, 0x00, 0x00, 0x00,
    0xa6, 0x00, 0x00, 0x00, 0x9f, 0x00, 0x00, 0x00, 0xa5, 0x00,
    0x00, 0x00, 0x3e, 0x00, 0x03, 0x00, 0x98, 0x00, 0x00, 0x00,
    0xa6, 0x00, 0x00, 0x00, 0x41, 0x00, 0x05, 0x00, 0x85, 0x00,
    0x00, 0x00, 0xaa, 0x00, 0x00, 0x00, 0x98, 0x00, 0x00, 0x00,
    0xa9, 0x00, 0x00, 0x00, 0x3d, 0x00, 0x04, 0x00, 0x15, 0x00,
    0x00, 0x00, 0xab, 0x00, 0x00, 0x00, 0xaa, 0x00, 0x00, 0x00,
    0x6f, 0x00, 0x04, 0x00, 0x06, 0x00, 0x00, 0x00, 0xac, 0x00,
    0x00, 0x00, 0xab, 0x00, 0x00, 0x00, 0x41, 0x00, 0x05, 0x00,
    0x85, 0x00, 0x00, 0x00, 0xae, 0x00, 0x00, 0x00, 0x8a, 0x00,
    0x00, 0x00, 0xad, 0x00, 0x00, 0x00, 0x3d, 0x00, 0x04, 0x00,
    0x15, 0x00, 0x00, 0x00, 0xaf, 0x00, 0x00, 0x00, 0xae, 0x00,
    0x00, 0x00, 0x82, 0x00, 0x05, 0x00, 0x15, 0x00, 0x00, 0x00,
    0xb1, 0x00, 0x00, 0x00, 0xaf, 0x00, 0x00, 0x00, 0xb0, 0x00,
    0x00, 0x00, 0x41, 0x00, 0x05, 0x00, 0x85, 0x00, 0x00, 0x00,
    0xb2, 0x00, 0x00, 0x00, 0x98, 0x00, 0x00, 0x00, 0xad, 0x00,
    0x00, 0x00, 0x3d, 0x00, 0x04, 0x00, 0x15, 0x00, 0x00, 0x00,
    0xb3, 0x00, 0x00, 0x00, 0xb2, 0x00, 0x00, 0x00, 0x82, 0x00,
    0x05, 0x00, 0x15, 0x00, 0x00, 0x00, 0xb4, 0x00, 0x00, 0x00,
    0xb1, 0x00, 0x00, 0x00, 0xb3, 0x00, 0x00, 0x00, 0x6f, 0x00,
    0x04, 0x00, 0x06, 0x00, 0x00, 0x00, 0xb5, 0x00, 0x00, 0x00,
    0xb4, 0x00, 0x00, 0x00, 0x50, 0x00, 0x05, 0x00, 0x14, 0x00,
    0x00, 0x00, 0xb6, 0x00, 0x00, 0x00, 0xac, 0x00, 0x00, 0x00,
    0xb5, 0x00, 0x00, 0x00, 0x3d, 0x00, 0x04, 0x00, 0x88, 0x00,
    0x00, 0x00, 0xb7, 0x00, 0x00, 0x00, 0x8a, 0x00, 0x00, 0x00,
    0x6f, 0x00, 0x04, 0x00, 0x14, 0x00, 0x00, 0x00, 0xb8, 0x00,
    0x00, 0x00, 0xb7, 0x00, 0x00, 0x00, 0x88, 0x00, 0x05, 0x00,
    0x14, 0x00, 0x00, 0x00, 0xb9, 0x00, 0x00, 0x00, 0xb6, 0x00,
    0x00, 0x00, 0xb8, 0x00, 0x00, 0x00, 0x3e, 0x00, 0x03, 0x00,
    0xa8, 0x00, 0x00, 0x00, 0xb9, 0x00, 0x00, 0x00, 0x41, 0x00,
    0x06, 0x00, 0xc1, 0x00, 0x00, 0x00, 0xc2, 0x00, 0x00, 0x00,
    0xbf, 0x00, 0x00, 0x00, 0x87, 0x00, 0x00, 0x00, 0xc0, 0x00,
    0x00, 0x00, 0x3d, 0x00, 0x04, 0x00, 0x07, 0x00, 0x00, 0x00,
    0xc3, 0x00, 0x00, 0x00, 0xc2, 0x00, 0x00, 0x00, 0x41, 0x00,
    0x06, 0x00, 0xc1, 0x00, 0x00, 0x00, 0xc5, 0x00, 0x00, 0x00,
    0xbf, 0x00, 0x00, 0x00, 0x87, 0x00, 0x00, 0x00, 0xc4, 0x00,
    0x00, 0x00, 0x3d, 0x00, 0x04, 0x00, 0x07, 0x00, 0x00, 0x00,
    0xc6, 0x00, 0x00, 0x00, 0xc5, 0x00, 0x00, 0x00, 0x0c, 0x00,
    0x07, 0x00, 0x07, 0x00, 0x00, 0x00, 0xc7, 0x00, 0x00, 0x00,
    0x01, 0x00, 0x00, 0x00, 0x44, 0x00, 0x00, 0x00, 0xc3, 0x00,
    0x00, 0x00, 0xc6, 0x00, 0x00, 0x00, 0x3e, 0x00, 0x03, 0x00,
    0xbb, 0x00, 0x00, 0x00, 0xc7, 0x00, 0x00, 0x00, 0x41, 0x00,
    0x05, 0x00, 0x85, 0x00, 0x00, 0x00, 0xcb, 0x00, 0x00, 0x00,
    0x98, 0x00, 0x00, 0x00, 0xa9, 0x00, 0x00, 0x00, 0x3d, 0x00,
    0x04, 0x00, 0x15, 0x00, 0x00, 0x00, 0xcc, 0x00, 0x00, 0x00,
    0xcb, 0x00, 0x00, 0x00, 0x7c, 0x00, 0x04, 0x00, 0x19, 0x00,
    0x00, 0x00, 0xcd, 0x00, 0x00, 0x00, 0xcc, 0x00, 0x00, 0x00,
    0x41, 0x00, 0x05, 0x00, 0x85, 0x00, 0x00, 0x00, 0xce, 0x00,
    0x00, 0x00, 0x98, 0x00, 0x00, 0x00, 0xad, 0x00, 0x00, 0x00,
    0x3d, 0x00, 0x04, 0x00, 0x15, 0x00, 0x00, 0x00, 0xcf, 0x00,
    0x00, 0x00, 0xce, 0x00, 0x00, 0x00, 0x7c, 0x00, 0x04, 0x00,
    0x19, 0x00, 0x00, 0x00, 0xd0, 0x00, 0x00, 0x00, 0xcf, 0x00,
    0x00, 0x00, 0x41, 0x00, 0x05, 0x00, 0xd1, 0x00, 0x00, 0x00,
    0xd2, 0x00, 0x00, 0x00, 0xa2, 0x00, 0x00, 0x00, 0xc0, 0x00,
    0x00, 0x00, 0x3d, 0x00, 0x04, 0x00, 0x19, 0x00, 0x00, 0x00,
    0xd3, 0x00, 0x00, 0x00, 0xd2, 0x00, 0x00, 0x00, 0x41, 0x00,
    0x05, 0x00, 0x85, 0x00, 0x00, 0x00, 0xd4, 0x00, 0x00, 0x00,
    0x98, 0x00, 0x00, 0x00, 0xa9, 0x00, 0x00, 0x00, 0x3d, 0x00,
    0x04, 0x00, 0x15, 0x00, 0x00, 0x00, 0xd5, 0x00, 0x00, 0x00,
    0xd4, 0x00, 0x00, 0x00, 0x41, 0x00, 0x05, 0x00, 0x85, 0x00,
    0x00, 0x00, 0xd6, 0x00, 0x00, 0x00, 0x98, 0x00, 0x00, 0x00,
    0xad, 0x00, 0x00, 0x00, 0x3d, 0x00, 0x04, 0x00, 0x15, 0x00,
    0x00, 0x00, 0xd7, 0x00, 0x00, 0x00, 0xd6, 0x00, 0x00, 0x00,
    0x80, 0x00, 0x05, 0x00, 0x15, 0x00, 0x00, 0x00, 0xd8, 0x00,
    0x00, 0x00, 0xd5, 0x00, 0x00, 0x00, 0xd7, 0x00, 0x00, 0x00,
    0x7c, 0x00, 0x04, 0x00, 0x19, 0x00, 0x00, 0x00, 0xd9, 0x00,
    0x00, 0x00, 0xd8, 0x00, 0x00, 0x00, 0x50, 0x00, 0x07, 0x00,
    0xc8, 0x00, 0x00, 0x00, 0xda, 0x00, 0x00, 0x00, 0xcd, 0x00,
    0x00, 0x00, 0xd0, 0x00, 0x00, 0x00, 0xd3, 0x00, 0x00, 0x00,
    0xd9, 0x00, 0x00, 0x00, 0x3e, 0x00, 0x03, 0x00, 0xca, 0x00,
    0x00, 0x00, 0xda, 0x00, 0x00, 0x00, 0x3d, 0x00, 0x04, 0x00,
    0x88, 0x00, 0x00, 0x00, 0x8f, 0x08, 0x00, 0x00, 0x98, 0x00,
    0x00, 0x00, 0x41, 0x00, 0x05, 0x00, 0xa3, 0x00, 0x00, 0x00,
    0x90, 0x08, 0x00, 0x00, 0xa2, 0x00, 0x00, 0x00, 0x87, 0x00,
    0x00, 0x00, 0x3d, 0x00, 0x04, 0x00, 0x88, 0x00, 0x00, 0x00,
    0x91, 0x08, 0x00, 0x00, 0x90, 0x08, 0x00, 0x00, 0xb1, 0x00,
    0x05, 0x00, 0x92, 0x08, 0x00, 0x00, 0x93, 0x08, 0x00, 0x00,
    0x8f, 0x08, 0x00, 0x00, 0x91, 0x08, 0x00, 0x00, 0x9a, 0x00,
    0x04, 0x00, 0x16, 0x00, 0x00, 0x00, 0x94, 0x08, 0x00, 0x00,
    0x93, 0x08, 0x00, 0x00, 0xa8, 0x00, 0x04, 0x00, 0x16, 0x00,
    0x00, 0x00, 0x95, 0x08, 0x00, 0x00, 0x94, 0x08, 0x00, 0x00,
    0xf7, 0x00, 0x03, 0x00, 0x97, 0x08, 0x00, 0x00, 0x00, 0x00,
    0x00, 0x00, 0xfa, 0x00, 0x04, 0x00, 0x95, 0x08, 0x00, 0x00,
    0x96, 0x08, 0x00, 0x00, 0x97, 0x08, 0x00, 0x00, 0xf8, 0x00,
    0x02, 0x00, 0x96, 0x08, 0x00, 0x00, 0x41, 0x00, 0x05, 0x00,
    0xa3, 0x00, 0x00, 0x00, 0x98, 0x08, 0x00, 0x00, 0xa2, 0x00,
    0x00, 0x00, 0x87, 0x00, 0x00, 0x00, 0x3d, 0x00, 0x04, 0x00,
    0x88, 0x00, 0x00, 0x00, 0x99, 0x08, 0x00, 0x00, 0x98, 0x08,
    0x00, 0x00, 0x41, 0x00, 0x05, 0x00, 0xa3, 0x00, 0x00, 0x00,
    0x9a, 0x08, 0x00, 0x00, 0xa2, 0x00, 0x00, 0x00, 0xb0, 0x00,
    0x00, 0x00, 0x3d, 0x00, 0x04, 0x00, 0x88, 0x00, 0x00, 0x00,
    0x9b, 0x08, 0x00, 0x00, 0x9a, 0x08, 0x00, 0x00, 0x80, 0x00,
    0x05, 0x00, 0x88, 0x00, 0x00, 0x00, 0x9c, 0x08, 0x00, 0x00,
    0x99, 0x08, 0x00, 0x00, 0x9b, 0x08, 0x00, 0x00, 0x3d, 0x00,
    0x04, 0x00, 0x88, 0x00, 0x00, 0x00, 0x9d, 0x08, 0x00, 0x00,
    0x98, 0x00, 0x00, 0x00, 0xb3, 0x00, 0x05, 0x00, 0x92, 0x08,
    0x00, 0x00, 0x9e, 0x08, 0x00, 0x00, 0x9c, 0x08, 0x00, 0x00,
    0x9d, 0x08, 0x00, 0x00, 0x9a, 0x00, 0x04, 0x00, 0x16, 0x00,
    0x00, 0x00, 0x9f, 0x08, 0x00, 0x00, 0x9e, 0x08, 0x00, 0x00,
    0xf9, 0x00, 0x02, 0x00, 0x97, 0x08, 0x00, 0x00, 0xf8, 0x00,
    0x02, 0x00, 0x97, 0x08, 0x00, 0x00, 0xf5, 0x00, 0x07, 0x00,
    0x16, 0x00, 0x00, 0x00, 0xa0, 0x08, 0x00, 0x00, 0x94, 0x08,
    0x00, 0x00, 0x05, 0x00, 0x00, 0x00, 0x9f, 0x08, 0x00, 0x00,
    0x96, 0x08, 0x00, 0x00, 0xf7, 0x00, 0x03, 0x00, 0xa2, 0x08,
    0x00, 0x00, 0x00, 0x00, 0x00, 0x00, 0xfa, 0x00, 0x04, 0x00,
    0xa0, 0x08, 0x00, 0x00, 0xa1, 0x08, 0x00, 0x00, 0xa2, 0x08,
    0x00, 0x00, 0xf8, 0x00, 0x02, 0x00, 0xa1, 0x08, 0x00, 0x00,
    0xfd, 0x00, 0x01, 0x00, 0xf8, 0x00, 0x02, 0x00, 0xa2, 0x08,
    0x00, 0x00, 0x3d, 0x00, 0x04, 0x00, 0x14, 0x00, 0x00, 0x00,
    0xa5, 0x08, 0x00, 0x00, 0xa8, 0x00, 0x00, 0x00, 0x83, 0x00,
    0x05, 0x00, 0x14, 0x00, 0x00, 0x00, 0xa7, 0x08, 0x00, 0x00,
    0xa5, 0x08, 0x00, 0x00, 0xa6, 0x08, 0x00, 0x00, 0x41, 0x00,
    0x05, 0x00, 0x85, 0x00, 0x00, 0x00, 0xa8, 0x08, 0x00, 0x00,
    0x8a, 0x00, 0x00, 0x00, 0xad, 0x00, 0x00, 0x00, 0x3d, 0x00,
    0x04, 0x00, 0x15, 0x00, 0x00, 0x00, 0xa9, 0x08, 0x00, 0x00,
    0xa8, 0x08, 0x00, 0x00, 0x6f, 0x00, 0x04, 0x00, 0x06, 0x00,
    0x00, 0x00, 0xaa, 0x08, 0x00, 0x00, 0xa9, 0x08, 0x00, 0x00,
    0x41, 0x00, 0x05, 0x00, 0x85, 0x00, 0x00, 0x00, 0xab, 0x08,
    0x00, 0x00, 0x8a, 0x00, 0x00, 0x00, 0xa9, 0x00, 0x00, 0x00,
    0x3d, 0x00, 0x04, 0x00, 0x15, 0x00, 0x00, 0x00, 0xac, 0x08,
    0x00, 0x00, 0xab, 0x08, 0x00, 0x00, 0x6f, 0x00, 0x04, 0x00,
    0x06, 0x00, 0x00, 0x00, 0xad, 0x08, 0x00, 0x00, 0xac, 0x08,
    0x00, 0x00, 0x88, 0x00, 0x05, 0x00, 0x06, 0x00, 0x00, 0x00,
    0xae, 0x08, 0x00, 0x00, 0xaa, 0x08, 0x00, 0x00, 0xad, 0x08,
    0x00, 0x00, 0x50, 0x00, 0x05, 0x00, 0x14, 0x00, 0x00, 0x00,
    0xaf, 0x08, 0x00, 0x00, 0xd9, 0x01, 0x00, 0x00, 0xae, 0x08,
    0x00, 0x00, 0x85, 0x00, 0x05, 0x00, 0x14, 0x00, 0x00, 0x00,
    0xb0, 0x08, 0x00, 0x00, 0xa7, 0x08, 0x00, 0x00, 0xaf, 0x08,
    0x00, 0x00, 0x8e, 0x00, 0x05, 0x00, 0x14, 0x00, 0x00, 0x00,
    0xb1, 0x08, 0x00, 0x00, 0xb0, 0x08, 0x00, 0x00, 0xdf, 0x01,
    0x00, 0x00, 0x41, 0x00, 0x06, 0x00, 0x12, 0x01, 0x00, 0x00,
    0xb2, 0x08, 0x00, 0x00, 0xbf, 0x00, 0x00, 0x00, 0x87, 0x00,
    0x00, 0x00, 0xb0, 0x00, 0x00, 0x00, 0x3d, 0x00, 0x04, 0x00,
    0x06, 0x00, 0x00, 0x00, 0xb3, 0x08, 0x00, 0x00, 0xb2, 0x08,
    0x00, 0x00, 0x85, 0x00, 0x05, 0x00, 0x06, 0x00, 0x00, 0x00,
    0xb4, 0x08, 0x00, 0x00, 0xb3, 0x08, 0x00, 0x00, 0x08, 0x01,
    0x00, 0x00, 0x0c, 0x00, 0x06, 0x00, 0x06, 0x00, 0x00, 0x00,
    0xb5, 0x08, 0x00, 0x00, 0x01, 0x00, 0x00, 0x00, 0x0f, 0x00,
    0x00, 0x00, 0xb4, 0x08, 0x00, 0x00, 0x8e, 0x00, 0x05, 0x00,
    0x14, 0x00, 0x00, 0x00, 0xb6, 0x08, 0x00, 0x00, 0xb1, 0x08,
    0x00, 0x00, 0xb5, 0x08, 0x00, 0x00, 0x3e, 0x00, 0x03, 0x00,
    0xa4, 0x08, 0x00, 0x00, 0xb6, 0x08, 0x00, 0x00, 0x41, 0x00,
    0x06, 0x00, 0xc1, 0x00, 0x00, 0x00, 0xb8, 0x08, 0x00, 0x00,
    0xbf, 0x00, 0x00, 0x00, 0x87, 0x00, 0x00, 0x00, 0x87, 0x00,
    0x00, 0x00, 0x3d, 0x00, 0x04, 0x00, 0x07, 0x00, 0x00, 0x00,
    0xb9, 0x08, 0x00, 0x00, 0xb8, 0x08, 0x00, 0x00, 0x41, 0x00,
    0x06, 0x00, 0xc1, 0x00, 0x00, 0x00, 0xba, 0x08, 0x00, 0x00,
    0xbf, 0x00, 0x00, 0x00, 0x87, 0x00, 0x00, 0x00, 0xc0, 0x00,
    0x00, 0x00, 0x3d, 0x00, 0x04, 0x00, 0x07, 0x00, 0x00, 0x00,
    0xbb, 0x08, 0x00, 0x00, 0xba, 0x08, 0x00, 0x00, 0x3d, 0x00,
    0x04, 0x00, 0x07, 0x00, 0x00, 0x00, 0xbc, 0x08, 0x00, 0x00,
    0xbb, 0x00, 0x00, 0x00, 0x41, 0x00, 0x05, 0x00, 0x2a, 0x00,
    0x00, 0x00, 0xbd, 0x08, 0x00, 0x00, 0xa4, 0x08, 0x00, 0x00,
    0xa9, 0x00, 0x00, 0x00, 0x3d, 0x00, 0x04, 0x00, 0x06, 0x00,
    0x00, 0x00, 0xbe, 0x08, 0x00, 0x00, 0xbd, 0x08, 0x00, 0x00,
    0x8e, 0x00, 0x05, 0x00, 0x07, 0x00, 0x00, 0x00, 0xbf, 0x08,
    0x00, 0x00, 0xbc, 0x08, 0x00, 0x00, 0xbe, 0x08, 0x00, 0x00,
    0x81, 0x00, 0x05, 0x00, 0x07, 0x00, 0x00, 0x00, 0xc0, 0x08,
    0x00, 0x00, 0xbb, 0x08, 0x00, 0x00, 0xbf, 0x08, 0x00, 0x00,
    0x41, 0x00, 0x06, 0x00, 0xc1, 0x00, 0x00, 0x00, 0xc1, 0x08,
    0x00, 0x00, 0xbf, 0x00, 0x00, 0x00, 0x87, 0x00, 0x00, 0x00,
    0xc4, 0x00, 0x00, 0x00, 0x3d, 0x00, 0x04, 0x00, 0x07, 0x00,
    0x00, 0x00, 0xc2, 0x08, 0x00, 0x00, 0xc1, 0x08, 0x00, 0x00,
    0x41, 0x00, 0x05, 0x00, 0x2a, 0x00, 0x00, 0x00, 0xc3, 0x08,
    0x00, 0x00, 0xa4, 0x08, 0x00, 0x00, 0xad, 0x00, 0x00, 0x00,
    0x3d, 0x00, 0x04, 0x00, 0x06, 0x00, 0x00, 0x00, 0xc4, 0x08,
    0x00, 0x00, 0xc3, 0x08, 0x00, 0x00, 0x8e, 0x00, 0x05, 0x00,
    0x07, 0x00, 0x00, 0x00, 0xc5, 0x08, 0x00, 0x00, 0xc2, 0x08,
    0x00, 0x00, 0xc4, 0x08, 0x00, 0x00, 0x81, 0x00, 0x05, 0x00,
    0x07, 0x00, 0x00, 0x00, 0xc6, 0x08, 0x00, 0x00, 0xc0, 0x08,
    0x00, 0x00, 0xc5, 0x08, 0x00, 0x00, 0x0c, 0x00, 0x06, 0x00,
    0x07, 0x00, 0x00, 0x00, 0xc7, 0x08, 0x00, 0x00, 0x01, 0x00,
    0x00, 0x00, 0x45, 0x00, 0x00, 0x00, 0xc6, 0x08, 0x00, 0x00,
    0x50, 0x00, 0x06, 0x00, 0x0d, 0x00, 0x00, 0x00, 0xc8, 0x08,
    0x00, 0x00, 0xb9, 0x08, 0x00, 0x00, 0xc7, 0x08, 0x00, 0x00,
    0xa5, 0x07, 0x00, 0x00, 0x3e, 0x00, 0x03, 0x00, 0xb7, 0x08,
    0x00, 0x00, 0xc8, 0x08, 0x00, 0x00, 0x3d, 0x00, 0x04, 0x00,
    0x0d, 0x00, 0x00, 0x00, 0xca, 0x08, 0x00, 0x00, 0xb7, 0x08,
    0x00, 0x00, 0x3e, 0x00, 0x03, 0x00, 0xc9, 0x08, 0x00, 0x00,
    0xca, 0x08, 0x00, 0x00, 0x39, 0x00, 0x05, 0x00, 0x02, 0x00,
    0x00, 0x00, 0xcb, 0x08, 0x00, 0x00, 0x3c, 0x00, 0x00, 0x00,
    0xc9, 0x08, 0x00, 0x00, 0x3d, 0x00, 0x04, 0x00, 0x0d, 0x00,
    0x00, 0x00, 0xcc, 0x08, 0x00, 0x00, 0xc9, 0x08, 0x00, 0x00,
    0x3e, 0x00, 0x03, 0x00, 0xb7, 0x08, 0x00, 0x00, 0xcc, 0x08,
    0x00, 0x00, 0x3d, 0x00, 0x04, 0x00, 0x0d, 0x00, 0x00, 0x00,
    0xd2, 0x08, 0x00, 0x00, 0xb7, 0x08, 0x00, 0x00, 0x3e, 0x00,
    0x03, 0x00, 0xd1, 0x08, 0x00, 0x00, 0xd2, 0x08, 0x00, 0x00,
    0x39, 0x00, 0x08, 0x00, 0x0f, 0x00, 0x00, 0x00, 0xd6, 0x08,
    0x00, 0x00, 0x83, 0x00, 0x00, 0x00, 0xd1, 0x08, 0x00, 0x00,
    0xd3, 0x08, 0x00, 0x00, 0xd4, 0x08, 0x00, 0x00, 0xd5, 0x08,
    0x00, 0x00, 0x3d, 0x00, 0x04, 0x00, 0x07, 0x00, 0x00, 0x00,
    0xd7, 0x08, 0x00, 0x00, 0xd3, 0x08, 0x00, 0x00, 0x3e, 0x00,
    0x03, 0x00, 0xce, 0x08, 0x00, 0x00, 0xd7, 0x08, 0x00, 0x00,
    0x3d, 0x00, 0x04, 0x00, 0x07, 0x00, 0x00, 0x00, 0xd8, 0x08,
    0x00, 0x00, 0xd4, 0x08, 0x00, 0x00, 0x3e, 0x00, 0x03, 0x00,
    0xcf, 0x08, 0x00, 0x00, 0xd8, 0x08, 0x00, 0x00, 0x3d, 0x00,
    0x04, 0x00, 0x06, 0x00, 0x00, 0x00, 0xd9, 0x08, 0x00, 0x00,
    0xd5, 0x08, 0x00, 0x00, 0x3e, 0x00, 0x03, 0x00, 0xd0, 0x08,
    0x00, 0x00, 0xd9, 0x08, 0x00, 0x00, 0x3d, 0x00, 0x04, 0x00,
    0x8b, 0x00, 0x00, 0x00, 0xda, 0x08, 0x00, 0x00, 0x8d, 0x00,
    0x00, 0x00, 0x3d, 0x00, 0x04, 0x00, 0x88, 0x00, 0x00, 0x00,
    0xdb, 0x08, 0x00, 0x00, 0x98, 0x00, 0x00, 0x00, 0x62, 0x00,
    0x05, 0x00, 0x0f, 0x00, 0x00, 0x00, 0xdc, 0x08, 0x00, 0x00,
    0xda, 0x08, 0x00, 0x00, 0xdb, 0x08, 0x00, 0x00, 0x81, 0x00,
    0x05, 0x00, 0x0f, 0x00, 0x00, 0x00, 0xdd, 0x08, 0x00, 0x00,
    0xd6, 0x08, 0x00, 0x00, 0xdc, 0x08, 0x00, 0x00, 0x3e, 0x00,
    0x03, 0x00, 0xcd, 0x08, 0x00, 0x00, 0xdd, 0x08, 0x00, 0x00,
    0x41, 0x00, 0x05, 0x00, 0xd1, 0x00, 0x00, 0x00, 0xde, 0x08,
    0x00, 0x00, 0xa2, 0x00, 0x00, 0x00, 0xc0, 0x00, 0x00, 0x00,
    0x3d, 0x00, 0x04, 0x00, 0x19, 0x00, 0x00, 0x00, 0xdf, 0x08,
    0x00, 0x00, 0xde, 0x08, 0x00, 0x00, 0xaa, 0x00, 0x05, 0x00,
    0x16, 0x00, 0x00, 0x00, 0xe0, 0x08, 0x00, 0x00, 0xdf, 0x08,
    0x00, 0x00, 0xa9, 0x00, 0x00, 0x00, 0xf7, 0x00, 0x03, 0x00,
    0xe2, 0x08, 0x00, 0x00, 0x00, 0x00, 0x00, 0x00, 0xfa, 0x00,
    0x04, 0x00, 0xe0, 0x08, 0x00, 0x00, 0xe1, 0x08, 0x00, 0x00,
    0xe2, 0x08, 0x00, 0x00, 0xf8, 0x00, 0x02, 0x00, 0xe1, 0x08,
    0x00, 0x00, 0x3d, 0x00, 0x04, 0x00, 0x8b, 0x00, 0x00, 0x00,
    0xe4, 0x08, 0x00, 0x00, 0xe3, 0x08, 0x00, 0x00, 0x3d, 0x00,
    0x04, 0x00, 0x88, 0x00, 0x00, 0x00, 0xe5, 0x08, 0x00, 0x00,
    0x98, 0x00, 0x00, 0x00, 0x3d, 0x00, 0x04, 0x00, 0x07, 0x00,
    0x00, 0x00, 0xe6, 0x08, 0x00, 0x00, 0xce, 0x08, 0x00, 0x00,
    0x51, 0x00, 0x05, 0x00, 0x06, 0x00, 0x00, 0x00, 0xe7, 0x08,
    0x00, 0x00, 0xe6, 0x08, 0x00, 0x00, 0x00, 0x00, 0x00, 0x00,
    0x51, 0x00, 0x05, 0x00, 0x06, 0x00, 0x00, 0x00, 0xe8, 0x08,
    0x00, 0x00, 0xe6, 0x08, 0x00, 0x00, 0x01, 0x00, 0x00, 0x00,
    0x51, 0x00, 0x05, 0x00, 0x06, 0x00, 0x00, 0x00, 0xe9, 0x08,
    0x00, 0x00, 0xe6, 0x08, 0x00, 0x00, 0x02, 0x00, 0x00, 0x00,
    0x50, 0x00, 0x07, 0x00, 0x0f, 0x00, 0x00, 0x00, 0xea, 0x08,
    0x00, 0x00, 0xe7, 0x08, 0x00, 0x00, 0xe8, 0x08, 0x00, 0x00,
    0xe9, 0x08, 0x00, 0x00, 0xd9, 0x01, 0x00, 0x00, 0x63, 0x00,
    0x04, 0x00, 0xe4, 0x08, 0x00, 0x00, 0xe5, 0x08, 0x00, 0x00,
    0xea, 0x08, 0x00, 0x00, 0x3d, 0x00, 0x04, 0x00, 0x8b, 0x00,
    0x00, 0x00, 0xec, 0x08, 0x00, 0x00, 0xeb, 0x08, 0x00, 0x00,
    0x3d, 0x00, 0x04, 0x00, 0x88, 0x00, 0x00, 0x00, 0xed, 0x08,
    0x00, 0x00, 0x98, 0x00, 0x00, 0x00, 0x3d, 0x00, 0x04, 0x00,
    0x07, 0x00, 0x00, 0x00, 0xef, 0x08, 0x00, 0x00, 0xcf, 0x08,
    0x00, 0x00, 0x3e, 0x00, 0x03, 0x00, 0xee, 0x08, 0x00, 0x00,
    0xef, 0x08, 0x00, 0x00, 0x39, 0x00, 0x05, 0x00, 0x0f, 0x00,
    0x00, 0x00, 0xf0, 0x08, 0x00, 0x00, 0x40, 0x00, 0x00, 0x00,
    0xee, 0x08, 0x00, 0x00, 0x63, 0x00, 0x04, 0x00, 0xec, 0x08,
    0x00, 0x00, 0xed, 0x08, 0x00, 0x00, 0xf0, 0x08, 0x00, 0x00,
    0x3d, 0x00, 0x04, 0x00, 0xf1, 0x08, 0x00, 0x00, 0xf4, 0x08,
    0x00, 0x00, 0xf3, 0x08, 0x00, 0x00, 0x3d, 0x00, 0x04, 0x00,
    0x88, 0x00, 0x00, 0x00, 0xf5, 0x08, 0x00, 0x00, 0x98, 0x00,
    0x00, 0x00, 0x3d, 0x00, 0x04, 0x00, 0x06, 0x00, 0x00, 0x00,
    0xf7, 0x08, 0x00, 0x00, 0xd0, 0x08, 0x00, 0x00, 0x3e, 0x00,
    0x03, 0x00, 0xf6, 0x08, 0x00, 0x00, 0xf7, 0x08, 0x00, 0x00,
    0x39, 0x00, 0x05, 0x00, 0x0f, 0x00, 0x00, 0x00, 0xf8, 0x08,
    0x00, 0x00, 0x44, 0x00, 0x00, 0x00, 0xf6, 0x08, 0x00, 0x00,
    0x63, 0x00, 0x04, 0x00, 0xf4, 0x08, 0x00, 0x00, 0xf5, 0x08,
    0x00, 0x00, 0xf8, 0x08, 0x00, 0x00, 0xf9, 0x00, 0x02, 0x00,
    0xe2, 0x08, 0x00, 0x00, 0xf8, 0x00, 0x02, 0x00, 0xe2, 0x08,
    0x00, 0x00, 0x3d, 0x00, 0x04, 0x00, 0x8b, 0x00, 0x00, 0x00,
    0xf9, 0x08, 0x00, 0x00, 0x8d, 0x00, 0x00, 0x00, 0x3d, 0x00,
    0x04, 0x00, 0x88, 0x00, 0x00, 0x00, 0xfa, 0x08, 0x00, 0x00,
    0x98, 0x00, 0x00, 0x00, 0x3d, 0x00, 0x04, 0x00, 0x0f, 0x00,
    0x00, 0x00, 0xfb, 0x08, 0x00, 0x00, 0xcd, 0x08, 0x00, 0x00,
    0x63, 0x00, 0x04, 0x00, 0xf9, 0x08, 0x00, 0x00, 0xfa, 0x08,
    0x00, 0x00, 0xfb, 0x08, 0x00, 0x00, 0xfd, 0x00, 0x01, 0x00,
    0x38, 0x00, 0x01, 0x00, 0x36, 0x00, 0x05, 0x00, 0x06, 0x00,
    0x00, 0x00, 0x0b, 0x00, 0x00, 0x00, 0x00, 0x00, 0x00, 0x00,
    0x09, 0x00, 0x00, 0x00, 0x37, 0x00, 0x03, 0x00, 0x08, 0x00,
    0x00, 0x00, 0x0a, 0x00, 0x00, 0x00, 0xf8, 0x00, 0x02, 0x00,
    0x0c, 0x00, 0x00, 0x00, 0x41, 0x00, 0x05, 0x00, 0x2a, 0x00,
    0x00, 0x00, 0xdc, 0x00, 0x00, 0x00, 0x0a, 0x00, 0x00, 0x00,
    0xa9, 0x00, 0x00, 0x00, 0x3d, 0x00, 0x04, 0x00, 0x06, 0x00,
    0x00, 0x00, 0xdd, 0x00, 0x00, 0x00, 0xdc, 0x00, 0x00, 0x00,
    0x85, 0x00, 0x05, 0x00, 0x06, 0x00, 0x00, 0x00, 0xde, 0x00,
    0x00, 0x00, 0xdb, 0x00, 0x00, 0x00, 0xdd, 0x00, 0x00, 0x00,
    0x41, 0x00, 0x05, 0x00, 0x2a, 0x00, 0x00, 0x00, 0xe0, 0x00,
    0x00, 0x00, 0x0a, 0x00, 0x00, 0x00, 0xad, 0x00, 0x00, 0x00,
    0x3d, 0x00, 0x04, 0x00, 0x06, 0x00, 0x00, 0x00, 0xe1, 0x00,
    0x00, 0x00, 0xe0, 0x00, 0x00, 0x00, 0x85, 0x00, 0x05, 0x00,
    0x06, 0x00, 0x00, 0x00, 0xe2, 0x00, 0x00, 0x00, 0xdf, 0x00,
    0x00, 0x00, 0xe1, 0x00, 0x00, 0x00, 0x81, 0x00, 0x05, 0x00,
    0x06, 0x00, 0x00, 0x00, 0xe3, 0x00, 0x00, 0x00, 0xde, 0x00,
    0x00, 0x00, 0xe2, 0x00, 0x00, 0x00, 0x41, 0x00, 0x05, 0x00,
    0x2a, 0x00, 0x00, 0x00, 0xe6, 0x00, 0x00, 0x00, 0x0a, 0x00,
    0x00, 0x00, 0xe5, 0x00, 0x00, 0x00, 0x3d, 0x00, 0x04, 0x00,
    0x06, 0x00, 0x00, 0x00, 0xe7, 0x00, 0x00, 0x00, 0xe6, 0x00,
    0x00, 0x00, 0x85, 0x00, 0x05, 0x00, 0x06, 0x00, 0x00, 0x00,
    0xe8, 0x00, 0x00, 0x00, 0xe4, 0x00, 0x00, 0x00, 0xe7, 0x00,
    0x00, 0x00, 0x81, 0x00, 0x05, 0x00, 0x06, 0x00, 0x00, 0x00,
    0xe9, 0x00, 0x00, 0x00, 0xe3, 0x00, 0x00, 0x00, 0xe8, 0x00,
    0x00, 0x00, 0xfe, 0x00, 0x02, 0x00, 0xe9, 0x00, 0x00, 0x00,
    0x38, 0x00, 0x01, 0x00, 0x36, 0x00, 0x05, 0x00, 0x0f, 0x00,
    0x00, 0x00, 0x12, 0x00, 0x00, 0x00, 0x00, 0x00, 0x00, 0x00,
    0x10, 0x00, 0x00, 0x00, 0x37, 0x00, 0x03, 0x00, 0x0e, 0x00,
    0x00, 0x00, 0x11, 0x00, 0x00, 0x00, 0xf8, 0x00, 0x02, 0x00,
    0x13, 0x00, 0x00, 0x00, 0x3b, 0x00, 0x04, 0x00, 0x08, 0x00,
    0x00, 0x00, 0xec, 0x00, 0x00, 0x00, 0x07, 0x00, 0x00, 0x00,
    0x3b, 0x00, 0x04, 0x00, 0x2a, 0x00, 0x00, 0x00, 0xf8, 0x00,
    0x00, 0x00, 0x07, 0x00, 0x00, 0x00, 0x3b, 0x00, 0x04, 0x00,
    0x2a, 0x00, 0x00, 0x00, 0xfc, 0x00, 0x00, 0x00, 0x07, 0x00,
    0x00, 0x00, 0x3b, 0x00, 0x04, 0x00, 0x2a, 0x00, 0x00, 0x00,
    0x00, 0x01, 0x00, 0x00, 0x07, 0x00, 0x00, 0x00, 0x3b, 0x00,
    0x04, 0x00, 0x08, 0x00, 0x00, 0x00, 0x0a, 0x01, 0x00, 0x00,
    0x07, 0x00, 0x00, 0x00, 0x3b, 0x00, 0x04, 0x00, 0x2a, 0x00,
    0x00, 0x00, 0x16, 0x01, 0x00, 0x00, 0x07, 0x00, 0x00, 0x00,
    0x3b, 0x00, 0x04, 0x00, 0x08, 0x00, 0x00, 0x00, 0x17, 0x01,
    0x00, 0x00, 0x07, 0x00, 0x00, 0x00, 0x41, 0x00, 0x06, 0x00,
    0xf2, 0x00, 0x00, 0x00, 0xf3, 0x00, 0x00, 0x00, 0xf1, 0x00,
    0x00, 0x00, 0x87, 0x00, 0x00, 0x00, 0x87, 0x00, 0x00, 0x00,
    0x3d, 0x00, 0x04, 0x00, 0xed, 0x00, 0x00, 0x00, 0xf4, 0x00,
    0x00, 0x00, 0xf3, 0x00, 0x00, 0x00, 0x41, 0x00, 0x05, 0x00,
    0x08, 0x00, 0x00, 0x00, 0xf5, 0x00, 0x00, 0x00, 0x11, 0x00,
    0x00, 0x00, 0xb0, 0x00, 0x00, 0x00, 0x3d, 0x00, 0x04, 0x00,
    0x07, 0x00, 0x00, 0x00, 0xf6, 0x00, 0x00, 0x00, 0xf5, 0x00,
    0x00, 0x00, 0x91, 0x00, 0x05, 0x00, 0x07, 0x00, 0x00, 0x00,
    0xf7, 0x00, 0x00, 0x00, 0xf4, 0x00, 0x00, 0x00, 0xf6, 0x00,
    0x00, 0x00, 0x3e, 0x00, 0x03, 0x00, 0xec, 0x00, 0x00, 0x00,
    0xf7, 0x00, 0x00, 0x00, 0x41, 0x00, 0x05, 0x00, 0x2a, 0x00,
    0x00, 0x00, 0xf9, 0x00, 0x00, 0x00, 0xec, 0x00, 0x00, 0x00,
    0xad, 0x00, 0x00, 0x00, 0x3d, 0x00, 0x04, 0x00, 0x06, 0x00,
    0x00, 0x00, 0xfa, 0x00, 0x00, 0x00, 0xf9, 0x00, 0x00, 0x00,
    0x0c, 0x00, 0x06, 0x00, 0x06, 0x00, 0x00, 0x00, 0xfb, 0x00,
    0x00, 0x00, 0x01, 0x00, 0x00, 0x00, 0x11, 0x00, 0x00, 0x00,
    0xfa, 0x00, 0x00, 0x00, 0x3e, 0x00, 0x03, 0x00, 0xf8, 0x00,
    0x00, 0x00, 0xfb, 0x00, 0x00, 0x00, 0x3d, 0x00, 0x04, 0x00,
    0x06, 0x00, 0x00, 0x00, 0xfd, 0x00, 0x00, 0x00, 0xf8, 0x00,
    0x00, 0x00, 0x85, 0x00, 0x05, 0x00, 0x06, 0x00, 0x00, 0x00,
    0xff, 0x00, 0x00, 0x00, 0xfd, 0x00, 0x00, 0x00, 0xfe, 0x00,
    0x00, 0x00, 0x3e, 0x00, 0x03, 0x00, 0xfc, 0x00, 0x00, 0x00,
    0xff, 0x00, 0x00, 0x00, 0x41, 0x00, 0x05, 0x00, 0x2a, 0x00,
    0x00, 0x00, 0x01, 0x01, 0x00, 0x00, 0xec, 0x00, 0x00, 0x00,
    0xe5, 0x00, 0x00, 0x00, 0x3d, 0x00, 0x04, 0x00, 0x06, 0x00,
    0x00, 0x00, 0x02, 0x01, 0x00, 0x00, 0x01, 0x01, 0x00, 0x00,
    0x41, 0x00, 0x05, 0x00, 0x2a, 0x00, 0x00, 0x00, 0x03, 0x01,
    0x00, 0x00, 0xec, 0x00, 0x00, 0x00, 0xa9, 0x00, 0x00, 0x00,
    0x3d, 0x00, 0x04, 0x00, 0x06, 0x00, 0x00, 0x00, 0x04, 0x01,
    0x00, 0x00, 0x03, 0x01, 0x00, 0x00, 0x0c, 0x00, 0x07, 0x00,
    0x06, 0x00, 0x00, 0x00, 0x05, 0x01, 0x00, 0x00, 0x01, 0x00,
    0x00, 0x00, 0x19, 0x00, 0x00, 0x00, 0x02, 0x01, 0x00, 0x00,
    0x04, 0x01, 0x00, 0x00, 0x85, 0x00, 0x05, 0x00, 0x06, 0x00,
    0x00, 0x00, 0x07, 0x01, 0x00, 0x00, 0x05, 0x01, 0x00, 0x00,
    0x06, 0x01, 0x00, 0x00, 0x81, 0x00, 0x05, 0x00, 0x06, 0x00,
    0x00, 0x00, 0x09, 0x01, 0x00, 0x00, 0x07, 0x01, 0x00, 0x00,
    0x08, 0x01, 0x00, 0x00, 0x3e, 0x00, 0x03, 0x00, 0x00, 0x01,
    0x00, 0x00, 0x09, 0x01, 0x00, 0x00, 0x3d, 0x00, 0x04, 0x00,
    0x92, 0x00, 0x00, 0x00, 0x0b, 0x01, 0x00, 0x00, 0x94, 0x00,
    0x00, 0x00, 0x3d, 0x00, 0x04, 0x00, 0x06, 0x00, 0x00, 0x00,
    0x0c, 0x01, 0x00, 0x00, 0x00, 0x01, 0x00, 0x00, 0x3d, 0x00,
    0x04, 0x00, 0x06, 0x00, 0x00, 0x00, 0x0d, 0x01, 0x00, 0x00,
    0xfc, 0x00, 0x00, 0x00, 0x50, 0x00, 0x05, 0x00, 0x14, 0x00,
    0x00, 0x00, 0x0e, 0x01, 0x00, 0x00, 0x0c, 0x01, 0x00, 0x00,
    0x0d, 0x01, 0x00, 0x00, 0x58, 0x00, 0x07, 0x00, 0x0f, 0x00,
    0x00, 0x00, 0x10, 0x01, 0x00, 0x00, 0x0b, 0x01, 0x00, 0x00,
    0x0e, 0x01, 0x00, 0x00, 0x02, 0x00, 0x00, 0x00, 0x0f, 0x01,
    0x00, 0x00, 0x4f, 0x00, 0x08, 0x00, 0x07, 0x00, 0x00, 0x00,
    0x11, 0x01, 0x00, 0x00, 0x10, 0x01, 0x00, 0x00, 0x10, 0x01,
    0x00, 0x00, 0x00, 0x00, 0x00, 0x00, 0x01, 0x00, 0x00, 0x00,
    0x02, 0x00, 0x00, 0x00, 0x41, 0x00, 0x06, 0x00, 0x12, 0x01,
    0x00, 0x00, 0x13, 0x01, 0x00, 0x00, 0xf1, 0x00, 0x00, 0x00,
    0x87, 0x00, 0x00, 0x00, 0xc0, 0x00, 0x00, 0x00, 0x3d, 0x00,
    0x04, 0x00, 0x06, 0x00, 0x00, 0x00, 0x14, 0x01, 0x00, 0x00,
    0x13, 0x01, 0x00, 0x00, 0x8e, 0x00, 0x05, 0x00, 0x07, 0x00,
    0x00, 0x00, 0x15, 0x01, 0x00, 0x00, 0x11, 0x01, 0x00, 0x00,
    0x14, 0x01, 0x00, 0x00, 0x3e, 0x00, 0x03, 0x00, 0x0a, 0x01,
    0x00, 0x00, 0x15, 0x01, 0x00, 0x00, 0x3d, 0x00, 0x04, 0x00,
    0x07, 0x00, 0x00, 0x00, 0x18, 0x01, 0x00, 0x00, 0x0a, 0x01,
    0x00, 0x00, 0x3e, 0x00, 0x03, 0x00, 0x17, 0x01, 0x00, 0x00,
    0x18, 0x01, 0x00, 0x00, 0x39, 0x00, 0x05, 0x00, 0x06, 0x00,
    0x00, 0x00, 0x19, 0x01, 0x00, 0x00, 0x0b, 0x00, 0x00, 0x00,
    0x17, 0x01, 0x00, 0x00, 0x41, 0x00, 0x06, 0x00, 0x12, 0x01,
    0x00, 0x00, 0x1b, 0x01, 0x00, 0x00, 0xf1, 0x00, 0x00, 0x00,
    0x87, 0x00, 0x00, 0x00, 0x1a, 0x01, 0x00, 0x00, 0x3d, 0x00,
    0x04, 0x00, 0x06, 0x00, 0x00, 0x00, 0x1c, 0x01, 0x00, 0x00,
    0x1b, 0x01, 0x00, 0x00, 0x88, 0x00, 0x05, 0x00, 0x06, 0x00,
    0x00, 0x00, 0x1d, 0x01, 0x00, 0x00, 0x19, 0x01, 0x00, 0x00,
    0x1c, 0x01, 0x00, 0x00, 0x3e, 0x00, 0x03, 0x00, 0x16, 0x01,
    0x00, 0x00, 0x1d, 0x01, 0x00, 0x00, 0x3d, 0x00, 0x04, 0x00,
    0x07, 0x00, 0x00, 0x00, 0x1e, 0x01, 0x00, 0x00, 0x0a, 0x01,
    0x00, 0x00, 0x3d, 0x00, 0x04, 0x00, 0x06, 0x00, 0x00, 0x00,
    0x1f, 0x01, 0x00, 0x00, 0x16, 0x01, 0x00, 0x00, 0x41, 0x00,
    0x05, 0x00, 0x85, 0x00, 0x00, 0x00, 0x20, 0x01, 0x00, 0x00,
    0x90, 0x00, 0x00, 0x00, 0xa9, 0x00, 0x00, 0x00, 0x3d, 0x00,
    0x04, 0x00, 0x15, 0x00, 0x00, 0x00, 0x21, 0x01, 0x00, 0x00,
    0x20, 0x01, 0x00, 0x00, 0x6f, 0x00, 0x04, 0x00, 0x06, 0x00,
    0x00, 0x00, 0x22, 0x01, 0x00, 0x00, 0x21, 0x01, 0x00, 0x00,
    0x85, 0x00, 0x05, 0x00, 0x06, 0x00, 0x00, 0x00, 0x23, 0x01,
    0x00, 0x00, 0x1f, 0x01, 0x00, 0x00, 0x22, 0x01, 0x00, 0x00,
    0x41, 0x00, 0x05, 0x00, 0x85, 0x00, 0x00, 0x00, 0x24, 0x01,
    0x00, 0x00, 0x90, 0x00, 0x00, 0x00, 0xad, 0x00, 0x00, 0x00,
    0x3d, 0x00, 0x04, 0x00, 0x15, 0x00, 0x00, 0x00, 0x25, 0x01,
    0x00, 0x00, 0x24, 0x01, 0x00, 0x00, 0x6f, 0x00, 0x04, 0x00,
    0x06, 0x00, 0x00, 0x00, 0x26, 0x01, 0x00, 0x00, 0x25, 0x01,
    0x00, 0x00, 0x85, 0x00, 0x05, 0x00, 0x06, 0x00, 0x00, 0x00,
    0x27, 0x01, 0x00, 0x00, 0x23, 0x01, 0x00, 0x00, 0x26, 0x01,
    0x00, 0x00, 0x85, 0x00, 0x05, 0x00, 0x06, 0x00, 0x00, 0x00,
    0x28, 0x01, 0x00, 0x00, 0x27, 0x01, 0x00, 0x00, 0x06, 0x01,
    0x00, 0x00, 0x85, 0x00, 0x05, 0x00, 0x06, 0x00, 0x00, 0x00,
    0x29, 0x01, 0x00, 0x00, 0x28, 0x01, 0x00, 0x00, 0xfe, 0x00,
    0x00, 0x00, 0x3d, 0x00, 0x04, 0x00, 0x06, 0x00, 0x00, 0x00,
    0x2a, 0x01, 0x00, 0x00, 0xf8, 0x00, 0x00, 0x00, 0x0c, 0x00,
    0x06, 0x00, 0x06, 0x00, 0x00, 0x00, 0x2b, 0x01, 0x00, 0x00,
    0x01, 0x00, 0x00, 0x00, 0x0d, 0x00, 0x00, 0x00, 0x2a, 0x01,
    0x00, 0x00, 0x88, 0x00, 0x05, 0x00, 0x06, 0x00, 0x00, 0x00,
    0x2c, 0x01, 0x00, 0x00, 0x29, 0x01, 0x00, 0x00, 0x2b, 0x01,
    0x00, 0x00, 0x51, 0x00, 0x05, 0x00, 0x06, 0x00, 0x00, 0x00,
    0x2d, 0x01, 0x00, 0x00, 0x1e, 0x01, 0x00, 0x00, 0x00, 0x00,
    0x00, 0x00, 0x51, 0x00, 0x05, 0x00, 0x06, 0x00, 0x00, 0x00,
    0x2e, 0x01, 0x00, 0x00, 0x1e, 0x01, 0x00, 0x00, 0x01, 0x00,
    0x00, 0x00, 0x51, 0x00, 0x05, 0x00, 0x06, 0x00, 0x00, 0x00,
    0x2f, 0x01, 0x00, 0x00, 0x1e, 0x01, 0x00, 0x00, 0x02, 0x00,
    0x00, 0x00, 0x50, 0x00, 0x07, 0x00, 0x0f, 0x00, 0x00, 0x00,
    0x30, 0x01, 0x00, 0x00, 0x2d, 0x01, 0x00, 0x00, 0x2e, 0x01,
    0x00, 0x00, 0x2f, 0x01, 0x00, 0x00, 0x2c, 0x01, 0x00, 0x00,
    0xfe, 0x00, 0x02, 0x00, 0x30, 0x01, 0x00, 0x00, 0x38, 0x00,
    0x01, 0x00, 0x36, 0x00, 0x05, 0x00, 0x1a, 0x00, 0x00, 0x00,
    0x1d, 0x00, 0x00, 0x00, 0x00, 0x00, 0x00, 0x00, 0x1b, 0x00,
    0x00, 0x00, 0x37, 0x00, 0x03, 0x00, 0x18, 0x00, 0x00, 0x00,
    0x1c, 0x00, 0x00, 0x00, 0xf8, 0x00, 0x02, 0x00, 0x1e, 0x00,
    0x00, 0x00, 0x3b, 0x00, 0x04, 0x00, 0x72, 0x00, 0x00, 0x00,
    0x33, 0x01, 0x00, 0x00, 0x07, 0x00, 0x00, 0x00, 0x3b, 0x00,
    0x04, 0x00, 0x08, 0x00, 0x00, 0x00, 0xcd, 0x01, 0x00, 0x00,
    0x07, 0x00, 0x00, 0x00, 0x41, 0x00, 0x05, 0x00, 0x48, 0x00,
    0x00, 0x00, 0x3a, 0x01, 0x00, 0x00, 0x1c, 0x00, 0x00, 0x00,
    0x39, 0x01, 0x00, 0x00, 0x3d, 0x00, 0x04, 0x00, 0x15, 0x00,
    0x00, 0x00, 0x3b, 0x01, 0x00, 0x00, 0x3a, 0x01, 0x00, 0x00,
    0x41, 0x00, 0x06, 0x00, 0x3c, 0x01, 0x00, 0x00, 0x3d, 0x01,
    0x00, 0x00, 0x38, 0x01, 0x00, 0x00, 0x87, 0x00, 0x00, 0x00,
    0x3b, 0x01, 0x00, 0x00, 0x3d, 0x00, 0x04, 0x00, 0x34, 0x01,
    0x00, 0x00, 0x3e, 0x01, 0x00, 0x00, 0x3d, 0x01, 0x00, 0x00,
    0x51, 0x00, 0x05, 0x00, 0x0f, 0x00, 0x00, 0x00, 0x3f, 0x01,
    0x00, 0x00, 0x3e, 0x01, 0x00, 0x00, 0x00, 0x00, 0x00, 0x00,
    0x41, 0x00, 0x05, 0x00, 0x40, 0x01, 0x00, 0x00, 0x41, 0x01,
    0x00, 0x00, 0x33, 0x01, 0x00, 0x00, 0x87, 0x00, 0x00, 0x00,
    0x3e, 0x00, 0x03, 0x00, 0x41, 0x01, 0x00, 0x00, 0x3f, 0x01,
    0x00, 0x00, 0x51, 0x00, 0x05, 0x00, 0x07, 0x00, 0x00, 0x00,
    0x42, 0x01, 0x00, 0x00, 0x3e, 0x01, 0x00, 0x00, 0x01, 0x00,
    0x00, 0x00, 0x41, 0x00, 0x05, 0x00, 0x08, 0x00, 0x00, 0x00,
    0x43, 0x01, 0x00, 0x00, 0x33, 0x01, 0x00, 0x00, 0xb0, 0x00,
    0x00, 0x00, 0x3e, 0x00, 0x03, 0x00, 0x43, 0x01, 0x00, 0x00,
    0x42, 0x01, 0x00, 0x00, 0x51, 0x00, 0x05, 0x00, 0x06, 0x00,
    0x00, 0x00, 0x44, 0x01, 0x00, 0x00, 0x3e, 0x01, 0x00, 0x00,
    0x02, 0x00, 0x00, 0x00, 0x41, 0x00, 0x05, 0x00, 0x2a, 0x00,
    0x00, 0x00, 0x45, 0x01, 0x00, 0x00, 0x33, 0x01, 0x00, 0x00,
    0xc0, 0x00, 0x00, 0x00, 0x3e, 0x00, 0x03, 0x00, 0x45, 0x01,
    0x00, 0x00, 0x44, 0x01, 0x00, 0x00, 0x51, 0x00, 0x05, 0x00,
    0x07, 0x00, 0x00, 0x00, 0x46, 0x01, 0x00, 0x00, 0x3e, 0x01,
    0x00, 0x00, 0x03, 0x00, 0x00, 0x00, 0x41, 0x00, 0x05, 0x00,
    0x08, 0x00, 0x00, 0x00, 0x47, 0x01, 0x00, 0x00, 0x33, 0x01,
    0x00, 0x00, 0x1a, 0x01, 0x00, 0x00, 0x3e, 0x00, 0x03, 0x00,
    0x47, 0x01, 0x00, 0x00, 0x46, 0x01, 0x00, 0x00, 0x51, 0x00,
    0x05, 0x00, 0x06, 0x00, 0x00, 0x00, 0x48, 0x01, 0x00, 0x00,
    0x3e, 0x01, 0x00, 0x00, 0x04, 0x00, 0x00, 0x00, 0x41, 0x00,
    0x05, 0x00, 0x2a, 0x00, 0x00, 0x00, 0x49, 0x01, 0x00, 0x00,
    0x33, 0x01, 0x00, 0x00, 0xc4, 0x00, 0x00, 0x00, 0x3e, 0x00,
    0x03, 0x00, 0x49, 0x01, 0x00, 0x00, 0x48, 0x01, 0x00, 0x00,
    0x51, 0x00, 0x05, 0x00, 0x06, 0x00, 0x00, 0x00, 0x4a, 0x01,
    0x00, 0x00, 0x3e, 0x01, 0x00, 0x00, 0x05, 0x00, 0x00, 0x00,
    0x41, 0x00, 0x05, 0x00, 0x2a, 0x00, 0x00, 0x00, 0x4c, 0x01,
    0x00, 0x00, 0x33, 0x01, 0x00, 0x00, 0x4b, 0x01, 0x00, 0x00,
    0x3e, 0x00, 0x03, 0x00, 0x4c, 0x01, 0x00, 0x00, 0x4a, 0x01,
    0x00, 0x00, 0x51, 0x00, 0x05, 0x00, 0x06, 0x00, 0x00, 0x00,
    0x4d, 0x01, 0x00, 0x00, 0x3e, 0x01, 0x00, 0x00, 0x06, 0x00,
    0x00, 0x00, 0x41, 0x00, 0x05, 0x00, 0x2a, 0x00, 0x00, 0x00,
    0x4e, 0x01, 0x00, 0x00, 0x33, 0x01, 0x00, 0x00, 0x39, 0x01,
    0x00, 0x00, 0x3e, 0x00, 0x03, 0x00, 0x4e, 0x01, 0x00, 0x00,
    0x4d, 0x01, 0x00, 0x00, 0x51, 0x00, 0x05, 0x00, 0x06, 0x00,
    0x00, 0x00, 0x4f, 0x01, 0x00, 0x00, 0x3e, 0x01, 0x00, 0x00,
    0x07, 0x00, 0x00, 0x00, 0x41, 0x00, 0x05, 0x00, 0x2a, 0x00,
    0x00, 0x00, 0x51, 0x01, 0x00, 0x00, 0x33, 0x01, 0x00, 0x00,
    0x50, 0x01, 0x00, 0x00, 0x3e, 0x00, 0x03, 0x00, 0x51, 0x01,
    0x00, 0x00, 0x4f, 0x01, 0x00, 0x00, 0x51, 0x00, 0x05, 0x00,
    0x06, 0x00, 0x00, 0x00, 0x52, 0x01, 0x00, 0x00, 0x3e, 0x01,
    0x00, 0x00, 0x08, 0x00, 0x00, 0x00, 0x41, 0x00, 0x05, 0x00,
    0x2a, 0x00, 0x00, 0x00, 0x54, 0x01, 0x00, 0x00, 0x33, 0x01,
    0x00, 0x00, 0x53, 0x01, 0x00, 0x00, 0x3e, 0x00, 0x03, 0x00,
    0x54, 0x01, 0x00, 0x00, 0x52, 0x01, 0x00, 0x00, 0x51, 0x00,
    0x05, 0x00, 0x15, 0x00, 0x00, 0x00, 0x55, 0x01, 0x00, 0x00,
    0x3e, 0x01, 0x00, 0x00, 0x09, 0x00, 0x00, 0x00, 0x41, 0x00,
    0x05, 0x00, 0x48, 0x00, 0x00, 0x00, 0x57, 0x01, 0x00, 0x00,
    0x33, 0x01, 0x00, 0x00, 0x56, 0x01, 0x00, 0x00, 0x3e, 0x00,
    0x03, 0x00, 0x57, 0x01, 0x00, 0x00, 0x55, 0x01, 0x00, 0x00,
    0x51, 0x00, 0x05, 0x00, 0x15, 0x00, 0x00, 0x00, 0x58, 0x01,
    0x00, 0x00, 0x3e, 0x01, 0x00, 0x00, 0x0a, 0x00, 0x00, 0x00,
    0x41, 0x00, 0x05, 0x00, 0x48, 0x00, 0x00, 0x00, 0x5a, 0x01,
    0x00, 0x00, 0x33, 0x01, 0x00, 0x00, 0x59, 0x01, 0x00, 0x00,
    0x3e, 0x00, 0x03, 0x00, 0x5a, 0x01, 0x00, 0x00, 0x58, 0x01,
    0x00, 0x00, 0x51, 0x00, 0x05, 0x00, 0x15, 0x00, 0x00, 0x00,
    0x5b, 0x01, 0x00, 0x00, 0x3e, 0x01, 0x00, 0x00, 0x0b, 0x00,
    0x00, 0x00, 0x41, 0x00, 0x05, 0x00, 0x48, 0x00, 0x00, 0x00,
    0x5d, 0x01, 0x00, 0x00, 0x33, 0x01, 0x00, 0x00, 0x5c, 0x01,
    0x00, 0x00, 0x3e, 0x00, 0x03, 0x00, 0x5d, 0x01, 0x00, 0x00,
    0x5b, 0x01, 0x00, 0x00, 0x51, 0x00, 0x05, 0x00, 0x15, 0x00,
    0x00, 0x00, 0x5e, 0x01, 0x00, 0x00, 0x3e, 0x01, 0x00, 0x00,
    0x0c, 0x00, 0x00, 0x00, 0x41, 0x00, 0x05, 0x00, 0x48, 0x00,
    0x00, 0x00, 0x60, 0x01, 0x00, 0x00, 0x33, 0x01, 0x00, 0x00,
    0x5f, 0x01, 0x00, 0x00, 0x3e, 0x00, 0x03, 0x00, 0x60, 0x01,
    0x00, 0x00, 0x5e, 0x01, 0x00, 0x00, 0x51, 0x00, 0x05, 0x00,
    0x15, 0x00, 0x00, 0x00, 0x61, 0x01, 0x00, 0x00, 0x3e, 0x01,
    0x00, 0x00, 0x0d, 0x00, 0x00, 0x00, 0x41, 0x00, 0x05, 0x00,
    0x48, 0x00, 0x00, 0x00, 0x63, 0x01, 0x00, 0x00, 0x33, 0x01,
    0x00, 0x00, 0x62, 0x01, 0x00, 0x00, 0x3e, 0x00, 0x03, 0x00,
    0x63, 0x01, 0x00, 0x00, 0x61, 0x01, 0x00, 0x00, 0x51, 0x00,
    0x05, 0x00, 0x19, 0x00, 0x00, 0x00, 0x64, 0x01, 0x00, 0x00,
    0x3e, 0x01, 0x00, 0x00, 0x0e, 0x00, 0x00, 0x00, 0x41, 0x00,
    0x05, 0x00, 0x66, 0x01, 0x00, 0x00, 0x67, 0x01, 0x00, 0x00,
    0x33, 0x01, 0x00, 0x00, 0x65, 0x01, 0x00, 0x00, 0x3e, 0x00,
    0x03, 0x00, 0x67, 0x01, 0x00, 0x00, 0x64, 0x01, 0x00, 0x00,
    0x51, 0x00, 0x05, 0x00, 0x06, 0x00, 0x00, 0x00, 0x68, 0x01,
    0x00, 0x00, 0x3e, 0x01, 0x00, 0x00, 0x0f, 0x00, 0x00, 0x00,
    0x41, 0x00, 0x05, 0x00, 0x2a, 0x00, 0x00, 0x00, 0x6a, 0x01,
    0x00, 0x00, 0x33, 0x01, 0x00, 0x00, 0x69, 0x01, 0x00, 0x00,
    0x3e, 0x00, 0x03, 0x00, 0x6a, 0x01, 0x00, 0x00, 0x68, 0x01,
    0x00, 0x00, 0x51, 0x00, 0x05, 0x00, 0x15, 0x00, 0x00, 0x00,
    0x6b, 0x01, 0x00, 0x00, 0x3e, 0x01, 0x00, 0x00, 0x10, 0x00,
    0x00, 0x00, 0x41, 0x00, 0x05, 0x00, 0x48, 0x00, 0x00, 0x00,
    0x6d, 0x01, 0x00, 0x00, 0x33, 0x01, 0x00, 0x00, 0x6c, 0x01,
    0x00, 0x00, 0x3e, 0x00, 0x03, 0x00, 0x6d, 0x01, 0x00, 0x00,
    0x6b, 0x01, 0x00, 0x00, 0x41, 0x00, 0x05, 0x00, 0x48, 0x00,
    0x00, 0x00, 0x6e, 0x01, 0x00, 0x00, 0x33, 0x01, 0x00, 0x00,
    0x56, 0x01, 0x00, 0x00, 0x3d, 0x00, 0x04, 0x00, 0x15, 0x00,
    0x00, 0x00, 0x6f, 0x01, 0x00, 0x00, 0x6e, 0x01, 0x00, 0x00,
    0xaf, 0x00, 0x05, 0x00, 0x16, 0x00, 0x00, 0x00, 0x70, 0x01,
    0x00, 0x00, 0x6f, 0x01, 0x00, 0x00, 0x87, 0x00, 0x00, 0x00,
    0xf7, 0x00, 0x03, 0x00, 0x72, 0x01, 0x00, 0x00, 0x00, 0x00,
    0x00, 0x00, 0xfa, 0x00, 0x04, 0x00, 0x70, 0x01, 0x00, 0x00,
    0x71, 0x01, 0x00, 0x00, 0x72, 0x01, 0x00, 0x00, 0xf8, 0x00,
    0x02, 0x00, 0x71, 0x01, 0x00, 0x00, 0x3d, 0x00, 0x04, 0x00,
    0x74, 0x01, 0x00, 0x00, 0x77, 0x01, 0x00, 0x00, 0x76, 0x01,
    0x00, 0x00, 0x41, 0x00, 0x05, 0x00, 0x78, 0x01, 0x00, 0x00,
    0x79, 0x01, 0x00, 0x00, 0x1c, 0x00, 0x00, 0x00, 0xc0, 0x00,
    0x00, 0x00, 0x3d, 0x00, 0x04, 0x00, 0x14, 0x00, 0x00, 0x00,
    0x7a, 0x01, 0x00, 0x00, 0x79, 0x01, 0x00, 0x00, 0x41, 0x00,
    0x05, 0x00, 0x48, 0x00, 0x00, 0x00, 0x7b, 0x01, 0x00, 0x00,
    0x33, 0x01, 0x00, 0x00, 0x56, 0x01, 0x00, 0x00, 0x3d, 0x00,
    0x04, 0x00, 0x15, 0x00, 0x00, 0x00, 0x7c, 0x01, 0x00, 0x00,
    0x7b, 0x01, 0x00, 0x00, 0x6f, 0x00, 0x04, 0x00, 0x06, 0x00,
    0x00, 0x00, 0x7d, 0x01, 0x00, 0x00, 0x7c, 0x01, 0x00, 0x00,
    0x51, 0x00, 0x05, 0x00, 0x06, 0x00, 0x00, 0x00, 0x7e, 0x01,
    0x00, 0x00, 0x7a, 0x01, 0x00, 0x00, 0x00, 0x00, 0x00, 0x00,
    0x51, 0x00, 0x05, 0x00, 0x06, 0x00, 0x00, 0x00, 0x7f, 0x01,
    0x00, 0x00, 0x7a, 0x01, 0x00, 0x00, 0x01, 0x00, 0x00, 0x00,
    0x50, 0x00, 0x06, 0x00, 0x07, 0x00, 0x00, 0x00, 0x80, 0x01,
    0x00, 0x00, 0x7e, 0x01, 0x00, 0x00, 0x7f, 0x01, 0x00, 0x00,
    0x7d, 0x01, 0x00, 0x00, 0x58, 0x00, 0x07, 0x00, 0x0f, 0x00,
    0x00, 0x00, 0x81, 0x01, 0x00, 0x00, 0x77, 0x01, 0x00, 0x00,
    0x80, 0x01, 0x00, 0x00, 0x02, 0x00, 0x00, 0x00, 0x0f, 0x01,
    0x00, 0x00, 0x41, 0x00, 0x05, 0x00, 0x40, 0x01, 0x00, 0x00,
    0x82, 0x01, 0x00, 0x00, 0x33, 0x01, 0x00, 0x00, 0x87, 0x00,
    0x00, 0x00, 0x3d, 0x00, 0x04, 0x00, 0x0f, 0x00, 0x00, 0x00,
    0x83, 0x01, 0x00, 0x00, 0x82, 0x01, 0x00, 0x00, 0x85, 0x00,
    0x05, 0x00, 0x0f, 0x00, 0x00, 0x00, 0x84, 0x01, 0x00, 0x00,
    0x83, 0x01, 0x00, 0x00, 0x81, 0x01, 0x00, 0x00, 0x41, 0x00,
    0x05, 0x00, 0x40, 0x01, 0x00, 0x00, 0x85, 0x01, 0x00, 0x00,
    0x33, 0x01, 0x00, 0x00, 0x87, 0x00, 0x00, 0x00, 0x3e, 0x00,
    0x03, 0x00, 0x85, 0x01, 0x00, 0x00, 0x84, 0x01, 0x00, 0x00,
    0xf9, 0x00, 0x02, 0x00, 0x72, 0x01, 0x00, 0x00, 0xf8, 0x00,
    0x02, 0x00, 0x72, 0x01, 0x00, 0x00, 0x41, 0x00, 0x05, 0x00,
    0x48, 0x00, 0x00, 0x00, 0x86, 0x01, 0x00, 0x00, 0x33, 0x01,
    0x00, 0x00, 0x59, 0x01, 0x00, 0x00, 0x3d, 0x00, 0x04, 0x00,
    0x15, 0x00, 0x00, 0x00, 0x87, 0x01, 0x00, 0x00, 0x86, 0x01,
    0x00, 0x00, 0xaf, 0x00, 0x05, 0x00, 0x16, 0x00, 0x00, 0x00,
    0x88, 0x01, 0x00, 0x00, 0x87, 0x01, 0x00, 0x00, 0x87, 0x00,
    0x00, 0x00, 0xf7, 0x00, 0x03, 0x00, 0x8a, 0x01, 0x00, 0x00,
    0x00, 0x00, 0x00, 0x00, 0xfa, 0x00, 0x04, 0x00, 0x88, 0x01,
    0x00, 0x00, 0x89, 0x01, 0x00, 0x00, 0x8a, 0x01, 0x00, 0x00,
    0xf8, 0x00, 0x02, 0x00, 0x89, 0x01, 0x00, 0x00, 0x3d, 0x00,
    0x04, 0x00, 0x74, 0x01, 0x00, 0x00, 0x8b, 0x01, 0x00, 0x00,
    0x76, 0x01, 0x00, 0x00, 0x41, 0x00, 0x05, 0x00, 0x78, 0x01,
    0x00, 0x00, 0x8c, 0x01, 0x00, 0x00, 0x1c, 0x00, 0x00, 0x00,
    0xc0, 0x00, 0x00, 0x00, 0x3d, 0x00, 0x04, 0x00, 0x14, 0x00,
    0x00, 0x00, 0x8d, 0x01, 0x00, 0x00, 0x8c, 0x01, 0x00, 0x00,
    0x41, 0x00, 0x05, 0x00, 0x48, 0x00, 0x00, 0x00, 0x8e, 0x01,
    0x00, 0x00, 0x33, 0x01, 0x00, 0x00, 0x59, 0x01, 0x00, 0x00,
    0x3d, 0x00, 0x04, 0x00, 0x15, 0x00, 0x00, 0x00, 0x8f, 0x01,
    0x00, 0x00, 0x8e, 0x01, 0x00, 0x00, 0x6f, 0x00, 0x04, 0x00,
    0x06, 0x00, 0x00, 0x00, 0x90, 0x01, 0x00, 0x00, 0x8f, 0x01,
    0x00, 0x00, 0x51, 0x00, 0x05, 0x00, 0x06, 0x00, 0x00, 0x00,
    0x91, 0x01, 0x00, 0x00, 0x8d, 0x01, 0x00, 0x00, 0x00, 0x00,
    0x00, 0x00, 0x51, 0x00, 0x05, 0x00, 0x06, 0x00, 0x00, 0x00,
    0x92, 0x01, 0x00, 0x00, 0x8d, 0x01, 0x00, 0x00, 0x01, 0x00,
    0x00, 0x00, 0x50, 0x00, 0x06, 0x00, 0x07, 0x00, 0x00, 0x00,
    0x93, 0x01, 0x00, 0x00, 0x91, 0x01, 0x00, 0x00, 0x92, 0x01,
    0x00, 0x00, 0x90, 0x01, 0x00, 0x00, 0x58, 0x00, 0x07, 0x00,
    0x0f, 0x00, 0x00, 0x00, 0x94, 0x01, 0x00, 0x00, 0x8b, 0x01,
    0x00, 0x00, 0x93, 0x01, 0x00, 0x00, 0x02, 0x00, 0x00, 0x00,
    0x0f, 0x01, 0x00, 0x00, 0x51, 0x00, 0x05, 0x00, 0x06, 0x00,
    0x00, 0x00, 0x95, 0x01, 0x00, 0x00, 0x94, 0x01, 0x00, 0x00,
    0x02, 0x00, 0x00, 0x00, 0x41, 0x00, 0x05, 0x00, 0x2a, 0x00,
    0x00, 0x00, 0x96, 0x01, 0x00, 0x00, 0x33, 0x01, 0x00, 0x00,
    0x39, 0x01, 0x00, 0x00, 0x3d, 0x00, 0x04, 0x00, 0x06, 0x00,
    0x00, 0x00, 0x97, 0x01, 0x00, 0x00, 0x96, 0x01, 0x00, 0x00,
    0x85, 0x00, 0x05, 0x00, 0x06, 0x00, 0x00, 0x00, 0x98, 0x01,
    0x00, 0x00, 0x97, 0x01, 0x00, 0x00, 0x95, 0x01, 0x00, 0x00,
    0x41, 0x00, 0x05, 0x00, 0x2a, 0x00, 0x00, 0x00, 0x99, 0x01,
    0x00, 0x00, 0x33, 0x01, 0x00, 0x00, 0x39, 0x01, 0x00, 0x00,
    0x3e, 0x00, 0x03, 0x00, 0x99, 0x01, 0x00, 0x00, 0x98, 0x01,
    0x00, 0x00, 0xf9, 0x00, 0x02, 0x00, 0x8a, 0x01, 0x00, 0x00,
    0xf8, 0x00, 0x02, 0x00, 0x8a, 0x01, 0x00, 0x00, 0x41, 0x00,
    0x05, 0x00, 0x48, 0x00, 0x00, 0x00, 0x9a, 0x01, 0x00, 0x00,
    0x33, 0x01, 0x00, 0x00, 0x5f, 0x01, 0x00, 0x00, 0x3d, 0x00,
    0x04, 0x00, 0x15, 0x00, 0x00, 0x00, 0x9b, 0x01, 0x00, 0x00,
    0x9a, 0x01, 0x00, 0x00, 0xaf, 0x00, 0x05, 0x00, 0x16, 0x00,
    0x00, 0x00, 0x9c, 0x01, 0x00, 0x00, 0x9b, 0x01, 0x00, 0x00,
    0x87, 0x00, 0x00, 0x00, 0xf7, 0x00, 0x03, 0x00, 0x9e, 0x01,
    0x00, 0x00, 0x00, 0x00, 0x00, 0x00, 0xfa, 0x00, 0x04, 0x00,
    0x9c, 0x01, 0x00, 0x00, 0x9d, 0x01, 0x00, 0x00, 0x9e, 0x01,
    0x00, 0x00, 0xf8, 0x00, 0x02, 0x00, 0x9d, 0x01, 0x00, 0x00,
    0x3d, 0x00, 0x04, 0x00, 0x74, 0x01, 0x00, 0x00, 0x9f, 0x01,
    0x00, 0x00, 0x76, 0x01, 0x00, 0x00, 0x41, 0x00, 0x05, 0x00,
    0x78, 0x01, 0x00, 0x00, 0xa0, 0x01, 0x00, 0x00, 0x1c, 0x00,
    0x00, 0x00, 0xc0, 0x00, 0x00, 0x00, 0x3d, 0x00, 0x04, 0x00,
    0x14, 0x00, 0x00, 0x00, 0xa1, 0x01, 0x00, 0x00, 0xa0, 0x01,
    0x00, 0x00, 0x41, 0x00, 0x05, 0x00, 0x48, 0x00, 0x00, 0x00,
    0xa2, 0x01, 0x00, 0x00, 0x33, 0x01, 0x00, 0x00, 0x5f, 0x01,
    0x00, 0x00, 0x3d, 0x00, 0x04, 0x00, 0x15, 0x00, 0x00, 0x00,
    0xa3, 0x01, 0x00, 0x00, 0xa2, 0x01, 0x00, 0x00, 0x6f, 0x00,
    0x04, 0x00, 0x06, 0x00, 0x00, 0x00, 0xa4, 0x01, 0x00, 0x00,
    0xa3, 0x01, 0x00, 0x00, 0x51, 0x00, 0x05, 0x00, 0x06, 0x00,
    0x00, 0x00, 0xa5, 0x01, 0x00, 0x00, 0xa1, 0x01, 0x00, 0x00,
    0x00, 0x00, 0x00, 0x00, 0x51, 0x00, 0x05, 0x00, 0x06, 0x00,
    0x00, 0x00, 0xa6, 0x01, 0x00, 0x00, 0xa1, 0x01, 0x00, 0x00,
    0x01, 0x00, 0x00, 0x00, 0x50, 0x00, 0x06, 0x00, 0x07, 0x00,
    0x00, 0x00, 0xa7, 0x01, 0x00, 0x00, 0xa5, 0x01, 0x00, 0x00,
    0xa6, 0x01, 0x00, 0x00, 0xa4, 0x01, 0x00, 0x00, 0x58, 0x00,
    0x07, 0x00, 0x0f, 0x00, 0x00, 0x00, 0xa8, 0x01, 0x00, 0x00,
    0x9f, 0x01, 0x00, 0x00, 0xa7, 0x01, 0x00, 0x00, 0x02, 0x00,
    0x00, 0x00, 0x0f, 0x01, 0x00, 0x00, 0x51, 0x00, 0x05, 0x00,
    0x06, 0x00, 0x00, 0x00, 0xa9, 0x01, 0x00, 0x00, 0xa8, 0x01,
    0x00, 0x00, 0x01, 0x00, 0x00, 0x00, 0x41, 0x00, 0x05, 0x00,
    0x2a, 0x00, 0x00, 0x00, 0xaa, 0x01, 0x00, 0x00, 0x33, 0x01,
    0x00, 0x00, 0x4b, 0x01, 0x00, 0x00, 0x3d, 0x00, 0x04, 0x00,
    0x06, 0x00, 0x00, 0x00, 0xab, 0x01, 0x00, 0x00, 0xaa, 0x01,
    0x00, 0x00, 0x85, 0x00, 0x05, 0x00, 0x06, 0x00, 0x00, 0x00,
    0xac, 0x01, 0x00, 0x00, 0xab, 0x01, 0x00, 0x00, 0xa9, 0x01,
    0x00, 0x00, 0x41, 0x00, 0x05, 0x00, 0x2a, 0x00, 0x00, 0x00,
    0xad, 0x01, 0x00, 0x00, 0x33, 0x01, 0x00, 0x00, 0x4b, 0x01,
    0x00, 0x00, 0x3e, 0x00, 0x03, 0x00, 0xad, 0x01, 0x00, 0x00,
    0xac, 0x01, 0x00, 0x00, 0xf9, 0x00, 0x02, 0x00, 0x9e, 0x01,
    0x00, 0x00, 0xf8, 0x00, 0x02, 0x00, 0x9e, 0x01, 0x00, 0x00,
    0x41, 0x00, 0x05, 0x00, 0x2a, 0x00, 0x00, 0x00, 0xae, 0x01,
    0x00, 0x00, 0x33, 0x01, 0x00, 0x00, 0xc0, 0x00, 0x00, 0x00,
    0x3d, 0x00, 0x04, 0x00, 0x06, 0x00, 0x00, 0x00, 0xaf, 0x01,
    0x00, 0x00, 0xae, 0x01, 0x00, 0x00, 0x41, 0x00, 0x05, 0x00,
    0x08, 0x00, 0x00, 0x00, 0xb0, 0x01, 0x00, 0x00, 0x33, 0x01,
    0x00, 0x00, 0xb0, 0x00, 0x00, 0x00, 0x3d, 0x00, 0x04, 0x00,
    0x07, 0x00, 0x00, 0x00, 0xb1, 0x01, 0x00, 0x00, 0xb0, 0x01,
    0x00, 0x00, 0x8e, 0x00, 0x05, 0x00, 0x07, 0x00, 0x00, 0x00,
    0xb2, 0x01, 0x00, 0x00, 0xb1, 0x01, 0x00, 0x00, 0xaf, 0x01,
    0x00, 0x00, 0x41, 0x00, 0x05, 0x00, 0x08, 0x00, 0x00, 0x00,
    0xb3, 0x01, 0x00, 0x00, 0x33, 0x01, 0x00, 0x00, 0xb0, 0x00,
    0x00, 0x00, 0x3e, 0x00, 0x03, 0x00, 0xb3, 0x01, 0x00, 0x00,
    0xb2, 0x01, 0x00, 0x00, 0x41, 0x00, 0x05, 0x00, 0x48, 0x00,
    0x00, 0x00, 0xb4, 0x01, 0x00, 0x00, 0x33, 0x01, 0x00, 0x00,
    0x5c, 0x01, 0x00, 0x00, 0x3d, 0x00, 0x04, 0x00, 0x15, 0x00,
    0x00, 0x00, 0xb5, 0x01, 0x00, 0x00, 0xb4, 0x01, 0x00, 0x00,
    0xaf, 0x00, 0x05, 0x00, 0x16, 0x00, 0x00, 0x00, 0xb6, 0x01,
    0x00, 0x00, 0xb5, 0x01, 0x00, 0x00, 0x87, 0x00, 0x00, 0x00,
    0xf7, 0x00, 0x03, 0x00, 0xb8, 0x01, 0x00, 0x00, 0x00, 0x00,
    0x00, 0x00, 0xfa, 0x00, 0x04, 0x00, 0xb6, 0x01, 0x00, 0x00,
    0xb7, 0x01, 0x00, 0x00, 0xb8, 0x01, 0x00, 0x00, 0xf8, 0x00,
    0x02, 0x00, 0xb7, 0x01, 0x00, 0x00, 0x3d, 0x00, 0x04, 0x00,
    0x74, 0x01, 0x00, 0x00, 0xb9, 0x01, 0x00, 0x00, 0x76, 0x01,
    0x00, 0x00, 0x41, 0x00, 0x05, 0x00, 0x78, 0x01, 0x00, 0x00,
    0xba, 0x01, 0x00, 0x00, 0x1c, 0x00, 0x00, 0x00, 0xc0, 0x00,
    0x00, 0x00, 0x3d, 0x00, 0x04, 0x00, 0x14, 0x00, 0x00, 0x00,
    0xbb, 0x01, 0x00, 0x00, 0xba, 0x01, 0x00, 0x00, 0x41, 0x00,
    0x05, 0x00, 0x48, 0x00, 0x00, 0x00, 0xbc, 0x01, 0x00, 0x00,
    0x33, 0x01, 0x00, 0x00, 0x5c, 0x01, 0x00, 0x00, 0x3d, 0x00,
    0x04, 0x00, 0x15, 0x00, 0x00, 0x00, 0xbd, 0x01, 0x00, 0x00,
    0xbc, 0x01, 0x00, 0x00, 0x6f, 0x00, 0x04, 0x00, 0x06, 0x00,
    0x00, 0x00, 0xbe, 0x01, 0x00, 0x00, 0xbd, 0x01, 0x00, 0x00,
    0x51, 0x00, 0x05, 0x00, 0x06, 0x00, 0x00, 0x00, 0xbf, 0x01,
    0x00, 0x00, 0xbb, 0x01, 0x00, 0x00, 0x00, 0x00, 0x00, 0x00,
    0x51, 0x00, 0x05, 0x00, 0x06, 0x00, 0x00, 0x00, 0xc0, 0x01,
    0x00, 0x00, 0xbb, 0x01, 0x00, 0x00, 0x01, 0x00, 0x00, 0x00,
    0x50, 0x00, 0x06, 0x00, 0x07, 0x00, 0x00, 0x00, 0xc1, 0x01,
    0x00, 0x00, 0xbf, 0x01, 0x00, 0x00, 0xc0, 0x01, 0x00, 0x00,
    0xbe, 0x01, 0x00, 0x00, 0x58, 0x00, 0x07, 0x00, 0x0f, 0x00,
    0x00, 0x00, 0xc2, 0x01, 0x00, 0x00, 0xb9, 0x01, 0x00, 0x00,
    0xc1, 0x01, 0x00, 0x00, 0x02, 0x00, 0x00, 0x00, 0x0f, 0x01,
    0x00, 0x00, 0x4f, 0x00, 0x08, 0x00, 0x07, 0x00, 0x00, 0x00,
    0xc3, 0x01, 0x00, 0x00, 0xc2, 0x01, 0x00, 0x00, 0xc2, 0x01,
    0x00, 0x00, 0x00, 0x00, 0x00, 0x00, 0x01, 0x00, 0x00, 0x00,
    0x02, 0x00, 0x00, 0x00, 0x41, 0x00, 0x05, 0x00, 0x08, 0x00,
    0x00, 0x00, 0xc4, 0x01, 0x00, 0x00, 0x33, 0x01, 0x00, 0x00,
    0xb0, 0x00, 0x00, 0x00, 0x3d, 0x00, 0x04, 0x00, 0x07, 0x00,
    0x00, 0x00, 0xc5, 0x01, 0x00, 0x00, 0xc4, 0x01, 0x00, 0x00,
    0x85, 0x00, 0x05, 0x00, 0x07, 0x00, 0x00, 0x00, 0xc6, 0x01,
    0x00, 0x00, 0xc5, 0x01, 0x00, 0x00, 0xc3, 0x01, 0x00, 0x00,
    0x41, 0x00, 0x05, 0x00, 0x08, 0x00, 0x00, 0x00, 0xc7, 0x01,
    0x00, 0x00, 0x33, 0x01, 0x00, 0x00, 0xb0, 0x00, 0x00, 0x00,
    0x3e, 0x00, 0x03, 0x00, 0xc7, 0x01, 0x00, 0x00, 0xc6, 0x01,
    0x00, 0x00, 0xf9, 0x00, 0x02, 0x00, 0xb8, 0x01, 0x00, 0x00,
    0xf8, 0x00, 0x02, 0x00, 0xb8, 0x01, 0x00, 0x00, 0x41, 0x00,
    0x05, 0x00, 0x48, 0x00, 0x00, 0x00, 0xc8, 0x01, 0x00, 0x00,
    0x33, 0x01, 0x00, 0x00, 0x62, 0x01, 0x00, 0x00, 0x3d, 0x00,
    0x04, 0x00, 0x15, 0x00, 0x00, 0x00, 0xc9, 0x01, 0x00, 0x00,
    0xc8, 0x01, 0x00, 0x00, 0xaf, 0x00, 0x05, 0x00, 0x16, 0x00,
    0x00, 0x00, 0xca, 0x01, 0x00, 0x00, 0xc9, 0x01, 0x00, 0x00,
    0x87, 0x00, 0x00, 0x00, 0xf7, 0x00, 0x03, 0x00, 0xcc, 0x01,
    0x00, 0x00, 0x00, 0x00, 0x00, 0x00, 0xfa, 0x00, 0x04, 0x00,
    0xca, 0x01, 0x00, 0x00, 0xcb, 0x01, 0x00, 0x00, 0xcc, 0x01,
    0x00, 0x00, 0xf8, 0x00, 0x02, 0x00, 0xcb, 0x01, 0x00, 0x00,
    0x3d, 0x00, 0x04, 0x00, 0x74, 0x01, 0x00, 0x00, 0xce, 0x01,
    0x00, 0x00, 0x76, 0x01, 0x00, 0x00, 0x41, 0x00, 0x05, 0x00,
    0x78, 0x01, 0x00, 0x00, 0xcf, 0x01, 0x00, 0x00, 0x1c, 0x00,
    0x00, 0x00, 0xc0, 0x00, 0x00, 0x00, 0x3d, 0x00, 0x04, 0x00,
    0x14, 0x00, 0x00, 0x00, 0xd0, 0x01, 0x00, 0x00, 0xcf, 0x01,
    0x00, 0x00, 0x41, 0x00, 0x05, 0x00, 0x48, 0x00, 0x00, 0x00,
    0xd1, 0x01, 0x00, 0x00, 0x33, 0x01, 0x00, 0x00, 0x62, 0x01,
    0x00, 0x00, 0x3d, 0x00, 0x04, 0x00, 0x15, 0x00, 0x00, 0x00,
    0xd2, 0x01, 0x00, 0x00, 0xd1, 0x01, 0x00, 0x00, 0x6f, 0x00,
    0x04, 0x00, 0x06, 0x00, 0x00, 0x00, 0xd3, 0x01, 0x00, 0x00,
    0xd2, 0x01, 0x00, 0x00, 0x51, 0x00, 0x05, 0x00, 0x06, 0x00,
    0x00, 0x00, 0xd4, 0x01, 0x00, 0x00, 0xd0, 0x01, 0x00, 0x00,
    0x00, 0x00, 0x00, 0x00, 0x51, 0x00, 0x05, 0x00, 0x06, 0x00,
    0x00, 0x00, 0xd5, 0x01, 0x00, 0x00, 0xd0, 0x01, 0x00, 0x00,
    0x01, 0x00, 0x00, 0x00, 0x50, 0x00, 0x06, 0x00, 0x07, 0x00,
    0x00, 0x00, 0xd6, 0x01, 0x00, 0x00, 0xd4, 0x01, 0x00, 0x00,
    0xd5, 0x01, 0x00, 0x00, 0xd3, 0x01, 0x00, 0x00, 0x58, 0x00,
    0x07, 0x00, 0x0f, 0x00, 0x00, 0x00, 0xd7, 0x01, 0x00, 0x00,
    0xce, 0x01, 0x00, 0x00, 0xd6, 0x01, 0x00, 0x00, 0x02, 0x00,
    0x00, 0x00, 0x0f, 0x01, 0x00, 0x00, 0x4f, 0x00, 0x08, 0x00,
    0x07, 0x00, 0x00, 0x00, 0xd8, 0x01, 0x00, 0x00, 0xd7, 0x01,
    0x00, 0x00, 0xd7, 0x01, 0x00, 0x00, 0x00, 0x00, 0x00, 0x00,
    0x01, 0x00, 0x00, 0x00, 0x02, 0x00, 0x00, 0x00, 0x3e, 0x00,
    0x03, 0x00, 0xcd, 0x01, 0x00, 0x00, 0xd8, 0x01, 0x00, 0x00,
    0x41, 0x00, 0x05, 0x00, 0x2a, 0x00, 0x00, 0x00, 0xda, 0x01,
    0x00, 0x00, 0xcd, 0x01, 0x00, 0x00, 0xad, 0x00, 0x00, 0x00,
    0x3d, 0x00, 0x04, 0x00, 0x06, 0x00, 0x00, 0x00, 0xdb, 0x01,
    0x00, 0x00, 0xda, 0x01, 0x00, 0x00, 0x83, 0x00, 0x05, 0x00,
    0x06, 0x00, 0x00, 0x00, 0xdc, 0x01, 0x00, 0x00, 0xd9, 0x01,
    0x00, 0x00, 0xdb, 0x01, 0x00, 0x00, 0x41, 0x00, 0x05, 0x00,
    0x2a, 0x00, 0x00, 0x00, 0xdd, 0x01, 0x00, 0x00, 0xcd, 0x01,
    0x00, 0x00, 0xad, 0x00, 0x00, 0x00, 0x3e, 0x00, 0x03, 0x00,
    0xdd, 0x01, 0x00, 0x00, 0xdc, 0x01, 0x00, 0x00, 0x3d, 0x00,
    0x04, 0x00, 0x07, 0x00, 0x00, 0x00, 0xde, 0x01, 0x00, 0x00,
    0xcd, 0x01, 0x00, 0x00, 0x8e, 0x00, 0x05, 0x00, 0x07, 0x00,
    0x00, 0x00, 0xe0, 0x01, 0x00, 0x00, 0xde, 0x01, 0x00, 0x00,
    0xdf, 0x01, 0x00, 0x00, 0x50, 0x00, 0x06, 0x00, 0x07, 0x00,
    0x00, 0x00, 0xe1, 0x01, 0x00, 0x00, 0xd9, 0x01, 0x00, 0x00,
    0xd9, 0x01, 0x00, 0x00, 0xd9, 0x01, 0x00, 0x00, 0x83, 0x00,
    0x05, 0x00, 0x07, 0x00, 0x00, 0x00, 0xe2, 0x01, 0x00, 0x00,
    0xe0, 0x01, 0x00, 0x00, 0xe1, 0x01, 0x00, 0x00, 0x0c, 0x00,
    0x06, 0x00, 0x07, 0x00, 0x00, 0x00, 0xe3, 0x01, 0x00, 0x00,
    0x01, 0x00, 0x00, 0x00, 0x45, 0x00, 0x00, 0x00, 0xe2, 0x01,
    0x00, 0x00, 0x3e, 0x00, 0x03, 0x00, 0xcd, 0x01, 0x00, 0x00,
    0xe3, 0x01, 0x00, 0x00, 0x41, 0x00, 0x05, 0x00, 0x08, 0x00,
    0x00, 0x00, 0xe4, 0x01, 0x00, 0x00, 0x1c, 0x00, 0x00, 0x00,
    0xc4, 0x00, 0x00, 0x00, 0x3d, 0x00, 0x04, 0x00, 0x07, 0x00,
    0x00, 0x00, 0xe5, 0x01, 0x00, 0x00, 0xe4, 0x01, 0x00, 0x00,
    0x41, 0x00, 0x05, 0x00, 0x2a, 0x00, 0x00, 0x00, 0xe6, 0x01,
    0x00, 0x00, 0xcd, 0x01, 0x00, 0x00, 0xa9, 0x00, 0x00, 0x00,
    0x3d, 0x00, 0x04, 0x00, 0x06, 0x00, 0x00, 0x00, 0xe7, 0x01,
    0x00, 0x00, 0xe6, 0x01, 0x00, 0x00, 0x8e, 0x00, 0x05, 0x00,
    0x07, 0x00, 0x00, 0x00, 0xe8, 0x01, 0x00, 0x00, 0xe5, 0x01,
    0x00, 0x00, 0xe7, 0x01, 0x00, 0x00, 0x41, 0x00, 0x05, 0x00,
    0x08, 0x00, 0x00, 0x00, 0xe9, 0x01, 0x00, 0x00, 0x1c, 0x00,
    0x00, 0x00, 0x4b, 0x01, 0x00, 0x00, 0x3d, 0x00, 0x04, 0x00,
    0x07, 0x00, 0x00, 0x00, 0xea, 0x01, 0x00, 0x00, 0xe9, 0x01,
    0x00, 0x00, 0x41, 0x00, 0x05, 0x00, 0x2a, 0x00, 0x00, 0x00,
    0xeb, 0x01, 0x00, 0x00, 0xcd, 0x01, 0x00, 0x00, 0xad, 0x00,
    0x00, 0x00, 0x3d, 0x00, 0x04, 0x00, 0x06, 0x00, 0x00, 0x00,
    0xec, 0x01, 0x00, 0x00, 0xeb, 0x01, 0x00, 0x00, 0x8e, 0x00,
    0x05, 0x00, 0x07, 0x00, 0x00, 0x00, 0xed, 0x01, 0x00, 0x00,
    0xea, 0x01, 0x00, 0x00, 0xec, 0x01, 0x00, 0x00, 0x81, 0x00,
    0x05, 0x00, 0x07, 0x00, 0x00, 0x00, 0xee, 0x01, 0x00, 0x00,
    0xe8, 0x01, 0x00, 0x00, 0xed, 0x01, 0x00, 0x00, 0x41, 0x00,
    0x05, 0x00, 0x08, 0x00, 0x00, 0x00, 0xef, 0x01, 0x00, 0x00,
    0x1c, 0x00, 0x00, 0x00, 0x1a, 0x01, 0x00, 0x00, 0x3d, 0x00,
    0x04, 0x00, 0x07, 0x00, 0x00, 0x00, 0xf0, 0x01, 0x00, 0x00,
    0xef, 0x01, 0x00, 0x00, 0x41, 0x00, 0x05, 0x00, 0x2a, 0x00,
    0x00, 0x00, 0xf1, 0x01, 0x00, 0x00, 0xcd, 0x01, 0x00, 0x00,
    0xe5, 0x00, 0x00, 0x00, 0x3d, 0x00, 0x04, 0x00, 0x06, 0x00,
    0x00, 0x00, 0xf2, 0x01, 0x00, 0x00, 0xf1, 0x01, 0x00, 0x00,
    0x8e, 0x00, 0x05, 0x00, 0x07, 0x00, 0x00, 0x00, 0xf3, 0x01,
    0x00, 0x00, 0xf0, 0x01, 0x00, 0x00, 0xf2, 0x01, 0x00, 0x00,
    0x81, 0x00, 0x05, 0x00, 0x07, 0x00, 0x00, 0x00, 0xf4, 0x01,
    0x00, 0x00, 0xee, 0x01, 0x00, 0x00, 0xf3, 0x01, 0x00, 0x00,
    0x0c, 0x00, 0x06, 0x00, 0x07, 0x00, 0x00, 0x00, 0xf5, 0x01,
    0x00, 0x00, 0x01, 0x00, 0x00, 0x00, 0x45, 0x00, 0x00, 0x00,
    0xf4, 0x01, 0x00, 0x00, 0x41, 0x00, 0x05, 0x00, 0x08, 0x00,
    0x00, 0x00, 0xf6, 0x01, 0x00, 0x00, 0x1c, 0x00, 0x00, 0x00,
    0x1a, 0x01, 0x00, 0x00, 0x3e, 0x00, 0x03, 0x00, 0xf6, 0x01,
    0x00, 0x00, 0xf5, 0x01, 0x00, 0x00, 0xf9, 0x00, 0x02, 0x00,
    0xcc, 0x01, 0x00, 0x00, 0xf8, 0x00, 0x02, 0x00, 0xcc, 0x01,
    0x00, 0x00, 0x41, 0x00, 0x05, 0x00, 0x33, 0x00, 0x00, 0x00,
    0xf7, 0x01, 0x00, 0x00, 0x1c, 0x00, 0x00, 0x00, 0x50, 0x01,
    0x00, 0x00, 0x3d, 0x00, 0x04, 0x00, 0x16, 0x00, 0x00, 0x00,
    0xf8, 0x01, 0x00, 0x00, 0xf7, 0x01, 0x00, 0x00, 0xa8, 0x00,
    0x04, 0x00, 0x16, 0x00, 0x00, 0x00, 0xf9, 0x01, 0x00, 0x00,
    0xf8, 0x01, 0x00, 0x00, 0xf7, 0x00, 0x03, 0x00, 0xfb, 0x01,
    0x00, 0x00, 0x00, 0x00, 0x00, 0x00, 0xfa, 0x00, 0x04, 0x00,
    0xf9, 0x01, 0x00, 0x00, 0xfa, 0x01, 0x00, 0x00, 0xfb, 0x01,
    0x00, 0x00, 0xf8, 0x00, 0x02, 0x00, 0xfa, 0x01, 0x00, 0x00,
    0x41, 0x00, 0x05, 0x00, 0x08, 0x00, 0x00, 0x00, 0xfd, 0x01,
    0x00, 0x00, 0x1c, 0x00, 0x00, 0x00, 0x1a, 0x01, 0x00, 0x00,
    0x3d, 0x00, 0x04, 0x00, 0x07, 0x00, 0x00, 0x00, 0xfe, 0x01,
    0x00, 0x00, 0xfd, 0x01, 0x00, 0x00, 0x8e, 0x00, 0x05, 0x00,
    0x07, 0x00, 0x00, 0x00, 0xff, 0x01, 0x00, 0x00, 0xfe, 0x01,
    0x00, 0x00, 0xfc, 0x01, 0x00, 0x00, 0x41, 0x00, 0x05, 0x00,
    0x08, 0x00, 0x00, 0x00, 0x00, 0x02, 0x00, 0x00, 0x1c, 0x00,
    0x00, 0x00, 0x1a, 0x01, 0x00, 0x00, 0x3e, 0x00, 0x03, 0x00,
    0x00, 0x02, 0x00, 0x00, 0xff, 0x01, 0x00, 0x00, 0xf9, 0x00,
    0x02, 0x00, 0xfb, 0x01, 0x00, 0x00, 0xf8, 0x00, 0x02, 0x00,
    0xfb, 0x01, 0x00, 0x00, 0x3d, 0x00, 0x04, 0x00, 0x1a, 0x00,
    0x00, 0x00, 0x01, 0x02, 0x00, 0x00, 0x33, 0x01, 0x00, 0x00,
    0xfe, 0x00, 0x02, 0x00, 0x01, 0x02, 0x00, 0x00, 0x38, 0x00,
    0x01, 0x00, 0x36, 0x00, 0x05, 0x00, 0x06, 0x00, 0x00, 0x00,
    0x20, 0x00, 0x00, 0x00, 0x00, 0x00, 0x00, 0x00, 0x1f, 0x00,
    0x00, 0x00, 0xf8, 0x00, 0x02, 0x00, 0x21, 0x00, 0x00, 0x00,
    0x3d, 0x00, 0x04, 0x00, 0xc8, 0x00, 0x00, 0x00, 0x04, 0x02,
    0x00, 0x00, 0xca, 0x00, 0x00, 0x00, 0x50, 0x00, 0x07, 0x00,
    0xc8, 0x00, 0x00, 0x00, 0x06, 0x02, 0x00, 0x00, 0x05, 0x02,
    0x00, 0x00, 0x05, 0x02, 0x00, 0x00, 0x05, 0x02, 0x00, 0x00,
    0x05, 0x02, 0x00, 0x00, 0x84, 0x00, 0x05, 0x00, 0xc8, 0x00,
    0x00, 0x00, 0x07, 0x02, 0x00, 0x00, 0x04, 0x02, 0x00, 0x00,
    0x06, 0x02, 0x00, 0x00, 0x50, 0x00, 0x07, 0x00, 0xc8, 0x00,
    0x00, 0x00, 0x09, 0x02, 0x00, 0x00, 0x08, 0x02, 0x00, 0x00,
    0x08, 0x02, 0x00, 0x00, 0x08, 0x02, 0x00, 0x00, 0x08, 0x02,
    0x00, 0x00, 0x80, 0x00, 0x05, 0x00, 0xc8, 0x00, 0x00, 0x00,
    0x0a, 0x02, 0x00, 0x00, 0x07, 0x02, 0x00, 0x00, 0x09, 0x02,
    0x00, 0x00, 0x3e, 0x00, 0x03, 0x00, 0xca, 0x00, 0x00, 0x00,
    0x0a, 0x02, 0x00, 0x00, 0x41, 0x00, 0x05, 0x00, 0x0b, 0x02,
    0x00, 0x00, 0x0c, 0x02, 0x00, 0x00, 0xca, 0x00, 0x00, 0x00,
    0xad, 0x00, 0x00, 0x00, 0x3d, 0x00, 0x04, 0x00, 0x19, 0x00,
    0x00, 0x00, 0x0d, 0x02, 0x00, 0x00, 0x0c, 0x02, 0x00, 0x00,
    0x41, 0x00, 0x05, 0x00, 0x0b, 0x02, 0x00, 0x00, 0x0f, 0x02,
    0x00, 0x00, 0xca, 0x00, 0x00, 0x00, 0x0e, 0x02, 0x00, 0x00,
    0x3d, 0x00, 0x04, 0x00, 0x19, 0x00, 0x00, 0x00, 0x10, 0x02,
    0x00, 0x00, 0x0f, 0x02, 0x00, 0x00, 0x84, 0x00, 0x05, 0x00,
    0x19, 0x00, 0x00, 0x00, 0x11, 0x02, 0x00, 0x00, 0x0d, 0x02,
    0x00, 0x00, 0x10, 0x02, 0x00, 0x00, 0x41, 0x00, 0x05, 0x00,
    0x0b, 0x02, 0x00, 0x00, 0x12, 0x02, 0x00, 0x00, 0xca, 0x00,
    0x00, 0x00, 0xa9, 0x00, 0x00, 0x00, 0x3d, 0x00, 0x04, 0x00,
    0x19, 0x00, 0x00, 0x00, 0x13, 0x02, 0x00, 0x00, 0x12, 0x02,
    0x00, 0x00, 0x80, 0x00, 0x05, 0x00, 0x19, 0x00, 0x00, 0x00,
    0x14, 0x02, 0x00, 0x00, 0x13, 0x02, 0x00, 0x00, 0x11, 0x02,
    0x00, 0x00, 0x41, 0x00, 0x05, 0x00, 0x0b, 0x02, 0x00, 0x00,
    0x15, 0x02, 0x00, 0x00, 0xca, 0x00, 0x00, 0x00, 0xa9, 0x00,
    0x00, 0x00, 0x3e, 0x00, 0x03, 0x00, 0x15, 0x02, 0x00, 0x00,
    0x14, 0x02, 0x00, 0x00, 0x41, 0x00, 0x05, 0x00, 0x0b, 0x02,
    0x00, 0x00, 0x16, 0x02, 0x00, 0x00, 0xca, 0x00, 0x00, 0x00,
    0xe5, 0x00, 0x00, 0x00, 0x3d, 0x00, 0x04, 0x00, 0x19, 0x00,
    0x00, 0x00, 0x17, 0x02, 0x00, 0x00, 0x16, 0x02, 0x00, 0x00,
    0x41, 0x00, 0x05, 0x00, 0x0b, 0x02, 0x00, 0x00, 0x18, 0x02,
    0x00, 0x00, 0xca, 0x00, 0x00, 0x00, 0xa9, 0x00, 0x00, 0x00,
    0x3d, 0x00, 0x04, 0x00, 0x19, 0x00, 0x00, 0x00, 0x19, 0x02,
    0x00, 0x00, 0x18, 0x02, 0x00, 0x00, 0x84, 0x00, 0x05, 0x00,
    0x19, 0x00, 0x00, 0x00, 0x1a, 0x02, 0x00, 0x00, 0x17, 0x02,
    0x00, 0x00, 0x19, 0x02, 0x00, 0x00, 0x41, 0x00, 0x05, 0x00,
    0x0b, 0x02, 0x00, 0x00, 0x1b, 0x02, 0x00, 0x00, 0xca, 0x00,
    0x00, 0x00, 0xad, 0x00, 0x00, 0x00, 0x3d, 0x00, 0x04, 0x00,
    0x19, 0x00, 0x00, 0x00, 0x1c, 0x02, 0x00, 0x00, 0x1b, 0x02,
    0x00, 0x00, 0x80, 0x00, 0x05, 0x00, 0x19, 0x00, 0x00, 0x00,
    0x1d, 0x02, 0x00, 0x00, 0x1c, 0x02, 0x00, 0x00, 0x1a, 0x02,
    0x00, 0x00, 0x41, 0x00, 0x05, 0x00, 0x0b, 0x02, 0x00, 0x00,
    0x1e, 0x02, 0x00, 0x00, 0xca, 0x00, 0x00, 0x00, 0xad, 0x00,
    0x00, 0x00, 0x3e, 0x00, 0x03, 0x00, 0x1e, 0x02, 0x00, 0x00,
    0x1d, 0x02, 0x00, 0x00, 0x41, 0x00, 0x05, 0x00, 0x0b, 0x02,
    0x00, 0x00, 0x1f, 0x02, 0x00, 0x00, 0xca, 0x00, 0x00, 0x00,
    0xa9, 0x00, 0x00, 0x00, 0x3d, 0x00, 0x04, 0x00, 0x19, 0x00,
    0x00, 0x00, 0x20, 0x02, 0x00, 0x00, 0x1f, 0x02, 0x00, 0x00,
    0x41, 0x00, 0x05, 0x00, 0x0b, 0x02, 0x00, 0x00, 0x21, 0x02,
    0x00, 0x00, 0xca, 0x00, 0x00, 0x00, 0xad, 0x00, 0x00, 0x00,
    0x3d, 0x00, 0x04, 0x00, 0x19, 0x00, 0x00, 0x00, 0x22, 0x02,
    0x00, 0x00, 0x21, 0x02, 0x00, 0x00, 0x84, 0x00, 0x05, 0x00,
    0x19, 0x00, 0x00, 0x00, 0x23, 0x02, 0x00, 0x00, 0x20, 0x02,
    0x00, 0x00, 0x22, 0x02, 0x00, 0x00, 0x41, 0x00, 0x05, 0x00,
    0x0b, 0x02, 0x00, 0x00, 0x24, 0x02, 0x00, 0x00, 0xca, 0x00,
    0x00, 0x00, 0xe5, 0x00, 0x00, 0x00, 0x3d, 0x00, 0x04, 0x00,
    0x19, 0x00, 0x00, 0x00, 0x25, 0x02, 0x00, 0x00, 0x24, 0x02,
    0x00, 0x00, 0x80, 0x00, 0x05, 0x00, 0x19, 0x00, 0x00, 0x00,
    0x26, 0x02, 0x00, 0x00, 0x25, 0x02, 0x00, 0x00, 0x23, 0x02,
    0x00, 0x00, 0x41, 0x00, 0x05, 0x00, 0x0b, 0x02, 0x00, 0x00,
    0x27, 0x02, 0x00, 0x00, 0xca, 0x00, 0x00, 0x00, 0xe5, 0x00,
    0x00, 0x00, 0x3e, 0x00, 0x03, 0x00, 0x27, 0x02, 0x00, 0x00,
    0x26, 0x02, 0x00, 0x00, 0x41, 0x00, 0x05, 0x00, 0x0b, 0x02,
    0x00, 0x00, 0x28, 0x02, 0x00, 0x00, 0xca, 0x00, 0x00, 0x00,
    0xad, 0x00, 0x00, 0x00, 0x3d, 0x00, 0x04, 0x00, 0x19, 0x00,
    0x00, 0x00, 0x29, 0x02, 0x00, 0x00, 0x28, 0x02, 0x00, 0x00,
    0x41, 0x00, 0x05, 0x00, 0x0b, 0x02, 0x00, 0x00, 0x2a, 0x02,
    0x00, 0x00, 0xca, 0x00, 0x00, 0x00, 0xe5, 0x00, 0x00, 0x00,
    0x3d, 0x00, 0x04, 0x00, 0x19, 0x00, 0x00, 0x00, 0x2b, 0x02,
    0x00, 0x00, 0x2a, 0x02, 0x00, 0x00, 0x84, 0x00, 0x05, 0x00,
    0x19, 0x00, 0x00, 0x00, 0x2c, 0x02, 0x00, 0x00, 0x29, 0x02,
    0x00, 0x00, 0x2b, 0x02, 0x00, 0x00, 0x41, 0x00, 0x05, 0x00,
    0x0b, 0x02, 0x00, 0x00, 0x2d, 0x02, 0x00, 0x00, 0xca, 0x00,
    0x00, 0x00, 0x0e, 0x02, 0x00, 0x00, 0x3d, 0x00, 0x04, 0x00,
    0x19, 0x00, 0x00, 0x00, 0x2e, 0x02, 0x00, 0x00, 0x2d, 0x02,
    0x00, 0x00, 0x80, 0x00, 0x05, 0x00, 0x19, 0x00, 0x00, 0x00,
    0x2f, 0x02, 0x00, 0x00, 0x2e, 0x02, 0x00, 0x00, 0x2c, 0x02,
    0x00, 0x00, 0x41, 0x00, 0x05, 0x00, 0x0b, 0x02, 0x00, 0x00,
    0x30, 0x02, 0x00, 0x00, 0xca, 0x00, 0x00, 0x00, 0x0e, 0x02,
    0x00, 0x00, 0x3e, 0x00, 0x03, 0x00, 0x30, 0x02, 0x00, 0x00,
    0x2f, 0x02, 0x00, 0x00, 0x3d, 0x00, 0x04, 0x00, 0xc8, 0x00,
    0x00, 0x00, 0x31, 0x02, 0x00, 0x00, 0xca, 0x00, 0x00, 0x00,
    0x3d, 0x00, 0x04, 0x00, 0xc8, 0x00, 0x00, 0x00, 0x32, 0x02,
    0x00, 0x00, 0xca, 0x00, 0x00, 0x00, 0x50, 0x00, 0x07, 0x00,
    0xc8, 0x00, 0x00, 0x00, 0x34, 0x02, 0x00, 0x00, 0x33, 0x02,
    0x00, 0x00, 0x33, 0x02, 0x00, 0x00, 0x33, 0x02, 0x00, 0x00,
    0x33, 0x02, 0x00, 0x00, 0xc2, 0x00, 0x05, 0x00, 0xc8, 0x00,
    0x00, 0x00, 0x35, 0x02, 0x00, 0x00, 0x32, 0x02, 0x00, 0x00,
    0x34, 0x02, 0x00, 0x00, 0xc6, 0x00, 0x05, 0x00, 0xc8, 0x00,
    0x00, 0x00, 0x36, 0x02, 0x00, 0x00, 0x31, 0x02, 0x00, 0x00,
    0x35, 0x02, 0x00, 0x00, 0x3e, 0x00, 0x03, 0x00, 0xca, 0x00,
    0x00, 0x00, 0x36, 0x02, 0x00, 0x00, 0x41, 0x00, 0x05, 0x00,
    0x0b, 0x02, 0x00, 0x00, 0x37, 0x02, 0x00, 0x00, 0xca, 0x00,
    0x00, 0x00, 0xad, 0x00, 0x00, 0x00, 0x3d, 0x00, 0x04, 0x00,
    0x19, 0x00, 0x00, 0x00, 0x38, 0x02, 0x00, 0x00, 0x37, 0x02,
    0x00, 0x00, 0x41, 0x00, 0x05, 0x00, 0x0b, 0x02, 0x00, 0x00,
    0x39, 0x02, 0x00, 0x00, 0xca, 0x00, 0x00, 0x00, 0x0e, 0x02,
    0x00, 0x00, 0x3d, 0x00, 0x04, 0x00, 0x19, 0x00, 0x00, 0x00,
    0x3a, 0x02, 0x00, 0x00, 0x39, 0x02, 0x00, 0x00, 0x84, 0x00,
    0x05, 0x00, 0x19, 0x00, 0x00, 0x00, 0x3b, 0x02, 0x00, 0x00,
    0x38, 0x02, 0x00, 0x00, 0x3a, 0x02, 0x00, 0x00, 0x41, 0x00,
    0x05, 0x00, 0x0b, 0x02, 0x00, 0x00, 0x3c, 0x02, 0x00, 0x00,
    0xca, 0x00, 0x00, 0x00, 0xa9, 0x00, 0x00, 0x00, 0x3d, 0x00,
    0x04, 0x00, 0x19, 0x00, 0x00, 0x00, 0x3d, 0x02, 0x00, 0x00,
    0x3c, 0x02, 0x00, 0x00, 0x80, 0x00, 0x05, 0x00, 0x19, 0x00,
    0x00, 0x00, 0x3e, 0x02, 0x00, 0x00, 0x3d, 0x02, 0x00, 0x00,
    0x3b, 0x02, 0x00, 0x00, 0x41, 0x00, 0x05, 0x00, 0x0b, 0x02,
    0x00, 0x00, 0x3f, 0x02, 0x00, 0x00, 0xca, 0x00, 0x00, 0x00,
    0xa9, 0x00, 0x00, 0x00, 0x3e, 0x00, 0x03, 0x00, 0x3f, 0x02,
    0x00, 0x00, 0x3e, 0x02, 0x00, 0x00, 0x41, 0x00, 0x05, 0x00,
    0x0b, 0x02, 0x00, 0x00, 0x40, 0x02, 0x00, 0x00, 0xca, 0x00,
    0x00, 0x00, 0xe5, 0x00, 0x00, 0x00, 0x3d, 0x00, 0x04, 0x00,
    0x19, 0x00, 0x00, 0x00, 0x41, 0x02, 0x00, 0x00, 0x40, 0x02,
    0x00, 0x00, 0x41, 0x00, 0x05, 0x00, 0x0b, 0x02, 0x00, 0x00,
    0x42, 0x02, 0x00, 0x00, 0xca, 0x00, 0x00, 0x00, 0xa9, 0x00,
    0x00, 0x00, 0x3d, 0x00, 0x04, 0x00, 0x19, 0x00, 0x00, 0x00,
    0x43, 0x02, 0x00, 0x00, 0x42, 0x02, 0x00, 0x00, 0x84, 0x00,
    0x05, 0x00, 0x19, 0x00, 0x00, 0x00, 0x44, 0x02, 0x00, 0x00,
    0x41, 0x02, 0x00, 0x00, 0x43, 0x02, 0x00, 0x00, 0x41, 0x00,
    0x05, 0x00, 0x0b, 0x02, 0x00, 0x00, 0x45, 0x02, 0x00, 0x00,
    0xca, 0x00, 0x00, 0x00, 0xad, 0x00, 0x00, 0x00, 0x3d, 0x00,
    0x04, 0x00, 0x19, 0x00, 0x00, 0x00, 0x46, 0x02, 0x00, 0x00,
    0x45, 0x02, 0x00, 0x00, 0x80, 0x00, 0x05, 0x00, 0x19, 0x00,
    0x00, 0x00, 0x47, 0x02, 0x00, 0x00, 0x46, 0x02, 0x00, 0x00,
    0x44, 0x02, 0x00, 0x00, 0x41, 0x00, 0x05, 0x00, 0x0b, 0x02,
    0x00, 0x00, 0x48, 0x02, 0x00, 0x00, 0xca, 0x00, 0x00, 0x00,
    0xad, 0x00, 0x00, 0x00, 0x3e, 0x00, 0x03, 0x00, 0x48, 0x02,
    0x00, 0x00, 0x47, 0x02, 0x00, 0x00, 0x41, 0x00, 0x05, 0x00,
    0x0b, 0x02, 0x00, 0x00, 0x49, 0x02, 0x00, 0x00, 0xca, 0x00,
    0x00, 0x00, 0xa9, 0x00, 0x00, 0x00, 0x3d, 0x00, 0x04, 0x00,
    0x19, 0x00, 0x00, 0x00, 0x4a, 0x02, 0x00, 0x00, 0x49, 0x02,
    0x00, 0x00, 0x41, 0x00, 0x05, 0x00, 0x0b, 0x02, 0x00, 0x00,
    0x4b, 0x02, 0x00, 0x00, 0xca, 0x00, 0x00, 0x00, 0xad, 0x00,
    0x00, 0x00, 0x3d, 0x00, 0x04, 0x00, 0x19, 0x00, 0x00, 0x00,
    0x4c, 0x02, 0x00, 0x00, 0x4b, 0x02, 0x00, 0x00, 0x84, 0x00,
    0x05, 0x00, 0x19, 0x00, 0x00, 0x00, 0x4d, 0x02, 0x00, 0x00,
    0x4a, 0x02, 0x00, 0x00, 0x4c, 0x02, 0x00, 0x00, 0x41, 0x00,
    0x05, 0x00, 0x0b, 0x02, 0x00, 0x00, 0x4e, 0x02, 0x00, 0x00,
    0xca, 0x00, 0x00, 0x00, 0xe5, 0x00, 0x00, 0x00, 0x3d, 0x00,
    0x04, 0x00, 0x19, 0x00, 0x00, 0x00, 0x4f, 0x02, 0x00, 0x00,
    0x4e, 0x02, 0x00, 0x00, 0x80, 0x00, 0x05, 0x00, 0x19, 0x00,
    0x00, 0x00, 0x50, 0x02, 0x00, 0x00, 0x4f, 0x02, 0x00, 0x00,
    0x4d, 0x02, 0x00, 0x00, 0x41, 0x00, 0x05, 0x00, 0x0b, 0x02,
    0x00, 0x00, 0x51, 0x02, 0x00, 0x00, 0xca, 0x00, 0x00, 0x00,
    0xe5, 0x00, 0x00, 0x00, 0x3e, 0x00, 0x03, 0x00, 0x51, 0x02,
    0x00, 0x00, 0x50, 0x02, 0x00, 0x00, 0x41, 0x00, 0x05, 0x00,
    0x0b, 0x02, 0x00, 0x00, 0x52, 0x02, 0x00, 0x00, 0xca, 0x00,
    0x00, 0x00, 0xad, 0x00, 0x00, 0x00, 0x3d, 0x00, 0x04, 0x00,
    0x19, 0x00, 0x00, 0x00, 0x53, 0x02, 0x00, 0x00, 0x52, 0x02,
    0x00, 0x00, 0x41, 0x00, 0x05, 0x00, 0x0b, 0x02, 0x00, 0x00,
    0x54, 0x02, 0x00, 0x00, 0xca, 0x00, 0x00, 0x00, 0xe5, 0x00,
    0x00, 0x00, 0x3d, 0x00, 0x04, 0x00, 0x19, 0x00, 0x00, 0x00,
    0x55, 0x02, 0x00, 0x00, 0x54, 0x02, 0x00, 0x00, 0x84, 0x00,
    0x05, 0x00, 0x19, 0x00, 0x00, 0x00, 0x56, 0x02, 0x00, 0x00,
    0x53, 0x02, 0x00, 0x00, 0x55, 0x02, 0x00, 0x00, 0x41, 0x00,
    0x05, 0x00, 0x0b, 0x02, 0x00, 0x00, 0x57, 0x02, 0x00, 0x00,
    0xca, 0x00, 0x00, 0x00, 0x0e, 0x02, 0x00, 0x00, 0x3d, 0x00,
    0x04, 0x00, 0x19, 0x00, 0x00, 0x00, 0x58, 0x02, 0x00, 0x00,
    0x57, 0x02, 0x00, 0x00, 0x80, 0x00, 0x05, 0x00, 0x19, 0x00,
    0x00, 0x00, 0x59, 0x02, 0x00, 0x00, 0x58, 0x02, 0x00, 0x00,
    0x56, 0x02, 0x00, 0x00, 0x41, 0x00, 0x05, 0x00, 0x0b, 0x02,
    0x00, 0x00, 0x5a, 0x02, 0x00, 0x00, 0xca, 0x00, 0x00, 0x00,
    0x0e, 0x02, 0x00, 0x00, 0x3e, 0x00, 0x03, 0x00, 0x5a, 0x02,
    0x00, 0x00, 0x59, 0x02, 0x00, 0x00, 0x41, 0x00, 0x05, 0x00,
    0x0b, 0x02, 0x00, 0x00, 0x5b, 0x02, 0x00, 0x00, 0xca, 0x00,
    0x00, 0x00, 0xa9, 0x00, 0x00, 0x00, 0x3d, 0x00, 0x04, 0x00,
    0x19, 0x00, 0x00, 0x00, 0x5c, 0x02, 0x00, 0x00, 0x5b, 0x02,
    0x00, 0x00, 0x70, 0x00, 0x04, 0x00, 0x06, 0x00, 0x00, 0x00,
    0x5d, 0x02, 0x00, 0x00, 0x5c, 0x02, 0x00, 0x00, 0x88, 0x00,
    0x05, 0x00, 0x06, 0x00, 0x00, 0x00, 0x5f, 0x02, 0x00, 0x00,
    0x5d, 0x02, 0x00, 0x00, 0x5e, 0x02, 0x00, 0x00, 0xfe, 0x00,
    0x02, 0x00, 0x5f, 0x02, 0x00, 0x00, 0x38, 0x00, 0x01, 0x00,
    0x36, 0x00, 0x05, 0x00, 0x06, 0x00, 0x00, 0x00, 0x22, 0x00,
    0x00, 0x00, 0x00, 0x00, 0x00, 0x00, 0x1f, 0x00, 0x00, 0x00,
    0xf8, 0x00, 0x02, 0x00, 0x23, 0x00, 0x00, 0x00, 0x3b, 0x00,
    0x04, 0x00, 0x2a, 0x00, 0x00, 0x00, 0x62, 0x02, 0x00, 0x00,
    0x07, 0x00, 0x00, 0x00, 0x3b, 0x00, 0x04, 0x00, 0x2a, 0x00,
    0x00, 0x00, 0x66, 0x02, 0x00, 0x00, 0x07, 0x00, 0x00, 0x00,
    0x39, 0x00, 0x04, 0x00, 0x06, 0x00, 0x00, 0x00, 0x64, 0x02,
    0x00, 0x00, 0x20, 0x00, 0x00, 0x00, 0x85, 0x00, 0x05, 0x00,
    0x06, 0x00, 0x00, 0x00, 0x65, 0x02, 0x00, 0x00, 0x63, 0x02,
    0x00, 0x00, 0x64, 0x02, 0x00, 0x00, 0x3e, 0x00, 0x03, 0x00,
    0x62, 0x02, 0x00, 0x00, 0x65, 0x02, 0x00, 0x00, 0x39, 0x00,
    0x04, 0x00, 0x06, 0x00, 0x00, 0x00, 0x68, 0x02, 0x00, 0x00,
    0x20, 0x00, 0x00, 0x00, 0x0c, 0x00, 0x06, 0x00, 0x06, 0x00,
    0x00, 0x00, 0x69, 0x02, 0x00, 0x00, 0x01, 0x00, 0x00, 0x00,
    0x1c, 0x00, 0x00, 0x00, 0x68, 0x02, 0x00, 0x00, 0x85, 0x00,
    0x05, 0x00, 0x06, 0x00, 0x00, 0x00, 0x6a, 0x02, 0x00, 0x00,
    0x67, 0x02, 0x00, 0x00, 0x69, 0x02, 0x00, 0x00, 0x0c, 0x00,
    0x06, 0x00, 0x06, 0x00, 0x00, 0x00, 0x6b, 0x02, 0x00, 0x00,
    0x01, 0x00, 0x00, 0x00, 0x1f, 0x00, 0x00, 0x00, 0x6a, 0x02,
    0x00, 0x00, 0x3e, 0x00, 0x03, 0x00, 0x66, 0x02, 0x00, 0x00,
    0x6b, 0x02, 0x00, 0x00, 0x3d, 0x00, 0x04, 0x00, 0x06, 0x00,
    0x00, 0x00, 0x6c, 0x02, 0x00, 0x00, 0x66, 0x02, 0x00, 0x00,
    0x3d, 0x00, 0x04, 0x00, 0x06, 0x00, 0x00, 0x00, 0x6d, 0x02,
    0x00, 0x00, 0x62, 0x02, 0x00, 0x00, 0x0c, 0x00, 0x06, 0x00,
    0x06, 0x00, 0x00, 0x00, 0x6e, 0x02, 0x00, 0x00, 0x01, 0x00,
    0x00, 0x00, 0x0e, 0x00, 0x00, 0x00, 0x6d, 0x02, 0x00, 0x00,
    0x85, 0x00, 0x05, 0x00, 0x06, 0x00, 0x00, 0x00, 0x6f, 0x02,
    0x00, 0x00, 0x6c, 0x02, 0x00, 0x00, 0x6e, 0x02, 0x00, 0x00,
    0xfe, 0x00, 0x02, 0x00, 0x6f, 0x02, 0x00, 0x00, 0x38, 0x00,
    0x01, 0x00, 0x36, 0x00, 0x05, 0x00, 0x14, 0x00, 0x00, 0x00,
    0x25, 0x00, 0x00, 0x00, 0x00, 0x00, 0x00, 0x00, 0x24, 0x00,
    0x00, 0x00, 0xf8, 0x00, 0x02, 0x00, 0x26, 0x00, 0x00, 0x00,
    0x3b, 0x00, 0x04, 0x00, 0x2a, 0x00, 0x00, 0x00, 0x72, 0x02,
    0x00, 0x00, 0x07, 0x00, 0x00, 0x00, 0x39, 0x00, 0x04, 0x00,
    0x06, 0x00, 0x00, 0x00, 0x73, 0x02, 0x00, 0x00, 0x20, 0x00,
    0x00, 0x00, 0x85, 0x00, 0x05, 0x00, 0x06, 0x00, 0x00, 0x00,
    0x74, 0x02, 0x00, 0x00, 0x73, 0x02, 0x00, 0x00, 0x63, 0x02,
    0x00, 0x00, 0x3e, 0x00, 0x03, 0x00, 0x72, 0x02, 0x00, 0x00,
    0x74, 0x02, 0x00, 0x00, 0x3d, 0x00, 0x04, 0x00, 0x06, 0x00,
    0x00, 0x00, 0x75, 0x02, 0x00, 0x00, 0x72, 0x02, 0x00, 0x00,
    0x0c, 0x00, 0x06, 0x00, 0x06, 0x00, 0x00, 0x00, 0x76, 0x02,
    0x00, 0x00, 0x01, 0x00, 0x00, 0x00, 0x0e, 0x00, 0x00, 0x00,
    0x75, 0x02, 0x00, 0x00, 0x3d, 0x00, 0x04, 0x00, 0x06, 0x00,
    0x00, 0x00, 0x77, 0x02, 0x00, 0x00, 0x72, 0x02, 0x00, 0x00,
    0x0c, 0x00, 0x06, 0x00, 0x06, 0x00, 0x00, 0x00, 0x78, 0x02,
    0x00, 0x00, 0x01, 0x00, 0x00, 0x00, 0x0d, 0x00, 0x00, 0x00,
    0x77, 0x02, 0x00, 0x00, 0x50, 0x00, 0x05, 0x00, 0x14, 0x00,
    0x00, 0x00, 0x79, 0x02, 0x00, 0x00, 0x76, 0x02, 0x00, 0x00,
    0x78, 0x02, 0x00, 0x00, 0x39, 0x00, 0x04, 0x00, 0x06, 0x00,
    0x00, 0x00, 0x7a, 0x02, 0x00, 0x00, 0x20, 0x00, 0x00, 0x00,
    0x0c, 0x00, 0x06, 0x00, 0x06, 0x00, 0x00, 0x00, 0x7b, 0x02,
    0x00, 0x00, 0x01, 0x00, 0x00, 0x00, 0x1f, 0x00, 0x00, 0x00,
    0x7a, 0x02, 0x00, 0x00, 0x8e, 0x00, 0x05, 0x00, 0x14, 0x00,
    0x00, 0x00, 0x7c, 0x02, 0x00, 0x00, 0x79, 0x02, 0x00, 0x00,
    0x7b, 0x02, 0x00, 0x00, 0xfe, 0x00, 0x02, 0x00, 0x7c, 0x02,
    0x00, 0x00, 0x38, 0x00, 0x01, 0x00, 0x36, 0x00, 0x05, 0x00,
    0x07, 0x00, 0x00, 0x00, 0x28, 0x00, 0x00, 0x00, 0x00, 0x00,
    0x00, 0x00, 0x27, 0x00, 0x00, 0x00, 0xf8, 0x00, 0x02, 0x00,
    0x29, 0x00, 0x00, 0x00, 0x3b, 0x00, 0x04, 0x00, 0x2a, 0x00,
    0x00, 0x00, 0x7f, 0x02, 0x00, 0x00, 0x07, 0x00, 0x00, 0x00,
    0x3b, 0x00, 0x04, 0x00, 0x2a, 0x00, 0x00, 0x00, 0x81, 0x02,
    0x00, 0x00, 0x07, 0x00, 0x00, 0x00, 0x3b, 0x00, 0x04, 0x00,
    0x2a, 0x00, 0x00, 0x00, 0x83, 0x02, 0x00, 0x00, 0x07, 0x00,
    0x00, 0x00, 0x39, 0x00, 0x04, 0x00, 0x06, 0x00, 0x00, 0x00,
    0x80, 0x02, 0x00, 0x00, 0x22, 0x00, 0x00, 0x00, 0x3e, 0x00,
    0x03, 0x00, 0x7f, 0x02, 0x00, 0x00, 0x80, 0x02, 0x00, 0x00,
    0x39, 0x00, 0x04, 0x00, 0x06, 0x00, 0x00, 0x00, 0x82, 0x02,
    0x00, 0x00, 0x22, 0x00, 0x00, 0x00, 0x3e, 0x00, 0x03, 0x00,
    0x81, 0x02, 0x00, 0x00, 0x82, 0x02, 0x00, 0x00, 0x39, 0x00,
    0x04, 0x00, 0x06, 0x00, 0x00, 0x00, 0x84, 0x02, 0x00, 0x00,
    0x22, 0x00, 0x00, 0x00, 0x3e, 0x00, 0x03, 0x00, 0x83, 0x02,
    0x00, 0x00, 0x84, 0x02, 0x00, 0x00, 0x3d, 0x00, 0x04, 0x00,
    0x06, 0x00, 0x00, 0x00, 0x85, 0x02, 0x00, 0x00, 0x7f, 0x02,
    0x00, 0x00, 0x3d, 0x00, 0x04, 0x00, 0x06, 0x00, 0x00, 0x00,
    0x86, 0x02, 0x00, 0x00, 0x81, 0x02, 0x00, 0x00, 0x3d, 0x00,
    0x04, 0x00, 0x06, 0x00, 0x00, 0x00, 0x87, 0x02, 0x00, 0x00,
    0x83, 0x02, 0x00, 0x00, 0x50, 0x00, 0x06, 0x00, 0x07, 0x00,
    0x00, 0x00, 0x88, 0x02, 0x00, 0x00, 0x85, 0x02, 0x00, 0x00,
    0x86, 0x02, 0x00, 0x00, 0x87, 0x02, 0x00, 0x00, 0x0c, 0x00,
    0x06, 0x00, 0x07, 0x00, 0x00, 0x00, 0x89, 0x02, 0x00, 0x00,
    0x01, 0x00, 0x00, 0x00, 0x45, 0x00, 0x00, 0x00, 0x88, 0x02,
    0x00, 0x00, 0xfe, 0x00, 0x02, 0x00, 0x89, 0x02, 0x00, 0x00,
    0x38, 0x00, 0x01, 0x00, 0x36, 0x00, 0x05, 0x00, 0x07, 0x00,
    0x00, 0x00, 0x2f, 0x00, 0x00, 0x00, 0x00, 0x00, 0x00, 0x00,
    0x2b, 0x00, 0x00, 0x00, 0x37, 0x00, 0x03, 0x00, 0x08, 0x00,
    0x00, 0x00, 0x2c, 0x00, 0x00, 0x00, 0x37, 0x00, 0x03, 0x00,
    0x08, 0x00, 0x00, 0x00, 0x2d, 0x00, 0x00, 0x00, 0x37, 0x00,
    0x03, 0x00, 0x2a, 0x00, 0x00, 0x00, 0x2e, 0x00, 0x00, 0x00,
    0xf8, 0x00, 0x02, 0x00, 0x30, 0x00, 0x00, 0x00, 0x3b, 0x00,
    0x04, 0x00, 0x2a, 0x00, 0x00, 0x00, 0x8c, 0x02, 0x00, 0x00,
    0x07, 0x00, 0x00, 0x00, 0x3b, 0x00, 0x04, 0x00, 0x08, 0x00,
    0x00, 0x00, 0x96, 0x02, 0x00, 0x00, 0x07, 0x00, 0x00, 0x00,
    0x3d, 0x00, 0x04, 0x00, 0x07, 0x00, 0x00, 0x00, 0x8d, 0x02,
    0x00, 0x00, 0x2c, 0x00, 0x00, 0x00, 0x3d, 0x00, 0x04, 0x00,
    0x07, 0x00, 0x00, 0x00, 0x8e, 0x02, 0x00, 0x00, 0x2d, 0x00,
    0x00, 0x00, 0x94, 0x00, 0x05, 0x00, 0x06, 0x00, 0x00, 0x00,
    0x8f, 0x02, 0x00, 0x00, 0x8d, 0x02, 0x00, 0x00, 0x8e, 0x02,
    0x00, 0x00, 0x0c, 0x00, 0x06, 0x00, 0x06, 0x00, 0x00, 0x00,
    0x90, 0x02, 0x00, 0x00, 0x01, 0x00, 0x00, 0x00, 0x11, 0x00,
    0x00, 0x00, 0x8f, 0x02, 0x00, 0x00, 0x3e, 0x00, 0x03, 0x00,
    0x8c, 0x02, 0x00, 0x00, 0x90, 0x02, 0x00, 0x00, 0x3d, 0x00,
    0x04, 0x00, 0x06, 0x00, 0x00, 0x00, 0x91, 0x02, 0x00, 0x00,
    0x8c, 0x02, 0x00, 0x00, 0x9c, 0x00, 0x04, 0x00, 0x16, 0x00,
    0x00, 0x00, 0x92, 0x02, 0x00, 0x00, 0x91, 0x02, 0x00, 0x00,
    0x3d, 0x00, 0x04, 0x00, 0x06, 0x00, 0x00, 0x00, 0x93, 0x02,
    0x00, 0x00, 0x8c, 0x02, 0x00, 0x00, 0xb4, 0x00, 0x05, 0x00,
    0x16, 0x00, 0x00, 0x00, 0x94, 0x02, 0x00, 0x00, 0x93, 0x02,
    0x00, 0x00, 0x0f, 0x01, 0x00, 0x00, 0xa6, 0x00, 0x05, 0x00,
    0x16, 0x00, 0x00, 0x00, 0x95, 0x02, 0x00, 0x00, 0x92, 0x02,
    0x00, 0x00, 0x94, 0x02, 0x00, 0x00, 0xf7, 0x00, 0x03, 0x00,
    0x98, 0x02, 0x00, 0x00, 0x00, 0x00, 0x00, 0x00, 0xfa, 0x00,
    0x04, 0x00, 0x95, 0x02, 0x00, 0x00, 0x97, 0x02, 0x00, 0x00,
    0x9a, 0x02, 0x00, 0x00, 0xf8, 0x00, 0x02, 0x00, 0x97, 0x02,
    0x00, 0x00, 0x3d, 0x00, 0x04, 0x00, 0x07, 0x00, 0x00, 0x00,
    0x99, 0x02, 0x00, 0x00, 0x2d, 0x00, 0x00, 0x00, 0x3e, 0x00,
    0x03, 0x00, 0x96, 0x02, 0x00, 0x00, 0x99, 0x02, 0x00, 0x00,
    0xf9, 0x00, 0x02, 0x00, 0x98, 0x02, 0x00, 0x00, 0xf8, 0x00,
    0x02, 0x00, 0x9a, 0x02, 0x00, 0x00, 0x3d, 0x00, 0x04, 0x00,
    0x06, 0x00, 0x00, 0x00, 0x9b, 0x02, 0x00, 0x00, 0x2e, 0x00,
    0x00, 0x00, 0x83, 0x00, 0x05, 0x00, 0x06, 0x00, 0x00, 0x00,
    0x9c, 0x02, 0x00, 0x00, 0xd9, 0x01, 0x00, 0x00, 0x9b, 0x02,
    0x00, 0x00, 0x3d, 0x00, 0x04, 0x00, 0x06, 0x00, 0x00, 0x00,
    0x9d, 0x02, 0x00, 0x00, 0x8c, 0x02, 0x00, 0x00, 0x85, 0x00,
    0x05, 0x00, 0x06, 0x00, 0x00, 0x00, 0x9e, 0x02, 0x00, 0x00,
    0x9c, 0x02, 0x00, 0x00, 0x9d, 0x02, 0x00, 0x00, 0x0c, 0x00,
    0x06, 0x00, 0x06, 0x00, 0x00, 0x00, 0x9f, 0x02, 0x00, 0x00,
    0x01, 0x00, 0x00, 0x00, 0x0d, 0x00, 0x00, 0x00, 0x9e, 0x02,
    0x00, 0x00, 0x3d, 0x00, 0x04, 0x00, 0x07, 0x00, 0x00, 0x00,
    0xa0, 0x02, 0x00, 0x00, 0x2c, 0x00, 0x00, 0x00, 0x8e, 0x00,
    0x05, 0x00, 0x07, 0x00, 0x00, 0x00, 0xa1, 0x02, 0x00, 0x00,
    0xa0, 0x02, 0x00, 0x00, 0x9f, 0x02, 0x00, 0x00, 0x3d, 0x00,
    0x04, 0x00, 0x06, 0x00, 0x00, 0x00, 0xa2, 0x02, 0x00, 0x00,
    0x2e, 0x00, 0x00, 0x00, 0x3d, 0x00, 0x04, 0x00, 0x06, 0x00,
    0x00, 0x00, 0xa3, 0x02, 0x00, 0x00, 0x8c, 0x02, 0x00, 0x00,
    0x85, 0x00, 0x05, 0x00, 0x06, 0x00, 0x00, 0x00, 0xa4, 0x02,
    0x00, 0x00, 0xa2, 0x02, 0x00, 0x00, 0xa3, 0x02, 0x00, 0x00,
    0x0c, 0x00, 0x06, 0x00, 0x06, 0x00, 0x00, 0x00, 0xa5, 0x02,
    0x00, 0x00, 0x01, 0x00, 0x00, 0x00, 0x0d, 0x00, 0x00, 0x00,
    0xa4, 0x02, 0x00, 0x00, 0x3d, 0x00, 0x04, 0x00, 0x07, 0x00,
    0x00, 0x00, 0xa6, 0x02, 0x00, 0x00, 0x2d, 0x00, 0x00, 0x00,
    0x8e, 0x00, 0x05, 0x00, 0x07, 0x00, 0x00, 0x00, 0xa7, 0x02,
    0x00, 0x00, 0xa6, 0x02, 0x00, 0x00, 0xa5, 0x02, 0x00, 0x00,
    0x81, 0x00, 0x05, 0x00, 0x07, 0x00, 0x00, 0x00, 0xa8, 0x02,
    0x00, 0x00, 0xa1, 0x02, 0x00, 0x00, 0xa7, 0x02, 0x00, 0x00,
    0x3d, 0x00, 0x04, 0x00, 0x06, 0x00, 0x00, 0x00, 0xa9, 0x02,
    0x00, 0x00, 0x8c, 0x02, 0x00, 0x00, 0x0c, 0x00, 0x06, 0x00,
    0x06, 0x00, 0x00, 0x00, 0xaa, 0x02, 0x00, 0x00, 0x01, 0x00,
    0x00, 0x00, 0x0d, 0x00, 0x00, 0x00, 0xa9, 0x02, 0x00, 0x00,
    0x50, 0x00, 0x06, 0x00, 0x07, 0x00, 0x00, 0x00, 0xab, 0x02,
    0x00, 0x00, 0xaa, 0x02, 0x00, 0x00, 0xaa, 0x02, 0x00, 0x00,
    0xaa, 0x02, 0x00, 0x00, 0x88, 0x00, 0x05, 0x00, 0x07, 0x00,
    0x00, 0x00, 0xac, 0x02, 0x00, 0x00, 0xa8, 0x02, 0x00, 0x00,
    0xab, 0x02, 0x00, 0x00, 0x3e, 0x00, 0x03, 0x00, 0x96, 0x02,
    0x00, 0x00, 0xac, 0x02, 0x00, 0x00, 0xf9, 0x00, 0x02, 0x00,
    0x98, 0x02, 0x00, 0x00, 0xf8, 0x00, 0x02, 0x00, 0x98, 0x02,
    0x00, 0x00, 0x3d, 0x00, 0x04, 0x00, 0x07, 0x00, 0x00, 0x00,
    0xad, 0x02, 0x00, 0x00, 0x96, 0x02, 0x00, 0x00, 0xfe, 0x00,
    0x02, 0x00, 0xad, 0x02, 0x00, 0x00, 0x38, 0x00, 0x01, 0x00,
    0x36, 0x00, 0x05, 0x00, 0x07, 0x00, 0x00, 0x00, 0x38, 0x00,
    0x00, 0x00, 0x00, 0x00, 0x00, 0x00, 0x34, 0x00, 0x00, 0x00,
    0x37, 0x00, 0x03, 0x00, 0x08, 0x00, 0x00, 0x00, 0x35, 0x00,
    0x00, 0x00, 0x37, 0x00, 0x03, 0x00, 0x32, 0x00, 0x00, 0x00,
    0x36, 0x00, 0x00, 0x00, 0x37, 0x00, 0x03, 0x00, 0x33, 0x00,
    0x00, 0x00, 0x37, 0x00, 0x00, 0x00, 0xf8, 0x00, 0x02, 0x00,
    0x39, 0x00, 0x00, 0x00, 0x3d, 0x00, 0x04, 0x00, 0x16, 0x00,
    0x00, 0x00, 0xb0, 0x02, 0x00, 0x00, 0x37, 0x00, 0x00, 0x00,
    0xf7, 0x00, 0x03, 0x00, 0xb2, 0x02, 0x00, 0x00, 0x00, 0x00,
    0x00, 0x00, 0xfa, 0x00, 0x04, 0x00, 0xb0, 0x02, 0x00, 0x00,
    0xb1, 0x02, 0x00, 0x00, 0xb2, 0x02, 0x00, 0x00, 0xf8, 0x00,
    0x02, 0x00, 0xb1, 0x02, 0x00, 0x00, 0x3d, 0x00, 0x04, 0x00,
    0x31, 0x00, 0x00, 0x00, 0xb3, 0x02, 0x00, 0x00, 0x36, 0x00,
    0x00, 0x00, 0x3d, 0x00, 0x04, 0x00, 0x07, 0x00, 0x00, 0x00,
    0xb4, 0x02, 0x00, 0x00, 0x35, 0x00, 0x00, 0x00, 0x51, 0x00,
    0x05, 0x00, 0x06, 0x00, 0x00, 0x00, 0xb5, 0x02, 0x00, 0x00,
    0xb4, 0x02, 0x00, 0x00, 0x00, 0x00, 0x00, 0x00, 0x51, 0x00,
    0x05, 0x00, 0x06, 0x00, 0x00, 0x00, 0xb6, 0x02, 0x00, 0x00,
    0xb4, 0x02, 0x00, 0x00, 0x01, 0x00, 0x00, 0x00, 0x51, 0x00,
    0x05, 0x00, 0x06, 0x00, 0x00, 0x00, 0xb7, 0x02, 0x00, 0x00,
    0xb4, 0x02, 0x00, 0x00, 0x02, 0x00, 0x00, 0x00, 0x50, 0x00,
    0x07, 0x00, 0x0f, 0x00, 0x00, 0x00, 0xb8, 0x02, 0x00, 0x00,
    0xb5, 0x02, 0x00, 0x00, 0xb6, 0x02, 0x00, 0x00, 0xb7, 0x02,
    0x00, 0x00, 0xd9, 0x01, 0x00, 0x00, 0x91, 0x00, 0x05, 0x00,
    0x0f, 0x00, 0x00, 0x00, 0xb9, 0x02, 0x00, 0x00, 0xb3, 0x02,
    0x00, 0x00, 0xb8, 0x02, 0x00, 0x00, 0x4f, 0x00, 0x08, 0x00,
    0x07, 0x00, 0x00, 0x00, 0xba, 0x02, 0x00, 0x00, 0xb9, 0x02,
    0x00, 0x00, 0xb9, 0x02, 0x00, 0x00, 0x00, 0x00, 0x00, 0x00,
    0x01, 0x00, 0x00, 0x00, 0x02, 0x00, 0x00, 0x00, 0xfe, 0x00,
    0x02, 0x00, 0xba, 0x02, 0x00, 0x00, 0xf8, 0x00, 0x02, 0x00,
    0xb2, 0x02, 0x00, 0x00, 0x3d, 0x00, 0x04, 0x00, 0x31, 0x00,
    0x00, 0x00, 0xbc, 0x02, 0x00, 0x00, 0x36, 0x00, 0x00, 0x00,
    0x51, 0x00, 0x05, 0x00, 0x0f, 0x00, 0x00, 0x00, 0xbd, 0x02,
    0x00, 0x00, 0xbc, 0x02, 0x00, 0x00, 0x00, 0x00, 0x00, 0x00,
    0x4f, 0x00, 0x08, 0x00, 0x07, 0x00, 0x00, 0x00, 0xbe, 0x02,
    0x00, 0x00, 0xbd, 0x02, 0x00, 0x00, 0xbd, 0x02, 0x00, 0x00,
    0x00, 0x00, 0x00, 0x00, 0x01, 0x00, 0x00, 0x00, 0x02, 0x00,
    0x00, 0x00, 0x51, 0x00, 0x05, 0x00, 0x0f, 0x00, 0x00, 0x00,
    0xbf, 0x02, 0x00, 0x00, 0xbc, 0x02, 0x00, 0x00, 0x01, 0x00,
    0x00, 0x00, 0x4f, 0x00, 0x08, 0x00, 0x07, 0x00, 0x00, 0x00,
    0xc0, 0x02, 0x00, 0x00, 0xbf, 0x02, 0x00, 0x00, 0xbf, 0x02,
    0x00, 0x00, 0x00, 0x00, 0x00, 0x00, 0x01, 0x00, 0x00, 0x00,
    0x02, 0x00, 0x00, 0x00, 0x51, 0x00, 0x05, 0x00, 0x0f, 0x00,
    0x00, 0x00, 0xc1, 0x02, 0x00, 0x00, 0xbc, 0x02, 0x00, 0x00,
    0x02, 0x00, 0x00, 0x00, 0x4f, 0x00, 0x08, 0x00, 0x07, 0x00,
    0x00, 0x00, 0xc2, 0x02, 0x00, 0x00, 0xc1, 0x02, 0x00, 0x00,
    0xc1, 0x02, 0x00, 0x00, 0x00, 0x00, 0x00, 0x00, 0x01, 0x00,
    0x00, 0x00, 0x02, 0x00, 0x00, 0x00, 0x50, 0x00, 0x06, 0x00,
    0xed, 0x00, 0x00, 0x00, 0xc3, 0x02, 0x00, 0x00, 0xbe, 0x02,
    0x00, 0x00, 0xc0, 0x02, 0x00, 0x00, 0xc2, 0x02, 0x00, 0x00,
    0x3d, 0x00, 0x04, 0x00, 0x07, 0x00, 0x00, 0x00, 0xc4, 0x02,
    0x00, 0x00, 0x35, 0x00, 0x00, 0x00, 0x91, 0x00, 0x05, 0x00,
    0x07, 0x00, 0x00, 0x00, 0xc5, 0x02, 0x00, 0x00, 0xc3, 0x02,
    0x00, 0x00, 0xc4, 0x02, 0x00, 0x00, 0xfe, 0x00, 0x02, 0x00,
    0xc5, 0x02, 0x00, 0x00, 0x38, 0x00, 0x01, 0x00, 0x36, 0x00,
    0x05, 0x00, 0x02, 0x00, 0x00, 0x00, 0x3c, 0x00, 0x00, 0x00,
    0x00, 0x00, 0x00, 0x00, 0x3a, 0x00, 0x00, 0x00, 0x37, 0x00,
    0x03, 0x00, 0x0e, 0x00, 0x00, 0x00, 0x3b, 0x00, 0x00, 0x00,
    0xf8, 0x00, 0x02, 0x00, 0x3d, 0x00, 0x00, 0x00, 0x3b, 0x00,
    0x04, 0x00, 0x08, 0x00, 0x00, 0x00, 0xc8, 0x02, 0x00, 0x00,
    0x07, 0x00, 0x00, 0x00, 0x3b, 0x00, 0x04, 0x00, 0x78, 0x01,
    0x00, 0x00, 0xd1, 0x02, 0x00, 0x00, 0x07, 0x00, 0x00, 0x00,
    0x3b, 0x00, 0x04, 0x00, 0x78, 0x01, 0x00, 0x00, 0xea, 0x02,
    0x00, 0x00, 0x07, 0x00, 0x00, 0x00, 0x41, 0x00, 0x05, 0x00,
    0x08, 0x00, 0x00, 0x00, 0xc9, 0x02, 0x00, 0x00, 0x3b, 0x00,
    0x00, 0x00, 0x87, 0x00, 0x00, 0x00, 0x3d, 0x00, 0x04, 0x00,
    0x07, 0x00, 0x00, 0x00, 0xca, 0x02, 0x00, 0x00, 0xc9, 0x02,
    0x00, 0x00, 0x41, 0x00, 0x05, 0x00, 0x08, 0x00, 0x00, 0x00,
    0xcb, 0x02, 0x00, 0x00, 0x3b, 0x00, 0x00, 0x00, 0xb0, 0x00,
    0x00, 0x00, 0x3d, 0x00, 0x04, 0x00, 0x07, 0x00, 0x00, 0x00,
    0xcc, 0x02, 0x00, 0x00, 0xcb, 0x02, 0x00, 0x00, 0x41, 0x00,
    0x06, 0x00, 0x12, 0x01, 0x00, 0x00, 0xcd, 0x02, 0x00, 0x00,
    0xbf, 0x00, 0x00, 0x00, 0x87, 0x00, 0x00, 0x00, 0x1a, 0x01,
    0x00, 0x00, 0x3d, 0x00, 0x04, 0x00, 0x06, 0x00, 0x00, 0x00,
    0xce, 0x02, 0x00, 0x00, 0xcd, 0x02, 0x00, 0x00, 0x8e, 0x00,
    0x05, 0x00, 0x07, 0x00, 0x00, 0x00, 0xcf, 0x02, 0x00, 0x00,
    0xcc, 0x02, 0x00, 0x00, 0xce, 0x02, 0x00, 0x00, 0x81, 0x00,
    0x05, 0x00, 0x07, 0x00, 0x00, 0x00, 0xd0, 0x02, 0x00, 0x00,
    0xca, 0x02, 0x00, 0x00, 0xcf, 0x02, 0x00, 0x00, 0x3e, 0x00,
    0x03, 0x00, 0xc8, 0x02, 0x00, 0x00, 0xd0, 0x02, 0x00, 0x00,
    0x39, 0x00, 0x04, 0x00, 0x14, 0x00, 0x00, 0x00, 0xd2, 0x02,
    0x00, 0x00, 0x25, 0x00, 0x00, 0x00, 0x41, 0x00, 0x06, 0x00,
    0x12, 0x01, 0x00, 0x00, 0xd3, 0x02, 0x00, 0x00, 0xbf, 0x00,
    0x00, 0x00, 0x87, 0x00, 0x00, 0x00, 0x4b, 0x01, 0x00, 0x00,
    0x3d, 0x00, 0x04, 0x00, 0x06, 0x00, 0x00, 0x00, 0xd4, 0x02,
    0x00, 0x00, 0xd3, 0x02, 0x00, 0x00, 0x8e, 0x00, 0x05, 0x00,
    0x14, 0x00, 0x00, 0x00, 0xd5, 0x02, 0x00, 0x00, 0xd2, 0x02,
    0x00, 0x00, 0xd4, 0x02, 0x00, 0x00, 0x3e, 0x00, 0x03, 0x00,
    0xd1, 0x02, 0x00, 0x00, 0xd5, 0x02, 0x00, 0x00, 0x41, 0x00,
    0x05, 0x00, 0x2a, 0x00, 0x00, 0x00, 0xd6, 0x02, 0x00, 0x00,
    0xd1, 0x02, 0x00, 0x00, 0xa9, 0x00, 0x00, 0x00, 0x3d, 0x00,
    0x04, 0x00, 0x06, 0x00, 0x00, 0x00, 0xd7, 0x02, 0x00, 0x00,
    0xd6, 0x02, 0x00, 0x00, 0x3d, 0x00, 0x04, 0x00, 0x07, 0x00,
    0x00, 0x00, 0xd8, 0x02, 0x00, 0x00, 0xbb, 0x00, 0x00, 0x00,
    0x8e, 0x00, 0x05, 0x00, 0x07, 0x00, 0x00, 0x00, 0xd9, 0x02,
    0x00, 0x00, 0xd8, 0x02, 0x00, 0x00, 0xd7, 0x02, 0x00, 0x00,
    0x41, 0x00, 0x05, 0x00, 0x2a, 0x00, 0x00, 0x00, 0xda, 0x02,
    0x00, 0x00, 0xd1, 0x02, 0x00, 0x00, 0xad, 0x00, 0x00, 0x00,
    0x3d, 0x00, 0x04, 0x00, 0x06, 0x00, 0x00, 0x00, 0xdb, 0x02,
    0x00, 0x00, 0xda, 0x02, 0x00, 0x00, 0x41, 0x00, 0x06, 0x00,
    0xc1, 0x00, 0x00, 0x00, 0xdc, 0x02, 0x00, 0x00, 0xbf, 0x00,
    0x00, 0x00, 0x87, 0x00, 0x00, 0x00, 0xc4, 0x00, 0x00, 0x00,
    0x3d, 0x00, 0x04, 0x00, 0x07, 0x00, 0x00, 0x00, 0xdd, 0x02,
    0x00, 0x00, 0xdc, 0x02, 0x00, 0x00, 0x8e, 0x00, 0x05, 0x00,
    0x07, 0x00, 0x00, 0x00, 0xde, 0x02, 0x00, 0x00, 0xdd, 0x02,
    0x00, 0x00, 0xdb, 0x02, 0x00, 0x00, 0x81, 0x00, 0x05, 0x00,
    0x07, 0x00, 0x00, 0x00, 0xdf, 0x02, 0x00, 0x00, 0xd9, 0x02,
    0x00, 0x00, 0xde, 0x02, 0x00, 0x00, 0x41, 0x00, 0x05, 0x00,
    0x08, 0x00, 0x00, 0x00, 0xe0, 0x02, 0x00, 0x00, 0x3b, 0x00,
    0x00, 0x00, 0x87, 0x00, 0x00, 0x00, 0x3d, 0x00, 0x04, 0x00,
    0x07, 0x00, 0x00, 0x00, 0xe1, 0x02, 0x00, 0x00, 0xe0, 0x02,
    0x00, 0x00, 0x81, 0x00, 0x05, 0x00, 0x07, 0x00, 0x00, 0x00,
    0xe2, 0x02, 0x00, 0x00, 0xe1, 0x02, 0x00, 0x00, 0xdf, 0x02,
    0x00, 0x00, 0x41, 0x00, 0x05, 0x00, 0x08, 0x00, 0x00, 0x00,
    0xe3, 0x02, 0x00, 0x00, 0x3b, 0x00, 0x00, 0x00, 0x87, 0x00,
    0x00, 0x00, 0x3e, 0x00, 0x03, 0x00, 0xe3, 0x02, 0x00, 0x00,
    0xe2, 0x02, 0x00, 0x00, 0x3d, 0x00, 0x04, 0x00, 0x07, 0x00,
    0x00, 0x00, 0xe4, 0x02, 0x00, 0x00, 0xc8, 0x02, 0x00, 0x00,
    0x41, 0x00, 0x05, 0x00, 0x08, 0x00, 0x00, 0x00, 0xe5, 0x02,
    0x00, 0x00, 0x3b, 0x00, 0x00, 0x00, 0x87, 0x00, 0x00, 0x00,
    0x3d, 0x00, 0x04, 0x00, 0x07, 0x00, 0x00, 0x00, 0xe6, 0x02,
    0x00, 0x00, 0xe5, 0x02, 0x00, 0x00, 0x83, 0x00, 0x05, 0x00,
    0x07, 0x00, 0x00, 0x00, 0xe7, 0x02, 0x00, 0x00, 0xe4, 0x02,
    0x00, 0x00, 0xe6, 0x02, 0x00, 0x00, 0x0c, 0x00, 0x06, 0x00,
    0x07, 0x00, 0x00, 0x00, 0xe8, 0x02, 0x00, 0x00, 0x01, 0x00,
    0x00, 0x00, 0x45, 0x00, 0x00, 0x00, 0xe7, 0x02, 0x00, 0x00,
    0x41, 0x00, 0x05, 0x00, 0x08, 0x00, 0x00, 0x00, 0xe9, 0x02,
    0x00, 0x00, 0x3b, 0x00, 0x00, 0x00, 0xb0, 0x00, 0x00, 0x00,
    0x3e, 0x00, 0x03, 0x00, 0xe9, 0x02, 0x00, 0x00, 0xe8, 0x02,
    0x00, 0x00, 0x39, 0x00, 0x04, 0x00, 0x14, 0x00, 0x00, 0x00,
    0xeb, 0x02, 0x00, 0x00, 0x25, 0x00, 0x00, 0x00, 0x41, 0x00,
    0x06, 0x00, 0x12, 0x01, 0x00, 0x00, 0xec, 0x02, 0x00, 0x00,
    0xbf, 0x00, 0x00, 0x00, 0x87, 0x00, 0x00, 0x00, 0x39, 0x01,
    0x00, 0x00, 0x3d, 0x00, 0x04, 0x00, 0x06, 0x00, 0x00, 0x00,
    0xed, 0x02, 0x00, 0x00, 0xec, 0x02, 0x00, 0x00, 0x8e, 0x00,
    0x05, 0x00, 0x14, 0x00, 0x00, 0x00, 0xee, 0x02, 0x00, 0x00,
    0xeb, 0x02, 0x00, 0x00, 0xed, 0x02, 0x00, 0x00, 0x3e, 0x00,
    0x03, 0x00, 0xea, 0x02, 0x00, 0x00, 0xee, 0x02, 0x00, 0x00,
    0x41, 0x00, 0x05, 0x00, 0x2a, 0x00, 0x00, 0x00, 0xef, 0x02,
    0x00, 0x00, 0xea, 0x02, 0x00, 0x00, 0xa9, 0x00, 0x00, 0x00,
    0x3d, 0x00, 0x04, 0x00, 0x06, 0x00, 0x00, 0x00, 0xf0, 0x02,
    0x00, 0x00, 0xef, 0x02, 0x00, 0x00, 0x3d, 0x00, 0x04, 0x00,
    0x07, 0x00, 0x00, 0x00, 0xf1, 0x02, 0x00, 0x00, 0xbb, 0x00,
    0x00, 0x00, 0x8e, 0x00, 0x05, 0x00, 0x07, 0x00, 0x00, 0x00,
    0xf2, 0x02, 0x00, 0x00, 0xf1, 0x02, 0x00, 0x00, 0xf0, 0x02,
    0x00, 0x00, 0x41, 0x00, 0x05, 0x00, 0x2a, 0x00, 0x00, 0x00,
    0xf3, 0x02, 0x00, 0x00, 0xea, 0x02, 0x00, 0x00, 0xad, 0x00,
    0x00, 0x00, 0x3d, 0x00, 0x04, 0x00, 0x06, 0x00, 0x00, 0x00,
    0xf4, 0x02, 0x00, 0x00, 0xf3, 0x02, 0x00, 0x00, 0x41, 0x00,
    0x06, 0x00, 0xc1, 0x00, 0x00, 0x00, 0xf5, 0x02, 0x00, 0x00,
    0xbf, 0x00, 0x00, 0x00, 0x87, 0x00, 0x00, 0x00, 0xc4, 0x00,
    0x00, 0x00, 0x3d, 0x00, 0x04, 0x00, 0x07, 0x00, 0x00, 0x00,
    0xf6, 0x02, 0x00, 0x00, 0xf5, 0x02, 0x00, 0x00, 0x8e, 0x00,
    0x05, 0x00, 0x07, 0x00, 0x00, 0x00, 0xf7, 0x02, 0x00, 0x00,
    0xf6, 0x02, 0x00, 0x00, 0xf4, 0x02, 0x00, 0x00, 0x81, 0x00,
    0x05, 0x00, 0x07, 0x00, 0x00, 0x00, 0xf8, 0x02, 0x00, 0x00,
    0xf2, 0x02, 0x00, 0x00, 0xf7, 0x02, 0x00, 0x00, 0x41, 0x00,
    0x05, 0x00, 0x08, 0x00, 0x00, 0x00, 0xf9, 0x02, 0x00, 0x00,
    0x3b, 0x00, 0x00, 0x00, 0x87, 0x00, 0x00, 0x00, 0x3d, 0x00,
    0x04, 0x00, 0x07, 0x00, 0x00, 0x00, 0xfa, 0x02, 0x00, 0x00,
    0xf9, 0x02, 0x00, 0x00, 0x81, 0x00, 0x05, 0x00, 0x07, 0x00,
    0x00, 0x00, 0xfb, 0x02, 0x00, 0x00, 0xfa, 0x02, 0x00, 0x00,
    0xf8, 0x02, 0x00, 0x00, 0x41, 0x00, 0x05, 0x00, 0x08, 0x00,
    0x00, 0x00, 0xfc, 0x02, 0x00, 0x00, 0x3b, 0x00, 0x00, 0x00,
    0x87, 0x00, 0x00, 0x00, 0x3e, 0x00, 0x03, 0x00, 0xfc, 0x02,
    0x00, 0x00, 0xfb, 0x02, 0x00, 0x00, 0x41, 0x00, 0x05, 0x00,
    0x08, 0x00, 0x00, 0x00, 0xfd, 0x02, 0x00, 0x00, 0x3b, 0x00,
    0x00, 0x00, 0xb0, 0x00, 0x00, 0x00, 0x3d, 0x00, 0x04, 0x00,
    0x07, 0x00, 0x00, 0x00, 0xfe, 0x02, 0x00, 0x00, 0xfd, 0x02,
    0x00, 0x00, 0x50, 0x00, 0x06, 0x00, 0x07, 0x00, 0x00, 0x00,
    0xff, 0x02, 0x00, 0x00, 0xd9, 0x01, 0x00, 0x00, 0xd9, 0x01,
    0x00, 0x00, 0xd9, 0x01, 0x00, 0x00, 0x88, 0x00, 0x05, 0x00,
    0x07, 0x00, 0x00, 0x00, 0x00, 0x03, 0x00, 0x00, 0xff, 0x02,
    0x00, 0x00, 0xfe, 0x02, 0x00, 0x00, 0x41, 0x00, 0x05, 0x00,
    0x08, 0x00, 0x00, 0x00, 0x01, 0x03, 0x00, 0x00, 0x3b, 0x00,
    0x00, 0x00, 0xc0, 0x00, 0x00, 0x00, 0x3e, 0x00, 0x03, 0x00,
    0x01, 0x03, 0x00, 0x00, 0x00, 0x03, 0x00, 0x00, 0xfd, 0x00,
    0x01, 0x00, 0x38, 0x00, 0x01, 0x00, 0x36, 0x00, 0x05, 0x00,
    0x0f, 0x00, 0x00, 0x00, 0x40, 0x00, 0x00, 0x00, 0x00, 0x00,
    0x00, 0x00, 0x3e, 0x00, 0x00, 0x00, 0x37, 0x00, 0x03, 0x00,
    0x08, 0x00, 0x00, 0x00, 0x3f, 0x00, 0x00, 0x00, 0xf8, 0x00,
    0x02, 0x00, 0x41, 0x00, 0x00, 0x00, 0x3d, 0x00, 0x04, 0x00,
    0x07, 0x00, 0x00, 0x00, 0x02, 0x03, 0x00, 0x00, 0x3f, 0x00,
    0x00, 0x00, 0x50, 0x00, 0x06, 0x00, 0x07, 0x00, 0x00, 0x00,
    0x03, 0x03, 0x00, 0x00, 0xd9, 0x01, 0x00, 0x00, 0xd9, 0x01,
    0x00, 0x00, 0xd9, 0x01, 0x00, 0x00, 0x81, 0x00, 0x05, 0x00,
    0x07, 0x00, 0x00, 0x00, 0x04, 0x03, 0x00, 0x00, 0x02, 0x03,
    0x00, 0x00, 0x03, 0x03, 0x00, 0x00, 0x8e, 0x00, 0x05, 0x00,
    0x07, 0x00, 0x00, 0x00, 0x05, 0x03, 0x00, 0x00, 0x04, 0x03,
    0x00, 0x00, 0x08, 0x01, 0x00, 0x00, 0x51, 0x00, 0x05, 0x00,
    0x06, 0x00, 0x00, 0x00, 0x06, 0x03, 0x00, 0x00, 0x05, 0x03,
    0x00, 0x00, 0x00, 0x00, 0x00, 0x00, 0x51, 0x00, 0x05, 0x00,
    0x06, 0x00, 0x00, 0x00, 0x07, 0x03, 0x00, 0x00, 0x05, 0x03,
    0x00, 0x00, 0x01, 0x00, 0x00, 0x00, 0x51, 0x00, 0x05, 0x00,
    0x06, 0x00, 0x00, 0x00, 0x08, 0x03, 0x00, 0x00, 0x05, 0x03,
    0x00, 0x00, 0x02, 0x00, 0x00, 0x00, 0x50, 0x00, 0x07, 0x00,
    0x0f, 0x00, 0x00, 0x00, 0x09, 0x03, 0x00, 0x00, 0x06, 0x03,
    0x00, 0x00, 0x07, 0x03, 0x00, 0x00, 0x08, 0x03, 0x00, 0x00,
    0xd9, 0x01, 0x00, 0x00, 0xfe, 0x00, 0x02, 0x00, 0x09, 0x03,
    0x00, 0x00, 0x38, 0x00, 0x01, 0x00, 0x36, 0x00, 0x05, 0x00,
    0x0f, 0x00, 0x00, 0x00, 0x44, 0x00, 0x00, 0x00, 0x00, 0x00,
    0x00, 0x00, 0x42, 0x00, 0x00, 0x00, 0x37, 0x00, 0x03, 0x00,
    0x2a, 0x00, 0x00, 0x00, 0x43, 0x00, 0x00, 0x00, 0xf8, 0x00,
    0x02, 0x00, 0x45, 0x00, 0x00, 0x00, 0x3b, 0x00, 0x04, 0x00,
    0x2a, 0x00, 0x00, 0x00, 0x0c, 0x03, 0x00, 0x00, 0x07, 0x00,
    0x00, 0x00, 0x3d, 0x00, 0x04, 0x00, 0x06, 0x00, 0x00, 0x00,
    0x0d, 0x03, 0x00, 0x00, 0x43, 0x00, 0x00, 0x00, 0x88, 0x00,
    0x05, 0x00, 0x06, 0x00, 0x00, 0x00, 0x0e, 0x03, 0x00, 0x00,
    0xd9, 0x01, 0x00, 0x00, 0x0d, 0x03, 0x00, 0x00, 0x41, 0x00,
    0x06, 0x00, 0x12, 0x01, 0x00, 0x00, 0x0f, 0x03, 0x00, 0x00,
    0xbf, 0x00, 0x00, 0x00, 0x87, 0x00, 0x00, 0x00, 0x50, 0x01,
    0x00, 0x00, 0x3d, 0x00, 0x04, 0x00, 0x06, 0x00, 0x00, 0x00,
    0x10, 0x03, 0x00, 0x00, 0x0f, 0x03, 0x00, 0x00, 0x88, 0x00,
    0x05, 0x00, 0x06, 0x00, 0x00, 0x00, 0x11, 0x03, 0x00, 0x00,
    0xd9, 0x01, 0x00, 0x00, 0x10, 0x03, 0x00, 0x00, 0x83, 0x00,
    0x05, 0x00, 0x06, 0x00, 0x00, 0x00, 0x12, 0x03, 0x00, 0x00,
    0x0e, 0x03, 0x00, 0x00, 0x11, 0x03, 0x00, 0x00, 0x41, 0x00,
    0x06, 0x00, 0x12, 0x01, 0x00, 0x00, 0x13, 0x03, 0x00, 0x00,
    0xbf, 0x00, 0x00, 0x00, 0x87, 0x00, 0x00, 0x00, 0x53, 0x01,
    0x00, 0x00, 0x3d, 0x00, 0x04, 0x00, 0x06, 0x00, 0x00, 0x00,
    0x14, 0x03, 0x00, 0x00, 0x13, 0x03, 0x00, 0x00, 0x88, 0x00,
    0x05, 0x00, 0x06, 0x00, 0x00, 0x00, 0x15, 0x03, 0x00, 0x00,
    0xd9, 0x01, 0x00, 0x00, 0x14, 0x03, 0x00, 0x00, 0x41, 0x00,
    0x06, 0x00, 0x12, 0x01, 0x00, 0x00, 0x16, 0x03, 0x00, 0x00,
    0xbf, 0x00, 0x00, 0x00, 0x87, 0x00, 0x00, 0x00, 0x50, 0x01,
    0x00, 0x00, 0x3d, 0x00, 0x04, 0x00, 0x06, 0x00, 0x00, 0x00,
    0x17, 0x03, 0x00, 0x00, 0x16, 0x03, 0x00, 0x00, 0x88, 0x00,
    0x05, 0x00, 0x06, 0x00, 0x00, 0x00, 0x18, 0x03, 0x00, 0x00,
    0xd9, 0x01, 0x00, 0x00, 0x17, 0x03, 0x00, 0x00, 0x83, 0x00,
    0x05, 0x00, 0x06, 0x00, 0x00, 0x00, 0x19, 0x03, 0x00, 0x00,
    0x15, 0x03, 0x00, 0x00, 0x18, 0x03, 0x00, 0x00, 0x88, 0x00,
    0x05, 0x00, 0x06, 0x00, 0x00, 0x00, 0x1a, 0x03, 0x00, 0x00,
    0x12, 0x03, 0x00, 0x00, 0x19, 0x03, 0x00, 0x00, 0x3e, 0x00,
    0x03, 0x00, 0x0c, 0x03, 0x00, 0x00, 0x1a, 0x03, 0x00, 0x00,
    0x3d, 0x00, 0x04, 0x00, 0x06, 0x00, 0x00, 0x00, 0x1b, 0x03,
    0x00, 0x00, 0x0c, 0x03, 0x00, 0x00, 0x50, 0x00, 0x06, 0x00,
    0x07, 0x00, 0x00, 0x00, 0x1c, 0x03, 0x00, 0x00, 0x1b, 0x03,
    0x00, 0x00, 0x1b, 0x03, 0x00, 0x00, 0x1b, 0x03, 0x00, 0x00,
    0x51, 0x00, 0x05, 0x00, 0x06, 0x00, 0x00, 0x00, 0x1d, 0x03,
    0x00, 0x00, 0x1c, 0x03, 0x00, 0x00, 0x00, 0x00, 0x00, 0x00,
    0x51, 0x00, 0x05, 0x00, 0x06, 0x00, 0x00, 0x00, 0x1e, 0x03,
    0x00, 0x00, 0x1c, 0x03, 0x00, 0x00, 0x01, 0x00, 0x00, 0x00,
    0x51, 0x00, 0x05, 0x00, 0x06, 0x00, 0x00, 0x00, 0x1f, 0x03,
    0x00, 0x00, 0x1c, 0x03, 0x00, 0x00, 0x02, 0x00, 0x00, 0x00,
    0x50, 0x00, 0x07, 0x00, 0x0f, 0x00, 0x00, 0x00, 0x20, 0x03,
    0x00, 0x00, 0x1d, 0x03, 0x00, 0x00, 0x1e, 0x03, 0x00, 0x00,
    0x1f, 0x03, 0x00, 0x00, 0xd9, 0x01, 0x00, 0x00, 0xfe, 0x00,
    0x02, 0x00, 0x20, 0x03, 0x00, 0x00, 0x38, 0x00, 0x01, 0x00,
    0x36, 0x00, 0x05, 0x00, 0x16, 0x00, 0x00, 0x00, 0x52, 0x00,
    0x00, 0x00, 0x00, 0x00, 0x00, 0x00, 0x49, 0x00, 0x00, 0x00,
    0x37, 0x00, 0x03, 0x00, 0x0e, 0x00, 0x00, 0x00, 0x4a, 0x00,
    0x00, 0x00, 0x37, 0x00, 0x03, 0x00, 0x47, 0x00, 0x00, 0x00,
    0x4b, 0x00, 0x00, 0x00, 0x37, 0x00, 0x03, 0x00, 0x47, 0x00,
    0x00, 0x00, 0x4c, 0x00, 0x00, 0x00, 0x37, 0x00, 0x03, 0x00,
    0x47, 0x00, 0x00, 0x00, 0x4d, 0x00, 0x00, 0x00, 0x37, 0x00,
    0x03, 0x00, 0x48, 0x00, 0x00, 0x00, 0x4e, 0x00, 0x00, 0x00,
    0x37, 0x00, 0x03, 0x00, 0x2a, 0x00, 0x00, 0x00, 0x4f, 0x00,
    0x00, 0x00, 0x37, 0x00, 0x03, 0x00, 0x2a, 0x00, 0x00, 0x00,
    0x50, 0x00, 0x00, 0x00, 0x37, 0x00, 0x03, 0x00, 0x18, 0x00,
    0x00, 0x00, 0x51, 0x00, 0x00, 0x00, 0xf8, 0x00, 0x02, 0x00,
    0x53, 0x00, 0x00, 0x00, 0x3b, 0x00, 0x04, 0x00, 0x08, 0x00,
    0x00, 0x00, 0x23, 0x03, 0x00, 0x00, 0x07, 0x00, 0x00, 0x00,
    0x3b, 0x00, 0x04, 0x00, 0x08, 0x00, 0x00, 0x00, 0x2b, 0x03,
    0x00, 0x00, 0x07, 0x00, 0x00, 0x00, 0x3b, 0x00, 0x04, 0x00,
    0x08, 0x00, 0x00, 0x00, 0x33, 0x03, 0x00, 0x00, 0x07, 0x00,
    0x00, 0x00, 0x3b, 0x00, 0x04, 0x00, 0x2a, 0x00, 0x00, 0x00,
    0x37, 0x03, 0x00, 0x00, 0x07, 0x00, 0x00, 0x00, 0x3b, 0x00,
    0x04, 0x00, 0x08, 0x00, 0x00, 0x00, 0x48, 0x03, 0x00, 0x00,
    0x07, 0x00, 0x00, 0x00, 0x3b, 0x00, 0x04, 0x00, 0x08, 0x00,
    0x00, 0x00, 0x4f, 0x03, 0x00, 0x00, 0x07, 0x00, 0x00, 0x00,
    0x3b, 0x00, 0x04, 0x00, 0x2a, 0x00, 0x00, 0x00, 0x54, 0x03,
    0x00, 0x00, 0x07, 0x00, 0x00, 0x00, 0x3b, 0x00, 0x04, 0x00,
    0x2a, 0x00, 0x00, 0x00, 0x57, 0x03, 0x00, 0x00, 0x07, 0x00,
    0x00, 0x00, 0x3b, 0x00, 0x04, 0x00, 0x2a, 0x00, 0x00, 0x00,
    0x5d, 0x03, 0x00, 0x00, 0x07, 0x00, 0x00, 0x00, 0x3b, 0x00,
    0x04, 0x00, 0x2a, 0x00, 0x00, 0x00, 0x63, 0x03, 0x00, 0x00,
    0x07, 0x00, 0x00, 0x00, 0x3b, 0x00, 0x04, 0x00, 0x2a, 0x00,
    0x00, 0x00, 0x6a, 0x03, 0x00, 0x00, 0x07, 0x00, 0x00, 0x00,
    0x3b, 0x00, 0x04, 0x00, 0x78, 0x01, 0x00, 0x00, 0x82, 0x03,
    0x00, 0x00, 0x07, 0x00, 0x00, 0x00, 0x3b, 0x00, 0x04, 0x00,
    0x78, 0x01, 0x00, 0x00, 0x88, 0x03, 0x00, 0x00, 0x07, 0x00,
    0x00, 0x00, 0x3b, 0x00, 0x04, 0x00, 0x78, 0x01, 0x00, 0x00,
    0x8e, 0x03, 0x00, 0x00, 0x07, 0x00, 0x00, 0x00, 0x3b, 0x00,
    0x04, 0x00, 0x78, 0x01, 0x00, 0x00, 0x94, 0x03, 0x00, 0x00,
    0x07, 0x00, 0x00, 0x00, 0x3b, 0x00, 0x04, 0x00, 0x78, 0x01,
    0x00, 0x00, 0xa0, 0x03, 0x00, 0x00, 0x07, 0x00, 0x00, 0x00,
    0x3b, 0x00, 0x04, 0x00, 0x78, 0x01, 0x00, 0x00, 0xa4, 0x03,
    0x00, 0x00, 0x07, 0x00, 0x00, 0x00, 0x3b, 0x00, 0x04, 0x00,
    0x2a, 0x00, 0x00, 0x00, 0xa8, 0x03, 0x00, 0x00, 0x07, 0x00,
    0x00, 0x00, 0x41, 0x00, 0x05, 0x00, 0x40, 0x01, 0x00, 0x00,
    0x24, 0x03, 0x00, 0x00, 0x4c, 0x00, 0x00, 0x00, 0x87, 0x00,
    0x00, 0x00, 0x3d, 0x00, 0x04, 0x00, 0x0f, 0x00, 0x00, 0x00,
    0x25, 0x03, 0x00, 0x00, 0x24, 0x03, 0x00, 0x00, 0x4f, 0x00,
    0x08, 0x00, 0x07, 0x00, 0x00, 0x00, 0x26, 0x03, 0x00, 0x00,
    0x25, 0x03, 0x00, 0x00, 0x25, 0x03, 0x00, 0x00, 0x00, 0x00,
    0x00, 0x00, 0x01, 0x00, 0x00, 0x00, 0x02, 0x00, 0x00, 0x00,
    0x41, 0x00, 0x05, 0x00, 0x40, 0x01, 0x00, 0x00, 0x27, 0x03,
    0x00, 0x00, 0x4b, 0x00, 0x00, 0x00, 0x87, 0x00, 0x00, 0x00,
    0x3d, 0x00, 0x04, 0x00, 0x0f, 0x00, 0x00, 0x00, 0x28, 0x03,
    0x00, 0x00, 0x27, 0x03, 0x00, 0x00, 0x4f, 0x00, 0x08, 0x00,
    0x07, 0x00, 0x00, 0x00, 0x29, 0x03, 0x00, 0x00, 0x28, 0x03,
    0x00, 0x00, 0x28, 0x03, 0x00, 0x00, 0x00, 0x00, 0x00, 0x00,
    0x01, 0x00, 0x00, 0x00, 0x02, 0x00, 0x00, 0x00, 0x83, 0x00,
    0x05, 0x00, 0x07, 0x00, 0x00, 0x00, 0x2a, 0x03, 0x00, 0x00,
    0x26, 0x03, 0x00, 0x00, 0x29, 0x03, 0x00, 0x00, 0x3e, 0x00,
    0x03, 0x00, 0x23, 0x03, 0x00, 0x00, 0x2a, 0x03, 0x00, 0x00,
    0x41, 0x00, 0x05, 0x00, 0x40, 0x01, 0x00, 0x00, 0x2c, 0x03,
    0x00, 0x00, 0x4d, 0x00, 0x00, 0x00, 0x87, 0x00, 0x00, 0x00,
    0x3d, 0x00, 0x04, 0x00, 0x0f, 0x00, 0x00, 0x00, 0x2d, 0x03,
    0x00, 0x00, 0x2c, 0x03, 0x00, 0x00, 0x4f, 0x00, 0x08, 0x00,
    0x07, 0x00, 0x00, 0x00, 0x2e, 0x03, 0x00, 0x00, 0x2d, 0x03,
    0x00, 0x00, 0x2d, 0x03, 0x00, 0x00, 0x00, 0x00, 0x00, 0x00,
    0x01, 0x00, 0x00, 0x00, 0x02, 0x00, 0x00, 0x00, 0x41, 0x00,
    0x05, 0x00, 0x40, 0x01, 0x00, 0x00, 0x2f, 0x03, 0x00, 0x00,
    0x4b, 0x00, 0x00, 0x00, 0x87, 0x00, 0x00, 0x00, 0x3d, 0x00,
    0x04, 0x00, 0x0f, 0x00, 0x00, 0x00, 0x30, 0x03, 0x00, 0x00,
    0x2f, 0x03, 0x00, 0x00, 0x4f, 0x00, 0x08, 0x00, 0x07, 0x00,
    0x00, 0x00, 0x31, 0x03, 0x00, 0x00, 0x30, 0x03, 0x00, 0x00,
    0x30, 0x03, 0x00, 0x00, 0x00, 0x00, 0x00, 0x00, 0x01, 0x00,
    0x00, 0x00, 0x02, 0x00, 0x00, 0x00, 0x83, 0x00, 0x05, 0x00,
    0x07, 0x00, 0x00, 0x00, 0x32, 0x03, 0x00, 0x00, 0x2e, 0x03,
    0x00, 0x00, 0x31, 0x03, 0x00, 0x00, 0x3e, 0x00, 0x03, 0x00,
    0x2b, 0x03, 0x00, 0x00, 0x32, 0x03, 0x00, 0x00, 0x3d, 0x00,
    0x04, 0x00, 0x07, 0x00, 0x00, 0x00, 0x34, 0x03, 0x00, 0x00,
    0x23, 0x03, 0x00, 0x00, 0x3d, 0x00, 0x04, 0x00, 0x07, 0x00,
    0x00, 0x00, 0x35, 0x03, 0x00, 0x00, 0x2b, 0x03, 0x00, 0x00,
    0x0c, 0x00, 0x07, 0x00, 0x07, 0x00, 0x00, 0x00, 0x36, 0x03,
    0x00, 0x00, 0x01, 0x00, 0x00, 0x00, 0x44, 0x00, 0x00, 0x00,
    0x34, 0x03, 0x00, 0x00, 0x35, 0x03, 0x00, 0x00, 0x3e, 0x00,
    0x03, 0x00, 0x33, 0x03, 0x00, 0x00, 0x36, 0x03, 0x00, 0x00,
    0x41, 0x00, 0x05, 0x00, 0x08, 0x00, 0x00, 0x00, 0x38, 0x03,
    0x00, 0x00, 0x4a, 0x00, 0x00, 0x00, 0xb0, 0x00, 0x00, 0x00,
    0x3d, 0x00, 0x04, 0x00, 0x07, 0x00, 0x00, 0x00, 0x39, 0x03,
    0x00, 0x00, 0x38, 0x03, 0x00, 0x00, 0x3d, 0x00, 0x04, 0x00,
    0x07, 0x00, 0x00, 0x00, 0x3a, 0x03, 0x00, 0x00, 0x33, 0x03,
    0x00, 0x00, 0x94, 0x00, 0x05, 0x00, 0x06, 0x00, 0x00, 0x00,
    0x3b, 0x03, 0x00, 0x00, 0x39, 0x03, 0x00, 0x00, 0x3a, 0x03,
    0x00, 0x00, 0x7f, 0x00, 0x04, 0x00, 0x06, 0x00, 0x00, 0x00,
    0x3c, 0x03, 0x00, 0x00, 0x3b, 0x03, 0x00, 0x00, 0x3e, 0x00,
    0x03, 0x00, 0x37, 0x03, 0x00, 0x00, 0x3c, 0x03, 0x00, 0x00,
    0x3d, 0x00, 0x04, 0x00, 0x06, 0x00, 0x00, 0x00, 0x3d, 0x03,
    0x00, 0x00, 0x37, 0x03, 0x00, 0x00, 0x0c, 0x00, 0x06, 0x00,
    0x06, 0x00, 0x00, 0x00, 0x3e, 0x03, 0x00, 0x00, 0x01, 0x00,
    0x00, 0x00, 0x04, 0x00, 0x00, 0x00, 0x3d, 0x03, 0x00, 0x00,
    0x3d, 0x00, 0x04, 0x00, 0x07, 0x00, 0x00, 0x00, 0x3f, 0x03,
    0x00, 0x00, 0x33, 0x03, 0x00, 0x00, 0x0c, 0x00, 0x06, 0x00,
    0x06, 0x00, 0x00, 0x00, 0x40, 0x03, 0x00, 0x00, 0x01, 0x00,
    0x00, 0x00, 0x42, 0x00, 0x00, 0x00, 0x3f, 0x03, 0x00, 0x00,
    0x85, 0x00, 0x05, 0x00, 0x06, 0x00, 0x00, 0x00, 0x42, 0x03,
    0x00, 0x00, 0x40, 0x03, 0x00, 0x00, 0x41, 0x03, 0x00, 0x00,
    0xbc, 0x00, 0x05, 0x00, 0x16, 0x00, 0x00, 0x00, 0x43, 0x03,
    0x00, 0x00, 0x3e, 0x03, 0x00, 0x00, 0x42, 0x03, 0x00, 0x00,
    0xf7, 0x00, 0x03, 0x00, 0x45, 0x03, 0x00, 0x00, 0x00, 0x00,
    0x00, 0x00, 0xfa, 0x00, 0x04, 0x00, 0x43, 0x03, 0x00, 0x00,
    0x44, 0x03, 0x00, 0x00, 0x45, 0x03, 0x00, 0x00, 0xf8, 0x00,
    0x02, 0x00, 0x44, 0x03, 0x00, 0x00, 0xfe, 0x00, 0x02, 0x00,
    0x46, 0x03, 0x00, 0x00, 0xf8, 0x00, 0x02, 0x00, 0x45, 0x03,
    0x00, 0x00, 0x41, 0x00, 0x05, 0x00, 0x08, 0x00, 0x00, 0x00,
    0x49, 0x03, 0x00, 0x00, 0x4a, 0x00, 0x00, 0x00, 0x87, 0x00,
    0x00, 0x00, 0x3d, 0x00, 0x04, 0x00, 0x07, 0x00, 0x00, 0x00,
    0x4a, 0x03, 0x00, 0x00, 0x49, 0x03, 0x00, 0x00, 0x41, 0x00,
    0x05, 0x00, 0x40, 0x01, 0x00, 0x00, 0x4b, 0x03, 0x00, 0x00,
    0x4b, 0x00, 0x00, 0x00, 0x87, 0x00, 0x00, 0x00, 0x3d, 0x00,
    0x04, 0x00, 0x0f, 0x00, 0x00, 0x00, 0x4c, 0x03, 0x00, 0x00,
    0x4b, 0x03, 0x00, 0x00, 0x4f, 0x00, 0x08, 0x00, 0x07, 0x00,
    0x00, 0x00, 0x4d, 0x03, 0x00, 0x00, 0x4c, 0x03, 0x00, 0x00,
    0x4c, 0x03, 0x00, 0x00, 0x00, 0x00, 0x00, 0x00, 0x01, 0x00,
    0x00, 0x00, 0x02, 0x00, 0x00, 0x00, 0x83, 0x00, 0x05, 0x00,
    0x07, 0x00, 0x00, 0x00, 0x4e, 0x03, 0x00, 0x00, 0x4a, 0x03,
    0x00, 0x00, 0x4d, 0x03, 0x00, 0x00, 0x3e, 0x00, 0x03, 0x00,
    0x48, 0x03, 0x00, 0x00, 0x4e, 0x03, 0x00, 0x00, 0x3d, 0x00,
    0x04, 0x00, 0x07, 0x00, 0x00, 0x00, 0x50, 0x03, 0x00, 0x00,
    0x48, 0x03, 0x00, 0x00, 0x41, 0x00, 0x05, 0x00, 0x08, 0x00,
    0x00, 0x00, 0x51, 0x03, 0x00, 0x00, 0x4a, 0x00, 0x00, 0x00,
    0xb0, 0x00, 0x00, 0x00, 0x3d, 0x00, 0x04, 0x00, 0x07, 0x00,
    0x00, 0x00, 0x52, 0x03, 0x00, 0x00, 0x51, 0x03, 0x00, 0x00,
    0x0c, 0x00, 0x07, 0x00, 0x07, 0x00, 0x00, 0x00, 0x53, 0x03,
    0x00, 0x00, 0x01, 0x00, 0x00, 0x00, 0x44, 0x00, 0x00, 0x00,
    0x50, 0x03, 0x00, 0x00, 0x52, 0x03, 0x00, 0x00, 0x3e, 0x00,
    0x03, 0x00, 0x4f, 0x03, 0x00, 0x00, 0x53, 0x03, 0x00, 0x00,
    0x3d, 0x00, 0x04, 0x00, 0x06, 0x00, 0x00, 0x00, 0x55, 0x03,
    0x00, 0x00, 0x37, 0x03, 0x00, 0x00, 0x88, 0x00, 0x05, 0x00,
    0x06, 0x00, 0x00, 0x00, 0x56, 0x03, 0x00, 0x00, 0xd9, 0x01,
    0x00, 0x00, 0x55, 0x03, 0x00, 0x00, 0x3e, 0x00, 0x03, 0x00,
    0x54, 0x03, 0x00, 0x00, 0x56, 0x03, 0x00, 0x00, 0x3d, 0x00,
    0x04, 0x00, 0x07, 0x00, 0x00, 0x00, 0x58, 0x03, 0x00, 0x00,
    0x48, 0x03, 0x00, 0x00, 0x3d, 0x00, 0x04, 0x00, 0x07, 0x00,
    0x00, 0x00, 0x59, 0x03, 0x00, 0x00, 0x33, 0x03, 0x00, 0x00,
    0x94, 0x00, 0x05, 0x00, 0x06, 0x00, 0x00, 0x00, 0x5a, 0x03,
    0x00, 0x00, 0x58, 0x03, 0x00, 0x00, 0x59, 0x03, 0x00, 0x00,
    0x3d, 0x00, 0x04, 0x00, 0x06, 0x00, 0x00, 0x00, 0x5b, 0x03,
    0x00, 0x00, 0x54, 0x03, 0x00, 0x00, 0x85, 0x00, 0x05, 0x00,
    0x06, 0x00, 0x00, 0x00, 0x5c, 0x03, 0x00, 0x00, 0x5a, 0x03,
    0x00, 0x00, 0x5b, 0x03, 0x00, 0x00, 0x3e, 0x00, 0x03, 0x00,
    0x57, 0x03, 0x00, 0x00, 0x5c, 0x03, 0x00, 0x00, 0x3d, 0x00,
    0x04, 0x00, 0x07, 0x00, 0x00, 0x00, 0x5e, 0x03, 0x00, 0x00,
    0x2b, 0x03, 0x00, 0x00, 0x3d, 0x00, 0x04, 0x00, 0x07, 0x00,
    0x00, 0x00, 0x5f, 0x03, 0x00, 0x00, 0x4f, 0x03, 0x00, 0x00,
    0x94, 0x00, 0x05, 0x00, 0x06, 0x00, 0x00, 0x00, 0x60, 0x03,
    0x00, 0x00, 0x5e, 0x03, 0x00, 0x00, 0x5f, 0x03, 0x00, 0x00,
    0x3d, 0x00, 0x04, 0x00, 0x06, 0x00, 0x00, 0x00, 0x61, 0x03,
    0x00, 0x00, 0x54, 0x03, 0x00, 0x00, 0x85, 0x00, 0x05, 0x00,
    0x06, 0x00, 0x00, 0x00, 0x62, 0x03, 0x00, 0x00, 0x60, 0x03,
    0x00, 0x00, 0x61, 0x03, 0x00, 0x00, 0x3e, 0x00, 0x03, 0x00,
    0x5d, 0x03, 0x00, 0x00, 0x62, 0x03, 0x00, 0x00, 0x3d, 0x00,
    0x04, 0x00, 0x07, 0x00, 0x00, 0x00, 0x64, 0x03, 0x00, 0x00,
    0x23, 0x03, 0x00, 0x00, 0x3d, 0x00, 0x04, 0x00, 0x07, 0x00,
    0x00, 0x00, 0x65, 0x03, 0x00, 0x00, 0x4f, 0x03, 0x00, 0x00,
    0x94, 0x00, 0x05, 0x00, 0x06, 0x00, 0x00, 0x00, 0x66, 0x03,
    0x00, 0x00, 0x64, 0x03, 0x00, 0x00, 0x65, 0x03, 0x00, 0x00,
    0x7f, 0x00, 0x04, 0x00, 0x06, 0x00, 0x00, 0x00, 0x67, 0x03,
    0x00, 0x00, 0x66, 0x03, 0x00, 0x00, 0x3d, 0x00, 0x04, 0x00,
    0x06, 0x00, 0x00, 0x00, 0x68, 0x03, 0x00, 0x00, 0x54, 0x03,
    0x00, 0x00, 0x85, 0x00, 0x05, 0x00, 0x06, 0x00, 0x00, 0x00,
    0x69, 0x03, 0x00, 0x00, 0x67, 0x03, 0x00, 0x00, 0x68, 0x03,
    0x00, 0x00, 0x3e, 0x00, 0x03, 0x00, 0x63, 0x03, 0x00, 0x00,
    0x69, 0x03, 0x00, 0x00, 0x3d, 0x00, 0x04, 0x00, 0x06, 0x00,
    0x00, 0x00, 0x6b, 0x03, 0x00, 0x00, 0x5d, 0x03, 0x00, 0x00,
    0x83, 0x00, 0x05, 0x00, 0x06, 0x00, 0x00, 0x00, 0x6c, 0x03,
    0x00, 0x00, 0xd9, 0x01, 0x00, 0x00, 0x6b, 0x03, 0x00, 0x00,
    0x3d, 0x00, 0x04, 0x00, 0x06, 0x00, 0x00, 0x00, 0x6d, 0x03,
    0x00, 0x00, 0x63, 0x03, 0x00, 0x00, 0x83, 0x00, 0x05, 0x00,
    0x06, 0x00, 0x00, 0x00, 0x6e, 0x03, 0x00, 0x00, 0x6c, 0x03,
    0x00, 0x00, 0x6d, 0x03, 0x00, 0x00, 0x3e, 0x00, 0x03, 0x00,
    0x6a, 0x03, 0x00, 0x00, 0x6e, 0x03, 0x00, 0x00, 0x3d, 0x00,
    0x04, 0x00, 0x06, 0x00, 0x00, 0x00, 0x6f, 0x03, 0x00, 0x00,
    0x5d, 0x03, 0x00, 0x00, 0xb8, 0x00, 0x05, 0x00, 0x16, 0x00,
    0x00, 0x00, 0x70, 0x03, 0x00, 0x00, 0x6f, 0x03, 0x00, 0x00,
    0x0f, 0x01, 0x00, 0x00, 0x3d, 0x00, 0x04, 0x00, 0x06, 0x00,
    0x00, 0x00, 0x71, 0x03, 0x00, 0x00, 0x63, 0x03, 0x00, 0x00,
    0xb8, 0x00, 0x05, 0x00, 0x16, 0x00, 0x00, 0x00, 0x72, 0x03,
    0x00, 0x00, 0x71, 0x03, 0x00, 0x00, 0x0f, 0x01, 0x00, 0x00,
    0xa6, 0x00, 0x05, 0x00, 0x16, 0x00, 0x00, 0x00, 0x73, 0x03,
    0x00, 0x00, 0x70, 0x03, 0x00, 0x00, 0x72, 0x03, 0x00, 0x00,
    0x3d, 0x00, 0x04, 0x00, 0x06, 0x00, 0x00, 0x00, 0x74, 0x03,
    0x00, 0x00, 0x6a, 0x03, 0x00, 0x00, 0xb8, 0x00, 0x05, 0x00,
    0x16, 0x00, 0x00, 0x00, 0x75, 0x03, 0x00, 0x00, 0x74, 0x03,
    0x00, 0x00, 0x0f, 0x01, 0x00, 0x00, 0xa6, 0x00, 0x05, 0x00,
    0x16, 0x00, 0x00, 0x00, 0x76, 0x03, 0x00, 0x00, 0x73, 0x03,
    0x00, 0x00, 0x75, 0x03, 0x00, 0x00, 0x3d, 0x00, 0x04, 0x00,
    0x06, 0x00, 0x00, 0x00, 0x77, 0x03, 0x00, 0x00, 0x57, 0x03,
    0x00, 0x00, 0x3d, 0x00, 0x04, 0x00, 0x06, 0x00, 0x00, 0x00,
    0x78, 0x03, 0x00, 0x00, 0x4f, 0x00, 0x00, 0x00, 0xbc, 0x00,
    0x05, 0x00, 0x16, 0x00, 0x00, 0x00, 0x79, 0x03, 0x00, 0x00,
    0x77, 0x03, 0x00, 0x00, 0x78, 0x03, 0x00, 0x00, 0xa6, 0x00,
    0x05, 0x00, 0x16, 0x00, 0x00, 0x00, 0x7a, 0x03, 0x00, 0x00,
    0x76, 0x03, 0x00, 0x00, 0x79, 0x03, 0x00, 0x00, 0x3d, 0x00,
    0x04, 0x00, 0x06, 0x00, 0x00, 0x00, 0x7b, 0x03, 0x00, 0x00,
    0x57, 0x03, 0x00, 0x00, 0x3d, 0x00, 0x04, 0x00, 0x06, 0x00,
    0x00, 0x00, 0x7c, 0x03, 0x00, 0x00, 0x50, 0x00, 0x00, 0x00,
    0xbe, 0x00, 0x05, 0x00, 0x16, 0x00, 0x00, 0x00, 0x7d, 0x03,
    0x00, 0x00, 0x7b, 0x03, 0x00, 0x00, 0x7c, 0x03, 0x00, 0x00,
    0xa6, 0x00, 0x05, 0x00, 0x16, 0x00, 0x00, 0x00, 0x7e, 0x03,
    0x00, 0x00, 0x7a, 0x03, 0x00, 0x00, 0x7d, 0x03, 0x00, 0x00,
    0xf7, 0x00, 0x03, 0x00, 0x80, 0x03, 0x00, 0x00, 0x00, 0x00,
    0x00, 0x00, 0xfa, 0x00, 0x04, 0x00, 0x7e, 0x03, 0x00, 0x00,
    0x7f, 0x03, 0x00, 0x00, 0x80, 0x03, 0x00, 0x00, 0xf8, 0x00,
    0x02, 0x00, 0x7f, 0x03, 0x00, 0x00, 0xfe, 0x00, 0x02, 0x00,
    0x46, 0x03, 0x00, 0x00, 0xf8, 0x00, 0x02, 0x00, 0x80, 0x03,
    0x00, 0x00, 0x41, 0x00, 0x06, 0x00, 0x2a, 0x00, 0x00, 0x00,
    0x83, 0x03, 0x00, 0x00, 0x4b, 0x00, 0x00, 0x00, 0x87, 0x00,
    0x00, 0x00, 0x0e, 0x02, 0x00, 0x00, 0x3d, 0x00, 0x04, 0x00,
    0x06, 0x00, 0x00, 0x00, 0x84, 0x03, 0x00, 0x00, 0x83, 0x03,
    0x00, 0x00, 0x41, 0x00, 0x06, 0x00, 0x2a, 0x00, 0x00, 0x00,
    0x85, 0x03, 0x00, 0x00, 0x4b, 0x00, 0x00, 0x00, 0xb0, 0x00,
    0x00, 0x00, 0x0e, 0x02, 0x00, 0x00, 0x3d, 0x00, 0x04, 0x00,
    0x06, 0x00, 0x00, 0x00, 0x86, 0x03, 0x00, 0x00, 0x85, 0x03,
    0x00, 0x00, 0x50, 0x00, 0x05, 0x00, 0x14, 0x00, 0x00, 0x00,
    0x87, 0x03, 0x00, 0x00, 0x84, 0x03, 0x00, 0x00, 0x86, 0x03,
    0x00, 0x00, 0x3e, 0x00, 0x03, 0x00, 0x82, 0x03, 0x00, 0x00,
    0x87, 0x03, 0x00, 0x00, 0x41, 0x00, 0x06, 0x00, 0x2a, 0x00,
    0x00, 0x00, 0x89, 0x03, 0x00, 0x00, 0x4c, 0x00, 0x00, 0x00,
    0x87, 0x00, 0x00, 0x00, 0x0e, 0x02, 0x00, 0x00, 0x3d, 0x00,
    0x04, 0x00, 0x06, 0x00, 0x00, 0x00, 0x8a, 0x03, 0x00, 0x00,
    0x89, 0x03, 0x00, 0x00, 0x41, 0x00, 0x06, 0x00, 0x2a, 0x00,
    0x00, 0x00, 0x8b, 0x03, 0x00, 0x00, 0x4c, 0x00, 0x00, 0x00,
    0xb0, 0x00, 0x00, 0x00, 0x0e, 0x02, 0x00, 0x00, 0x3d, 0x00,
    0x04, 0x00, 0x06, 0x00, 0x00, 0x00, 0x8c, 0x03, 0x00, 0x00,
    0x8b, 0x03, 0x00, 0x00, 0x50, 0x00, 0x05, 0x00, 0x14, 0x00,
    0x00, 0x00, 0x8d, 0x03, 0x00, 0x00, 0x8a, 0x03, 0x00, 0x00,
    0x8c, 0x03, 0x00, 0x00, 0x3e, 0x00, 0x03, 0x00, 0x88, 0x03,
    0x00, 0x00, 0x8d, 0x03, 0x00, 0x00, 0x41, 0x00, 0x06, 0x00,
    0x2a, 0x00, 0x00, 0x00, 0x8f, 0x03, 0x00, 0x00, 0x4d, 0x00,
    0x00, 0x00, 0x87, 0x00, 0x00, 0x00, 0x0e, 0x02, 0x00, 0x00,
    0x3d, 0x00, 0x04, 0x00, 0x06, 0x00, 0x00, 0x00, 0x90, 0x03,
    0x00, 0x00, 0x8f, 0x03, 0x00, 0x00, 0x41, 0x00, 0x06, 0x00,
    0x2a, 0x00, 0x00, 0x00, 0x91, 0x03, 0x00, 0x00, 0x4d, 0x00,
    0x00, 0x00, 0xb0, 0x00, 0x00, 0x00, 0x0e, 0x02, 0x00, 0x00,
    0x3d, 0x00, 0x04, 0x00, 0x06, 0x00, 0x00, 0x00, 0x92, 0x03,
    0x00, 0x00, 0x91, 0x03, 0x00, 0x00, 0x50, 0x00, 0x05, 0x00,
    0x14, 0x00, 0x00, 0x00, 0x93, 0x03, 0x00, 0x00, 0x90, 0x03,
    0x00, 0x00, 0x92, 0x03, 0x00, 0x00, 0x3e, 0x00, 0x03, 0x00,
    0x8e, 0x03, 0x00, 0x00, 0x93, 0x03, 0x00, 0x00, 0x3d, 0x00,
    0x04, 0x00, 0x14, 0x00, 0x00, 0x00, 0x95, 0x03, 0x00, 0x00,
    0x82, 0x03, 0x00, 0x00, 0x3d, 0x00, 0x04, 0x00, 0x06, 0x00,
    0x00, 0x00, 0x96, 0x03, 0x00, 0x00, 0x6a, 0x03, 0x00, 0x00,
    0x8e, 0x00, 0x05, 0x00, 0x14, 0x00, 0x00, 0x00, 0x97, 0x03,
    0x00, 0x00, 0x95, 0x03, 0x00, 0x00, 0x96, 0x03, 0x00, 0x00,
    0x3d, 0x00, 0x04, 0x00, 0x14, 0x00, 0x00, 0x00, 0x98, 0x03,
    0x00, 0x00, 0x88, 0x03, 0x00, 0x00, 0x3d, 0x00, 0x04, 0x00,
    0x06, 0x00, 0x00, 0x00, 0x99, 0x03, 0x00, 0x00, 0x5d, 0x03,
    0x00, 0x00, 0x8e, 0x00, 0x05, 0x00, 0x14, 0x00, 0x00, 0x00,
    0x9a, 0x03, 0x00, 0x00, 0x98, 0x03, 0x00, 0x00, 0x99, 0x03,
    0x00, 0x00, 0x81, 0x00, 0x05, 0x00, 0x14, 0x00, 0x00, 0x00,
    0x9b, 0x03, 0x00, 0x00, 0x97, 0x03, 0x00, 0x00, 0x9a, 0x03,
    0x00, 0x00, 0x3d, 0x00, 0x04, 0x00, 0x14, 0x00, 0x00, 0x00,
    0x9c, 0x03, 0x00, 0x00, 0x8e, 0x03, 0x00, 0x00, 0x3d, 0x00,
    0x04, 0x00, 0x06, 0x00, 0x00, 0x00, 0x9d, 0x03, 0x00, 0x00,
    0x63, 0x03, 0x00, 0x00, 0x8e, 0x00, 0x05, 0x00, 0x14, 0x00,
    0x00, 0x00, 0x9e, 0x03, 0x00, 0x00, 0x9c, 0x03, 0x00, 0x00,
    0x9d, 0x03, 0x00, 0x00, 0x81, 0x00, 0x05, 0x00, 0x14, 0x00,
    0x00, 0x00, 0x9f, 0x03, 0x00, 0x00, 0x9b, 0x03, 0x00, 0x00,
    0x9e, 0x03, 0x00, 0x00, 0x3e, 0x00, 0x03, 0x00, 0x94, 0x03,
    0x00, 0x00, 0x9f, 0x03, 0x00, 0x00, 0x3d, 0x00, 0x04, 0x00,
    0x14, 0x00, 0x00, 0x00, 0xa1, 0x03, 0x00, 0x00, 0x88, 0x03,
    0x00, 0x00, 0x3d, 0x00, 0x04, 0x00, 0x14, 0x00, 0x00, 0x00,
    0xa2, 0x03, 0x00, 0x00, 0x82, 0x03, 0x00, 0x00, 0x83, 0x00,
    0x05, 0x00, 0x14, 0x00, 0x00, 0x00, 0xa3, 0x03, 0x00, 0x00,
    0xa1, 0x03, 0x00, 0x00, 0xa2, 0x03, 0x00, 0x00, 0x3e, 0x00,
    0x03, 0x00, 0xa0, 0x03, 0x00, 0x00, 0xa3, 0x03, 0x00, 0x00,
    0x3d, 0x00, 0x04, 0x00, 0x14, 0x00, 0x00, 0x00, 0xa5, 0x03,
    0x00, 0x00, 0x8e, 0x03, 0x00, 0x00, 0x3d, 0x00, 0x04, 0x00,
    0x14, 0x00, 0x00, 0x00, 0xa6, 0x03, 0x00, 0x00, 0x82, 0x03,
    0x00, 0x00, 0x83, 0x00, 0x05, 0x00, 0x14, 0x00, 0x00, 0x00,
    0xa7, 0x03, 0x00, 0x00, 0xa5, 0x03, 0x00, 0x00, 0xa6, 0x03,
    0x00, 0x00, 0x3e, 0x00, 0x03, 0x00, 0xa4, 0x03, 0x00, 0x00,
    0xa7, 0x03, 0x00, 0x00, 0x41, 0x00, 0x05, 0x00, 0x2a, 0x00,
    0x00, 0x00, 0xa9, 0x03, 0x00, 0x00, 0xa0, 0x03, 0x00, 0x00,
    0xa9, 0x00, 0x00, 0x00, 0x3d, 0x00, 0x04, 0x00, 0x06, 0x00,
    0x00, 0x00, 0xaa, 0x03, 0x00, 0x00, 0xa9, 0x03, 0x00, 0x00,
    0x41, 0x00, 0x05, 0x00, 0x2a, 0x00, 0x00, 0x00, 0xab, 0x03,
    0x00, 0x00, 0xa4, 0x03, 0x00, 0x00, 0xad, 0x00, 0x00, 0x00,
    0x3d, 0x00, 0x04, 0x00, 0x06, 0x00, 0x00, 0x00, 0xac, 0x03,
    0x00, 0x00, 0xab, 0x03, 0x00, 0x00, 0x85, 0x00, 0x05, 0x00,
    0x06, 0x00, 0x00, 0x00, 0xad, 0x03, 0x00, 0x00, 0xaa, 0x03,
    0x00, 0x00, 0xac, 0x03, 0x00, 0x00, 0x41, 0x00, 0x05, 0x00,
    0x2a, 0x00, 0x00, 0x00, 0xae, 0x03, 0x00, 0x00, 0xa0, 0x03,
    0x00, 0x00, 0xad, 0x00, 0x00, 0x00, 0x3d, 0x00, 0x04, 0x00,
    0x06, 0x00, 0x00, 0x00, 0xaf, 0x03, 0x00, 0x00, 0xae, 0x03,
    0x00, 0x00, 0x41, 0x00, 0x05, 0x00, 0x2a, 0x00, 0x00, 0x00,
    0xb0, 0x03, 0x00, 0x00, 0xa4, 0x03, 0x00, 0x00, 0xa9, 0x00,
    0x00, 0x00, 0x3d, 0x00, 0x04, 0x00, 0x06, 0x00, 0x00, 0x00,
    0xb1, 0x03, 0x00, 0x00, 0xb0, 0x03, 0x00, 0x00, 0x85, 0x00,
    0x05, 0x00, 0x06, 0x00, 0x00, 0x00, 0xb2, 0x03, 0x00, 0x00,
    0xaf, 0x03, 0x00, 0x00, 0xb1, 0x03, 0x00, 0x00, 0x83, 0x00,
    0x05, 0x00, 0x06, 0x00, 0x00, 0x00, 0xb3, 0x03, 0x00, 0x00,
    0xad, 0x03, 0x00, 0x00, 0xb2, 0x03, 0x00, 0x00, 0x88, 0x00,
    0x05, 0x00, 0x06, 0x00, 0x00, 0x00, 0xb4, 0x03, 0x00, 0x00,
    0xd9, 0x01, 0x00, 0x00, 0xb3, 0x03, 0x00, 0x00, 0x3e, 0x00,
    0x03, 0x00, 0xa8, 0x03, 0x00, 0x00, 0xb4, 0x03, 0x00, 0x00,
    0x3d, 0x00, 0x04, 0x00, 0x06, 0x00, 0x00, 0x00, 0xb5, 0x03,
    0x00, 0x00, 0x57, 0x03, 0x00, 0x00, 0x41, 0x00, 0x05, 0x00,
    0x2a, 0x00, 0x00, 0x00, 0xb6, 0x03, 0x00, 0x00, 0x51, 0x00,
    0x00, 0x00, 0x87, 0x00, 0x00, 0x00, 0x3e, 0x00, 0x03, 0x00,
    0xb6, 0x03, 0x00, 0x00, 0xb5, 0x03, 0x00, 0x00, 0x41, 0x00,
    0x05, 0x00, 0x08, 0x00, 0x00, 0x00, 0xb7, 0x03, 0x00, 0x00,
    0x4a, 0x00, 0x00, 0x00, 0x87, 0x00, 0x00, 0x00, 0x3d, 0x00,
    0x04, 0x00, 0x07, 0x00, 0x00, 0x00, 0xb8, 0x03, 0x00, 0x00,
    0xb7, 0x03, 0x00, 0x00, 0x41, 0x00, 0x05, 0x00, 0x08, 0x00,
    0x00, 0x00, 0xb9, 0x03, 0x00, 0x00, 0x4a, 0x00, 0x00, 0x00,
    0xb0, 0x00, 0x00, 0x00, 0x3d, 0x00, 0x04, 0x00, 0x07, 0x00,
    0x00, 0x00, 0xba, 0x03, 0x00, 0x00, 0xb9, 0x03, 0x00, 0x00,
    0x3d, 0x00, 0x04, 0x00, 0x06, 0x00, 0x00, 0x00, 0xbb, 0x03,
    0x00, 0x00, 0x57, 0x03, 0x00, 0x00, 0x8e, 0x00, 0x05, 0x00,
    0x07, 0x00, 0x00, 0x00, 0xbc, 0x03, 0x00, 0x00, 0xba, 0x03,
    0x00, 0x00, 0xbb, 0x03, 0x00, 0x00, 0x81, 0x00, 0x05, 0x00,
    0x07, 0x00, 0x00, 0x00, 0xbd, 0x03, 0x00, 0x00, 0xb8, 0x03,
    0x00, 0x00, 0xbc, 0x03, 0x00, 0x00, 0x41, 0x00, 0x05, 0x00,
    0x08, 0x00, 0x00, 0x00, 0xbe, 0x03, 0x00, 0x00, 0x51, 0x00,
    0x00, 0x00, 0xb0, 0x00, 0x00, 0x00, 0x3e, 0x00, 0x03, 0x00,
    0xbe, 0x03, 0x00, 0x00, 0xbd, 0x03, 0x00, 0x00, 0x3d, 0x00,
    0x04, 0x00, 0x14, 0x00, 0x00, 0x00, 0xbf, 0x03, 0x00, 0x00,
    0x94, 0x03, 0x00, 0x00, 0x41, 0x00, 0x05, 0x00, 0x78, 0x01,
    0x00, 0x00, 0xc0, 0x03, 0x00, 0x00, 0x51, 0x00, 0x00, 0x00,
    0xc0, 0x00, 0x00, 0x00, 0x3e, 0x00, 0x03, 0x00, 0xc0, 0x03,
    0x00, 0x00, 0xbf, 0x03, 0x00, 0x00, 0x41, 0x00, 0x05, 0x00,
    0x40, 0x01, 0x00, 0x00, 0xc1, 0x03, 0x00, 0x00, 0x4b, 0x00,
    0x00, 0x00, 0xb0, 0x00, 0x00, 0x00, 0x3d, 0x00, 0x04, 0x00,
    0x0f, 0x00, 0x00, 0x00, 0xc2, 0x03, 0x00, 0x00, 0xc1, 0x03,
    0x00, 0x00, 0x4f, 0x00, 0x08, 0x00, 0x07, 0x00, 0x00, 0x00,
    0xc3, 0x03, 0x00, 0x00, 0xc2, 0x03, 0x00, 0x00, 0xc2, 0x03,
    0x00, 0x00, 0x00, 0x00, 0x00, 0x00, 0x01, 0x00, 0x00, 0x00,
    0x02, 0x00, 0x00, 0x00, 0x3d, 0x00, 0x04, 0x00, 0x06, 0x00,
    0x00, 0x00, 0xc4, 0x03, 0x00, 0x00, 0x6a, 0x03, 0x00, 0x00,
    0x8e, 0x00, 0x05, 0x00, 0x07, 0x00, 0x00, 0x00, 0xc5, 0x03,
    0x00, 0x00, 0xc3, 0x03, 0x00, 0x00, 0xc4, 0x03, 0x00, 0x00,
    0x41, 0x00, 0x05, 0x00, 0x40, 0x01, 0x00, 0x00, 0xc6, 0x03,
    0x00, 0x00, 0x4c, 0x00, 0x00, 0x00, 0xb0, 0x00, 0x00, 0x00,
    0x3d, 0x00, 0x04, 0x00, 0x0f, 0x00, 0x00, 0x00, 0xc7, 0x03,
    0x00, 0x00, 0xc6, 0x03, 0x00, 0x00, 0x4f, 0x00, 0x08, 0x00,
    0x07, 0x00, 0x00, 0x00, 0xc8, 0x03, 0x00, 0x00, 0xc7, 0x03,
    0x00, 0x00, 0xc7, 0x03, 0x00, 0x00, 0x00, 0x00, 0x00, 0x00,
    0x01, 0x00, 0x00, 0x00, 0x02, 0x00, 0x00, 0x00, 0x3d, 0x00,
    0x04, 0x00, 0x06, 0x00, 0x00, 0x00, 0xc9, 0x03, 0x00, 0x00,
    0x5d, 0x03, 0x00, 0x00, 0x8e, 0x00, 0x05, 0x00, 0x07, 0x00,
    0x00, 0x00, 0xca, 0x03, 0x00, 0x00, 0xc8, 0x03, 0x00, 0x00,
    0xc9, 0x03, 0x00, 0x00, 0x81, 0x00, 0x05, 0x00, 0x07, 0x00,
    0x00, 0x00, 0xcb, 0x03, 0x00, 0x00, 0xc5, 0x03, 0x00, 0x00,
    0xca, 0x03, 0x00, 0x00, 0x41, 0x00, 0x05, 0x00, 0x40, 0x01,
    0x00, 0x00, 0xcc, 0x03, 0x00, 0x00, 0x4d, 0x00, 0x00, 0x00,
    0xb0, 0x00, 0x00, 0x00, 0x3d, 0x00, 0x04, 0x00, 0x0f, 0x00,
    0x00, 0x00, 0xcd, 0x03, 0x00, 0x00, 0xcc, 0x03, 0x00, 0x00,
    0x4f, 0x00, 0x08, 0x00, 0x07, 0x00, 0x00, 0x00, 0xce, 0x03,
    0x00, 0x00, 0xcd, 0x03, 0x00, 0x00, 0xcd, 0x03, 0x00, 0x00,
    0x00, 0x00, 0x00, 0x00, 0x01, 0x00, 0x00, 0x00, 0x02, 0x00,
    0x00, 0x00, 0x3d, 0x00, 0x04, 0x00, 0x06, 0x00, 0x00, 0x00,
    0xcf, 0x03, 0x00, 0x00, 0x63, 0x03, 0x00, 0x00, 0x8e, 0x00,
    0x05, 0x00, 0x07, 0x00, 0x00, 0x00, 0xd0, 0x03, 0x00, 0x00,
    0xce, 0x03, 0x00, 0x00, 0xcf, 0x03, 0x00, 0x00, 0x81, 0x00,
    0x05, 0x00, 0x07, 0x00, 0x00, 0x00, 0xd1, 0x03, 0x00, 0x00,
    0xcb, 0x03, 0x00, 0x00, 0xd0, 0x03, 0x00, 0x00, 0x0c, 0x00,
    0x06, 0x00, 0x07, 0x00, 0x00, 0x00, 0xd2, 0x03, 0x00, 0x00,
    0x01, 0x00, 0x00, 0x00, 0x45, 0x00, 0x00, 0x00, 0xd1, 0x03,
    0x00, 0x00, 0x41, 0x00, 0x05, 0x00, 0x08, 0x00, 0x00, 0x00,
    0xd3, 0x03, 0x00, 0x00, 0x51, 0x00, 0x00, 0x00, 0x1a, 0x01,
    0x00, 0x00, 0x3e, 0x00, 0x03, 0x00, 0xd3, 0x03, 0x00, 0x00,
    0xd2, 0x03, 0x00, 0x00, 0x3d, 0x00, 0x04, 0x00, 0x07, 0x00,
    0x00, 0x00, 0xd4, 0x03, 0x00, 0x00, 0x23, 0x03, 0x00, 0x00,
    0x41, 0x00, 0x05, 0x00, 0x2a, 0x00, 0x00, 0x00, 0xd5, 0x03,
    0x00, 0x00, 0xa4, 0x03, 0x00, 0x00, 0xad, 0x00, 0x00, 0x00,
    0x3d, 0x00, 0x04, 0x00, 0x06, 0x00, 0x00, 0x00, 0xd6, 0x03,
    0x00, 0x00, 0xd5, 0x03, 0x00, 0x00, 0x8e, 0x00, 0x05, 0x00,
    0x07, 0x00, 0x00, 0x00, 0xd7, 0x03, 0x00, 0x00, 0xd4, 0x03,
    0x00, 0x00, 0xd6, 0x03, 0x00, 0x00, 0x3d, 0x00, 0x04, 0x00,
    0x07, 0x00, 0x00, 0x00, 0xd8, 0x03, 0x00, 0x00, 0x2b, 0x03,
    0x00, 0x00, 0x41, 0x00, 0x05, 0x00, 0x2a, 0x00, 0x00, 0x00,
    0xd9, 0x03, 0x00, 0x00, 0xa0, 0x03, 0x00, 0x00, 0xad, 0x00,
    0x00, 0x00, 0x3d, 0x00, 0x04, 0x00, 0x06, 0x00, 0x00, 0x00,
    0xda, 0x03, 0x00, 0x00, 0xd9, 0x03, 0x00, 0x00, 0x8e, 0x00,
    0x05, 0x00, 0x07, 0x00, 0x00, 0x00, 0xdb, 0x03, 0x00, 0x00,
    0xd8, 0x03, 0x00, 0x00, 0xda, 0x03, 0x00, 0x00, 0x83, 0x00,
    0x05, 0x00, 0x07, 0x00, 0x00, 0x00, 0xdc, 0x03, 0x00, 0x00,
    0xd7, 0x03, 0x00, 0x00, 0xdb, 0x03, 0x00, 0x00, 0x3d, 0x00,
    0x04, 0x00, 0x06, 0x00, 0x00, 0x00, 0xdd, 0x03, 0x00, 0x00,
    0xa8, 0x03, 0x00, 0x00, 0x8e, 0x00, 0x05, 0x00, 0x07, 0x00,
    0x00, 0x00, 0xde, 0x03, 0x00, 0x00, 0xdc, 0x03, 0x00, 0x00,
    0xdd, 0x03, 0x00, 0x00, 0x0c, 0x00, 0x06, 0x00, 0x07, 0x00,
    0x00, 0x00, 0xdf, 0x03, 0x00, 0x00, 0x01, 0x00, 0x00, 0x00,
    0x45, 0x00, 0x00, 0x00, 0xde, 0x03, 0x00, 0x00, 0x41, 0x00,
    0x05, 0x00, 0x08, 0x00, 0x00, 0x00, 0xe0, 0x03, 0x00, 0x00,
    0x51, 0x00, 0x00, 0x00, 0xc4, 0x00, 0x00, 0x00, 0x3e, 0x00,
    0x03, 0x00, 0xe0, 0x03, 0x00, 0x00, 0xdf, 0x03, 0x00, 0x00,
    0x3d, 0x00, 0x04, 0x00, 0x07, 0x00, 0x00, 0x00, 0xe1, 0x03,
    0x00, 0x00, 0x2b, 0x03, 0x00, 0x00, 0x41, 0x00, 0x05, 0x00,
    0x2a, 0x00, 0x00, 0x00, 0xe2, 0x03, 0x00, 0x00, 0xa0, 0x03,
    0x00, 0x00, 0xa9, 0x00, 0x00, 0x00, 0x3d, 0x00, 0x04, 0x00,
    0x06, 0x00, 0x00, 0x00, 0xe3, 0x03, 0x00, 0x00, 0xe2, 0x03,
    0x00, 0x00, 0x8e, 0x00, 0x05, 0x00, 0x07, 0x00, 0x00, 0x00,
    0xe4, 0x03, 0x00, 0x00, 0xe1, 0x03, 0x00, 0x00, 0xe3, 0x03,
    0x00, 0x00, 0x3d, 0x00, 0x04, 0x00, 0x07, 0x00, 0x00, 0x00,
    0xe5, 0x03, 0x00, 0x00, 0x23, 0x03, 0x00, 0x00, 0x41, 0x00,
    0x05, 0x00, 0x2a, 0x00, 0x00, 0x00, 0xe6, 0x03, 0x00, 0x00,
    0xa4, 0x03, 0x00, 0x00, 0xa9, 0x00, 0x00, 0x00, 0x3d, 0x00,
    0x04, 0x00, 0x06, 0x00, 0x00, 0x00, 0xe7, 0x03, 0x00, 0x00,
    0xe6, 0x03, 0x00, 0x00, 0x8e, 0x00, 0x05, 0x00, 0x07, 0x00,
    0x00, 0x00, 0xe8, 0x03, 0x00, 0x00, 0xe5, 0x03, 0x00, 0x00,
    0xe7, 0x03, 0x00, 0x00, 0x83, 0x00, 0x05, 0x00, 0x07, 0x00,
    0x00, 0x00, 0xe9, 0x03, 0x00, 0x00, 0xe4, 0x03, 0x00, 0x00,
    0xe8, 0x03, 0x00, 0x00, 0x3d, 0x00, 0x04, 0x00, 0x06, 0x00,
    0x00, 0x00, 0xea, 0x03, 0x00, 0x00, 0xa8, 0x03, 0x00, 0x00,
    0x8e, 0x00, 0x05, 0x00, 0x07, 0x00, 0x00, 0x00, 0xeb, 0x03,
    0x00, 0x00, 0xe9, 0x03, 0x00, 0x00, 0xea, 0x03, 0x00, 0x00,
    0x0c, 0x00, 0x06, 0x00, 0x07, 0x00, 0x00, 0x00, 0xec, 0x03,
    0x00, 0x00, 0x01, 0x00, 0x00, 0x00, 0x45, 0x00, 0x00, 0x00,
    0xeb, 0x03, 0x00, 0x00, 0x41, 0x00, 0x05, 0x00, 0x08, 0x00,
    0x00, 0x00, 0xed, 0x03, 0x00, 0x00, 0x51, 0x00, 0x00, 0x00,
    0x4b, 0x01, 0x00, 0x00, 0x3e, 0x00, 0x03, 0x00, 0xed, 0x03,
    0x00, 0x00, 0xec, 0x03, 0x00, 0x00, 0x3d, 0x00, 0x04, 0x00,
    0x15, 0x00, 0x00, 0x00, 0xee, 0x03, 0x00, 0x00, 0x4e, 0x00,
    0x00, 0x00, 0x41, 0x00, 0x05, 0x00, 0x48, 0x00, 0x00, 0x00,
    0xef, 0x03, 0x00, 0x00, 0x51, 0x00, 0x00, 0x00, 0x39, 0x01,
    0x00, 0x00, 0x3e, 0x00, 0x03, 0x00, 0xef, 0x03, 0x00, 0x00,
    0xee, 0x03, 0x00, 0x00, 0x3d, 0x00, 0x04, 0x00, 0x06, 0x00,
    0x00, 0x00, 0xf0, 0x03, 0x00, 0x00, 0x37, 0x03, 0x00, 0x00,
    0xbe, 0x00, 0x05, 0x00, 0x16, 0x00, 0x00, 0x00, 0xf1, 0x03,
    0x00, 0x00, 0xf0, 0x03, 0x00, 0x00, 0x0f, 0x01, 0x00, 0x00,
    0x41, 0x00, 0x05, 0x00, 0x33, 0x00, 0x00, 0x00, 0xf2, 0x03,
    0x00, 0x00, 0x51, 0x00, 0x00, 0x00, 0x50, 0x01, 0x00, 0x00,
    0x3e, 0x00, 0x03, 0x00, 0xf2, 0x03, 0x00, 0x00, 0xf1, 0x03,
    0x00, 0x00, 0xfe, 0x00, 0x02, 0x00, 0xf3, 0x03, 0x00, 0x00,
    0x38, 0x00, 0x01, 0x00, 0x36, 0x00, 0x05, 0x00, 0x16, 0x00,
    0x00, 0x00, 0x5a, 0x00, 0x00, 0x00, 0x00, 0x00, 0x00, 0x00,
    0x54, 0x00, 0x00, 0x00, 0x37, 0x00, 0x03, 0x00, 0x0e, 0x00,
    0x00, 0x00, 0x55, 0x00, 0x00, 0x00, 0x37, 0x00, 0x03, 0x00,
    0x08, 0x00, 0x00, 0x00, 0x56, 0x00, 0x00, 0x00, 0x37, 0x00,
    0x03, 0x00, 0x08, 0x00, 0x00, 0x00, 0x57, 0x00, 0x00, 0x00,
    0x37, 0x00, 0x03, 0x00, 0x2a, 0x00, 0x00, 0x00, 0x58, 0x00,
    0x00, 0x00, 0x37, 0x00, 0x03, 0x00, 0x2a, 0x00, 0x00, 0x00,
    0x59, 0x00, 0x00, 0x00, 0xf8, 0x00, 0x02, 0x00, 0x5b, 0x00,
    0x00, 0x00, 0x3b, 0x00, 0x04, 0x00, 0x08, 0x00, 0x00, 0x00,
    0xf6, 0x03, 0x00, 0x00, 0x07, 0x00, 0x00, 0x00, 0x3b, 0x00,
    0x04, 0x00, 0x08, 0x00, 0x00, 0x00, 0xfe, 0x03, 0x00, 0x00,
    0x07, 0x00, 0x00, 0x00, 0x3b, 0x00, 0x04, 0x00, 0x08, 0x00,
    0x00, 0x00, 0x06, 0x04, 0x00, 0x00, 0x07, 0x00, 0x00, 0x00,
    0x3b, 0x00, 0x04, 0x00, 0x08, 0x00, 0x00, 0x00, 0x0a, 0x04,
    0x00, 0x00, 0x07, 0x00, 0x00, 0x00, 0x3d, 0x00, 0x04, 0x00,
    0x07, 0x00, 0x00, 0x00, 0xf7, 0x03, 0x00, 0x00, 0x56, 0x00,
    0x00, 0x00, 0x41, 0x00, 0x05, 0x00, 0x08, 0x00, 0x00, 0x00,
    0xf8, 0x03, 0x00, 0x00, 0x55, 0x00, 0x00, 0x00, 0x87, 0x00,
    0x00, 0x00, 0x3d, 0x00, 0x04, 0x00, 0x07, 0x00, 0x00, 0x00,
    0xf9, 0x03, 0x00, 0x00, 0xf8, 0x03, 0x00, 0x00, 0x83, 0x00,
    0x05, 0x00, 0x07, 0x00, 0x00, 0x00, 0xfa, 0x03, 0x00, 0x00,
    0xf7, 0x03, 0x00, 0x00, 0xf9, 0x03, 0x00, 0x00, 0x41, 0x00,
    0x05, 0x00, 0x08, 0x00, 0x00, 0x00, 0xfb, 0x03, 0x00, 0x00,
    0x55, 0x00, 0x00, 0x00, 0xc0, 0x00, 0x00, 0x00, 0x3d, 0x00,
    0x04, 0x00, 0x07, 0x00, 0x00, 0x00, 0xfc, 0x03, 0x00, 0x00,
    0xfb, 0x03, 0x00, 0x00, 0x85, 0x00, 0x05, 0x00, 0x07, 0x00,
    0x00, 0x00, 0xfd, 0x03, 0x00, 0x00, 0xfa, 0x03, 0x00, 0x00,
    0xfc, 0x03, 0x00, 0x00, 0x3e, 0x00, 0x03, 0x00, 0xf6, 0x03,
    0x00, 0x00, 0xfd, 0x03, 0x00, 0x00, 0x3d, 0x00, 0x04, 0x00,
    0x07, 0x00, 0x00, 0x00, 0xff, 0x03, 0x00, 0x00, 0x57, 0x00,
    0x00, 0x00, 0x41, 0x00, 0x05, 0x00, 0x08, 0x00, 0x00, 0x00,
    0x00, 0x04, 0x00, 0x00, 0x55, 0x00, 0x00, 0x00, 0x87, 0x00,
    0x00, 0x00, 0x3d, 0x00, 0x04, 0x00, 0x07, 0x00, 0x00, 0x00,
    0x01, 0x04, 0x00, 0x00, 0x00, 0x04, 0x00, 0x00, 0x83, 0x00,
    0x05, 0x00, 0x07, 0x00, 0x00, 0x00, 0x02, 0x04, 0x00, 0x00,
    0xff, 0x03, 0x00, 0x00, 0x01, 0x04, 0x00, 0x00, 0x41, 0x00,
    0x05, 0x00, 0x08, 0x00, 0x00, 0x00, 0x03, 0x04, 0x00, 0x00,
    0x55, 0x00, 0x00, 0x00, 0xc0, 0x00, 0x00, 0x00, 0x3d, 0x00,
    0x04, 0x00, 0x07, 0x00, 0x00, 0x00, 0x04, 0x04, 0x00, 0x00,
    0x03, 0x04, 0x00, 0x00, 0x85, 0x00, 0x05, 0x00, 0x07, 0x00,
    0x00, 0x00, 0x05, 0x04, 0x00, 0x00, 0x02, 0x04, 0x00, 0x00,
    0x04, 0x04, 0x00, 0x00, 0x3e, 0x00, 0x03, 0x00, 0xfe, 0x03,
    0x00, 0x00, 0x05, 0x04, 0x00, 0x00, 0x3d, 0x00, 0x04, 0x00,
    0x07, 0x00, 0x00, 0x00, 0x07, 0x04, 0x00, 0x00, 0xf6, 0x03,
    0x00, 0x00, 0x3d, 0x00, 0x04, 0x00, 0x07, 0x00, 0x00, 0x00,
    0x08, 0x04, 0x00, 0x00, 0xfe, 0x03, 0x00, 0x00, 0x0c, 0x00,
    0x07, 0x00, 0x07, 0x00, 0x00, 0x00, 0x09, 0x04, 0x00, 0x00,
    0x01, 0x00, 0x00, 0x00, 0x25, 0x00, 0x00, 0x00, 0x07, 0x04,
    0x00, 0x00, 0x08, 0x04, 0x00, 0x00, 0x3e, 0x00, 0x03, 0x00,
    0x06, 0x04, 0x00, 0x00, 0x09, 0x04, 0x00, 0x00, 0x3d, 0x00,
    0x04, 0x00, 0x07, 0x00, 0x00, 0x00, 0x0b, 0x04, 0x00, 0x00,
    0xf6, 0x03, 0x00, 0x00, 0x3d, 0x00, 0x04, 0x00, 0x07, 0x00,
    0x00, 0x00, 0x0c, 0x04, 0x00, 0x00, 0xfe, 0x03, 0x00, 0x00,
    0x0c, 0x00, 0x07, 0x00, 0x07, 0x00, 0x00, 0x00, 0x0d, 0x04,
    0x00, 0x00, 0x01, 0x00, 0x00, 0x00, 0x28, 0x00, 0x00, 0x00,
    0x0b, 0x04, 0x00, 0x00, 0x0c, 0x04, 0x00, 0x00, 0x3e, 0x00,
    0x03, 0x00, 0x0a, 0x04, 0x00, 0x00, 0x0d, 0x04, 0x00, 0x00,
    0x41, 0x00, 0x05, 0x00, 0x2a, 0x00, 0x00, 0x00, 0x0e, 0x04,
    0x00, 0x00, 0x06, 0x04, 0x00, 0x00, 0xa9, 0x00, 0x00, 0x00,
    0x3d, 0x00, 0x04, 0x00, 0x06, 0x00, 0x00, 0x00, 0x0f, 0x04,
    0x00, 0x00, 0x0e, 0x04, 0x00, 0x00, 0x41, 0x00, 0x05, 0x00,
    0x2a, 0x00, 0x00, 0x00, 0x10, 0x04, 0x00, 0x00, 0x06, 0x04,
    0x00, 0x00, 0xad, 0x00, 0x00, 0x00, 0x3d, 0x00, 0x04, 0x00,
    0x06, 0x00, 0x00, 0x00, 0x11, 0x04, 0x00, 0x00, 0x10, 0x04,
    0x00, 0x00, 0x0c, 0x00, 0x07, 0x00, 0x06, 0x00, 0x00, 0x00,
    0x12, 0x04, 0x00, 0x00, 0x01, 0x00, 0x00, 0x00, 0x28, 0x00,
    0x00, 0x00, 0x0f, 0x04, 0x00, 0x00, 0x11, 0x04, 0x00, 0x00,
    0x41, 0x00, 0x05, 0x00, 0x2a, 0x00, 0x00, 0x00, 0x13, 0x04,
    0x00, 0x00, 0x06, 0x04, 0x00, 0x00, 0xe5, 0x00, 0x00, 0x00,
    0x3d, 0x00, 0x04, 0x00, 0x06, 0x00, 0x00, 0x00, 0x14, 0x04,
    0x00, 0x00, 0x13, 0x04, 0x00, 0x00, 0x0c, 0x00, 0x07, 0x00,
    0x06, 0x00, 0x00, 0x00, 0x15, 0x04, 0x00, 0x00, 0x01, 0x00,
    0x00, 0x00, 0x28, 0x00, 0x00, 0x00, 0x12, 0x04, 0x00, 0x00,
    0x14, 0x04, 0x00, 0x00, 0x3e, 0x00, 0x03, 0x00, 0x58, 0x00,
    0x00, 0x00, 0x15, 0x04, 0x00, 0x00, 0x41, 0x00, 0x05, 0x00,
    0x2a, 0x00, 0x00, 0x00, 0x16, 0x04, 0x00, 0x00, 0x0a, 0x04,
    0x00, 0x00, 0xa9, 0x00, 0x00, 0x00, 0x3d, 0x00, 0x04, 0x00,
    0x06, 0x00, 0x00, 0x00, 0x17, 0x04, 0x00, 0x00, 0x16, 0x04,
    0x00, 0x00, 0x41, 0x00, 0x05, 0x00, 0x2a, 0x00, 0x00, 0x00,
    0x18, 0x04, 0x00, 0x00, 0x0a, 0x04, 0x00, 0x00, 0xad, 0x00,
    0x00, 0x00, 0x3d, 0x00, 0x04, 0x00, 0x06, 0x00, 0x00, 0x00,
    0x19, 0x04, 0x00, 0x00, 0x18, 0x04, 0x00, 0x00, 0x0c, 0x00,
    0x07, 0x00, 0x06, 0x00, 0x00, 0x00, 0x1a, 0x04, 0x00, 0x00,
    0x01, 0x00, 0x00, 0x00, 0x25, 0x00, 0x00, 0x00, 0x17, 0x04,
    0x00, 0x00, 0x19, 0x04, 0x00, 0x00, 0x41, 0x00, 0x05, 0x00,
    0x2a, 0x00, 0x00, 0x00, 0x1b, 0x04, 0x00, 0x00, 0x0a, 0x04,
    0x00, 0x00, 0xe5, 0x00, 0x00, 0x00, 0x3d, 0x00, 0x04, 0x00,
    0x06, 0x00, 0x00, 0x00, 0x1c, 0x04, 0x00, 0x00, 0x1b, 0x04,
    0x00, 0x00, 0x0c, 0x00, 0x07, 0x00, 0x06, 0x00, 0x00, 0x00,
    0x1d, 0x04, 0x00, 0x00, 0x01, 0x00, 0x00, 0x00, 0x25, 0x00,
    0x00, 0x00, 0x1a, 0x04, 0x00, 0x00, 0x1c, 0x04, 0x00, 0x00,
    0x3e, 0x00, 0x03, 0x00, 0x59, 0x00, 0x00, 0x00, 0x1d, 0x04,
    0x00, 0x00, 0x3d, 0x00, 0x04, 0x00, 0x06, 0x00, 0x00, 0x00,
    0x1e, 0x04, 0x00, 0x00, 0x58, 0x00, 0x00, 0x00, 0x3d, 0x00,
    0x04, 0x00, 0x06, 0x00, 0x00, 0x00, 0x1f, 0x04, 0x00, 0x00,
    0x59, 0x00, 0x00, 0x00, 0xbc, 0x00, 0x05, 0x00, 0x16, 0x00,
    0x00, 0x00, 0x20, 0x04, 0x00, 0x00, 0x1e, 0x04, 0x00, 0x00,
    0x1f, 0x04, 0x00, 0x00, 0xf7, 0x00, 0x03, 0x00, 0x22, 0x04,
    0x00, 0x00, 0x00, 0x00, 0x00, 0x00, 0xfa, 0x00, 0x04, 0x00,
    0x20, 0x04, 0x00, 0x00, 0x21, 0x04, 0x00, 0x00, 0x22, 0x04,
    0x00, 0x00, 0xf8, 0x00, 0x02, 0x00, 0x21, 0x04, 0x00, 0x00,
    0x3d, 0x00, 0x04, 0x00, 0x06, 0x00, 0x00, 0x00, 0x23, 0x04,
    0x00, 0x00, 0x59, 0x00, 0x00, 0x00, 0xbe, 0x00, 0x05, 0x00,
    0x16, 0x00, 0x00, 0x00, 0x24, 0x04, 0x00, 0x00, 0x23, 0x04,
    0x00, 0x00, 0x0f, 0x01, 0x00, 0x00, 0xf9, 0x00, 0x02, 0x00,
    0x22, 0x04, 0x00, 0x00, 0xf8, 0x00, 0x02, 0x00, 0x22, 0x04,
    0x00, 0x00, 0xf5, 0x00, 0x07, 0x00, 0x16, 0x00, 0x00, 0x00,
    0x25, 0x04, 0x00, 0x00, 0x20, 0x04, 0x00, 0x00, 0x5b, 0x00,
    0x00, 0x00, 0x24, 0x04, 0x00, 0x00, 0x21, 0x04, 0x00, 0x00,
    0xfe, 0x00, 0x02, 0x00, 0x25, 0x04, 0x00, 0x00, 0x38, 0x00,
    0x01, 0x00, 0x36, 0x00, 0x05, 0x00, 0x16, 0x00, 0x00, 0x00,
    0x64, 0x00, 0x00, 0x00, 0x00, 0x00, 0x00, 0x00, 0x5e, 0x00,
    0x00, 0x00, 0x37, 0x00, 0x03, 0x00, 0x0e, 0x00, 0x00, 0x00,
    0x5f, 0x00, 0x00, 0x00, 0x37, 0x00, 0x03, 0x00, 0x5d, 0x00,
    0x00, 0x00, 0x60, 0x00, 0x00, 0x00, 0x37, 0x00, 0x03, 0x00,
    0x2a, 0x00, 0x00, 0x00, 0x61, 0x00, 0x00, 0x00, 0x37, 0x00,
    0x03, 0x00, 0x2a, 0x00, 0x00, 0x00, 0x62, 0x00, 0x00, 0x00,
    0x37, 0x00, 0x03, 0x00, 0x18, 0x00, 0x00, 0x00, 0x63, 0x00,
    0x00, 0x00, 0xf8, 0x00, 0x02, 0x00, 0x65, 0x00, 0x00, 0x00,
    0x3b, 0x00, 0x04, 0x00, 0x29, 0x04, 0x00, 0x00, 0x2a, 0x04,
    0x00, 0x00, 0x07, 0x00, 0x00, 0x00, 0x3b, 0x00, 0x04, 0x00,
    0x08, 0x00, 0x00, 0x00, 0x3b, 0x04, 0x00, 0x00, 0x07, 0x00,
    0x00, 0x00, 0x3b, 0x00, 0x04, 0x00, 0x08, 0x00, 0x00, 0x00,
    0x3e, 0x04, 0x00, 0x00, 0x07, 0x00, 0x00, 0x00, 0x3b, 0x00,
    0x04, 0x00, 0x32, 0x00, 0x00, 0x00, 0x41, 0x04, 0x00, 0x00,
    0x07, 0x00, 0x00, 0x00, 0x3b, 0x00, 0x04, 0x00, 0x33, 0x00,
    0x00, 0x00, 0x44, 0x04, 0x00, 0x00, 0x07, 0x00, 0x00, 0x00,
    0x3b, 0x00, 0x04, 0x00, 0x08, 0x00, 0x00, 0x00, 0x47, 0x04,
    0x00, 0x00, 0x07, 0x00, 0x00, 0x00, 0x3b, 0x00, 0x04, 0x00,
    0x32, 0x00, 0x00, 0x00, 0x4a, 0x04, 0x00, 0x00, 0x07, 0x00,
    0x00, 0x00, 0x3b, 0x00, 0x04, 0x00, 0x33, 0x00, 0x00, 0x00,
    0x4d, 0x04, 0x00, 0x00, 0x07, 0x00, 0x00, 0x00, 0x3b, 0x00,
    0x04, 0x00, 0x2a, 0x00, 0x00, 0x00, 0x56, 0x04, 0x00, 0x00,
    0x07, 0x00, 0x00, 0x00, 0x3b, 0x00, 0x04, 0x00, 0x08, 0x00,
    0x00, 0x00, 0x5b, 0x04, 0x00, 0x00, 0x07, 0x00, 0x00, 0x00,
    0x3b, 0x00, 0x04, 0x00, 0x32, 0x00, 0x00, 0x00, 0x5c, 0x04,
    0x00, 0x00, 0x07, 0x00, 0x00, 0x00, 0x3b, 0x00, 0x04, 0x00,
    0x33, 0x00, 0x00, 0x00, 0x5f, 0x04, 0x00, 0x00, 0x07, 0x00,
    0x00, 0x00, 0x3b, 0x00, 0x04, 0x00, 0x2a, 0x00, 0x00, 0x00,
    0x62, 0x04, 0x00, 0x00, 0x07, 0x00, 0x00, 0x00, 0x3b, 0x00,
    0x04, 0x00, 0x08, 0x00, 0x00, 0x00, 0x67, 0x04, 0x00, 0x00,
    0x07, 0x00, 0x00, 0x00, 0x3b, 0x00, 0x04, 0x00, 0x32, 0x00,
    0x00, 0x00, 0x68, 0x04, 0x00, 0x00, 0x07, 0x00, 0x00, 0x00,
    0x3b, 0x00, 0x04, 0x00, 0x33, 0x00, 0x00, 0x00, 0x6b, 0x04,
    0x00, 0x00, 0x07, 0x00, 0x00, 0x00, 0x3b, 0x00, 0x04, 0x00,
    0x48, 0x00, 0x00, 0x00, 0x70, 0x04, 0x00, 0x00, 0x07, 0x00,
    0x00, 0x00, 0x3b, 0x00, 0x04, 0x00, 0x48, 0x00, 0x00, 0x00,
    0x85, 0x04, 0x00, 0x00, 0x07, 0x00, 0x00, 0x00, 0x3b, 0x00,
    0x04, 0x00, 0x2a, 0x00, 0x00, 0x00, 0x8b, 0x04, 0x00, 0x00,
    0x07, 0x00, 0x00, 0x00, 0x3b, 0x00, 0x04, 0x00, 0x91, 0x04,
    0x00, 0x00, 0x92, 0x04, 0x00, 0x00, 0x07, 0x00, 0x00, 0x00,
    0x3b, 0x00, 0x04, 0x00, 0x48, 0x00, 0x00, 0x00, 0xb4, 0x04,
    0x00, 0x00, 0x07, 0x00, 0x00, 0x00, 0x3b, 0x00, 0x04, 0x00,
    0x48, 0x00, 0x00, 0x00, 0xb7, 0x04, 0x00, 0x00, 0x07, 0x00,
    0x00, 0x00, 0x3b, 0x00, 0x04, 0x00, 0xc5, 0x04, 0x00, 0x00,
    0xc6, 0x04, 0x00, 0x00, 0x07, 0x00, 0x00, 0x00, 0x3b, 0x00,
    0x04, 0x00, 0x47, 0x00, 0x00, 0x00, 0xd9, 0x04, 0x00, 0x00,
    0x07, 0x00, 0x00, 0x00, 0x3b, 0x00, 0x04, 0x00, 0x47, 0x00,
    0x00, 0x00, 0xe8, 0x04, 0x00, 0x00, 0x07, 0x00, 0x00, 0x00,
    0x3b, 0x00, 0x04, 0x00, 0x47, 0x00, 0x00, 0x00, 0xf1, 0x04,
    0x00, 0x00, 0x07, 0x00, 0x00, 0x00, 0x3b, 0x00, 0x04, 0x00,
    0x0e, 0x00, 0x00, 0x00, 0xfa, 0x04, 0x00, 0x00, 0x07, 0x00,
    0x00, 0x00, 0x3b, 0x00, 0x04, 0x00, 0x47, 0x00, 0x00, 0x00,
    0xfc, 0x04, 0x00, 0x00, 0x07, 0x00, 0x00, 0x00, 0x3b, 0x00,
    0x04, 0x00, 0x47, 0x00, 0x00, 0x00, 0xfe, 0x04, 0x00, 0x00,
    0x07, 0x00, 0x00, 0x00, 0x3b, 0x00, 0x04, 0x00, 0x47, 0x00,
    0x00, 0x00, 0x00, 0x05, 0x00, 0x00, 0x07, 0x00, 0x00, 0x00,
    0x3b, 0x00, 0x04, 0x00, 0x48, 0x00, 0x00, 0x00, 0x02, 0x05,
    0x00, 0x00, 0x07, 0x00, 0x00, 0x00, 0x3b, 0x00, 0x04, 0x00,
    0x2a, 0x00, 0x00, 0x00, 0x05, 0x05, 0x00, 0x00, 0x07, 0x00,
    0x00, 0x00, 0x3b, 0x00, 0x04, 0x00, 0x2a, 0x00, 0x00, 0x00,
    0x07, 0x05, 0x00, 0x00, 0x07, 0x00, 0x00, 0x00, 0x3b, 0x00,
    0x04, 0x00, 0x18, 0x00, 0x00, 0x00, 0x0a, 0x05, 0x00, 0x00,
    0x07, 0x00, 0x00, 0x00, 0x3b, 0x00, 0x04, 0x00, 0x91, 0x04,
    0x00, 0x00, 0x11, 0x05, 0x00, 0x00, 0x07, 0x00, 0x00, 0x00,
    0x3b, 0x00, 0x04, 0x00, 0x91, 0x04, 0x00, 0x00, 0x22, 0x05,
    0x00, 0x00, 0x07, 0x00, 0x00, 0x00, 0x3b, 0x00, 0x04, 0x00,
    0x33, 0x00, 0x00, 0x00, 0x35, 0x05, 0x00, 0x00, 0x07, 0x00,
    0x00, 0x00, 0x3b, 0x00, 0x04, 0x00, 0x40, 0x01, 0x00, 0x00,
    0x36, 0x05, 0x00, 0x00, 0x07, 0x00, 0x00, 0x00, 0x3b, 0x00,
    0x04, 0x00, 0x0e, 0x00, 0x00, 0x00, 0x37, 0x05, 0x00, 0x00,
    0x07, 0x00, 0x00, 0x00, 0x3b, 0x00, 0x04, 0x00, 0x08, 0x00,
    0x00, 0x00, 0x39, 0x05, 0x00, 0x00, 0x07, 0x00, 0x00, 0x00,
    0x3b, 0x00, 0x04, 0x00, 0x08, 0x00, 0x00, 0x00, 0x3d, 0x05,
    0x00, 0x00, 0x07, 0x00, 0x00, 0x00, 0x3b, 0x00, 0x04, 0x00,
    0x2a, 0x00, 0x00, 0x00, 0x41, 0x05, 0x00, 0x00, 0x07, 0x00,
    0x00, 0x00, 0x3b, 0x00, 0x04, 0x00, 0x2a, 0x00, 0x00, 0x00,
    0x42, 0x05, 0x00, 0x00, 0x07, 0x00, 0x00, 0x00, 0x3b, 0x00,
    0x04, 0x00, 0x33, 0x00, 0x00, 0x00, 0x48, 0x05, 0x00, 0x00,
    0x07, 0x00, 0x00, 0x00, 0x3b, 0x00, 0x04, 0x00, 0x0e, 0x00,
    0x00, 0x00, 0x49, 0x05, 0x00, 0x00, 0x07, 0x00, 0x00, 0x00,
    0x3b, 0x00, 0x04, 0x00, 0x08, 0x00, 0x00, 0x00, 0x4b, 0x05,
    0x00, 0x00, 0x07, 0x00, 0x00, 0x00, 0x3b, 0x00, 0x04, 0x00,
    0x08, 0x00, 0x00, 0x00, 0x4f, 0x05, 0x00, 0x00, 0x07, 0x00,
    0x00, 0x00, 0x3b, 0x00, 0x04, 0x00, 0x2a, 0x00, 0x00, 0x00,
    0x53, 0x05, 0x00, 0x00, 0x07, 0x00, 0x00, 0x00, 0x3b, 0x00,
    0x04, 0x00, 0x2a, 0x00, 0x00, 0x00, 0x54, 0x05, 0x00, 0x00,
    0x07, 0x00, 0x00, 0x00, 0x3b, 0x00, 0x04, 0x00, 0x5f, 0x05,
    0x00, 0x00, 0x60, 0x05, 0x00, 0x00, 0x07, 0x00, 0x00, 0x00,
    0x3b, 0x00, 0x04, 0x00, 0x08, 0x00, 0x00, 0x00, 0xb1, 0x05,
    0x00, 0x00, 0x07, 0x00, 0x00, 0x00, 0x3b, 0x00, 0x04, 0x00,
    0x32, 0x00, 0x00, 0x00, 0xb4, 0x05, 0x00, 0x00, 0x07, 0x00,
    0x00, 0x00, 0x3b, 0x00, 0x04, 0x00, 0x33, 0x00, 0x00, 0x00,
    0xb7, 0x05, 0x00, 0x00, 0x07, 0x00, 0x00, 0x00, 0x3b, 0x00,
    0x04, 0x00, 0x08, 0x00, 0x00, 0x00, 0xc0, 0x05, 0x00, 0x00,
    0x07, 0x00, 0x00, 0x00, 0x3b, 0x00, 0x04, 0x00, 0x32, 0x00,
    0x00, 0x00, 0xc3, 0x05, 0x00, 0x00, 0x07, 0x00, 0x00, 0x00,
    0x3b, 0x00, 0x04, 0x00, 0x33, 0x00, 0x00, 0x00, 0xc6, 0x05,
    0x00, 0x00, 0x07, 0x00, 0x00, 0x00, 0x3b, 0x00, 0x04, 0x00,
    0x08, 0x00, 0x00, 0x00, 0xca, 0x05, 0x00, 0x00, 0x07, 0x00,
    0x00, 0x00, 0x3b, 0x00, 0x04, 0x00, 0x32, 0x00, 0x00, 0x00,
    0xcd, 0x05, 0x00, 0x00, 0x07, 0x00, 0x00, 0x00, 0x3b, 0x00,
    0x04, 0x00, 0x33, 0x00, 0x00, 0x00, 0xd0, 0x05, 0x00, 0x00,
    0x07, 0x00, 0x00, 0x00, 0x3b, 0x00, 0x04, 0x00, 0x08, 0x00,
    0x00, 0x00, 0xd4, 0x05, 0x00, 0x00, 0x07, 0x00, 0x00, 0x00,
    0x3b, 0x00, 0x04, 0x00, 0x32, 0x00, 0x00, 0x00, 0xd7, 0x05,
    0x00, 0x00, 0x07, 0x00, 0x00, 0x00, 0x3b, 0x00, 0x04, 0x00,
    0x33, 0x00, 0x00, 0x00, 0xda, 0x05, 0x00, 0x00, 0x07, 0x00,
    0x00, 0x00, 0x41, 0x00, 0x05, 0x00, 0x48, 0x00, 0x00, 0x00,
    0x30, 0x04, 0x00, 0x00, 0x60, 0x00, 0x00, 0x00, 0x1a, 0x01,
    0x00, 0x00, 0x3d, 0x00, 0x04, 0x00, 0x15, 0x00, 0x00, 0x00,
    0x31, 0x04, 0x00, 0x00, 0x30, 0x04, 0x00, 0x00, 0x41, 0x00,
    0x06, 0x00, 0x32, 0x04, 0x00, 0x00, 0x33, 0x04, 0x00, 0x00,
    0x2f, 0x04, 0x00, 0x00, 0x87, 0x00, 0x00, 0x00, 0x31, 0x04,
    0x00, 0x00, 0x3d, 0x00, 0x04, 0x00, 0x2b, 0x04, 0x00, 0x00,
    0x34, 0x04, 0x00, 0x00, 0x33, 0x04, 0x00, 0x00, 0x51, 0x00,
    0x05, 0x00, 0x15, 0x00, 0x00, 0x00, 0x35, 0x04, 0x00, 0x00,
    0x34, 0x04, 0x00, 0x00, 0x00, 0x00, 0x00, 0x00, 0x41, 0x00,
    0x05, 0x00, 0x48, 0x00, 0x00, 0x00, 0x36, 0x04, 0x00, 0x00,
    0x2a, 0x04, 0x00, 0x00, 0x87, 0x00, 0x00, 0x00, 0x3e, 0x00,
    0x03, 0x00, 0x36, 0x04, 0x00, 0x00, 0x35, 0x04, 0x00, 0x00,
    0x51, 0x00, 0x05, 0x00, 0x15, 0x00, 0x00, 0x00, 0x37, 0x04,
    0x00, 0x00, 0x34, 0x04, 0x00, 0x00, 0x01, 0x00, 0x00, 0x00,
    0x41, 0x00, 0x05, 0x00, 0x48, 0x00, 0x00, 0x00, 0x38, 0x04,
    0x00, 0x00, 0x2a, 0x04, 0x00, 0x00, 0xb0, 0x00, 0x00, 0x00,
    0x3e, 0x00, 0x03, 0x00, 0x38, 0x04, 0x00, 0x00, 0x37, 0x04,
    0x00, 0x00, 0x51, 0x00, 0x05, 0x00, 0x15, 0x00, 0x00, 0x00,
    0x39, 0x04, 0x00, 0x00, 0x34, 0x04, 0x00, 0x00, 0x02, 0x00,
    0x00, 0x00, 0x41, 0x00, 0x05, 0x00, 0x48, 0x00, 0x00, 0x00,
    0x3a, 0x04, 0x00, 0x00, 0x2a, 0x04, 0x00, 0x00, 0xc0, 0x00,
    0x00, 0x00, 0x3e, 0x00, 0x03, 0x00, 0x3a, 0x04, 0x00, 0x00,
    0x39, 0x04, 0x00, 0x00, 0x41, 0x00, 0x05, 0x00, 0x08, 0x00,
    0x00, 0x00, 0x3c, 0x04, 0x00, 0x00, 0x5f, 0x00, 0x00, 0x00,
    0x87, 0x00, 0x00, 0x00, 0x3d, 0x00, 0x04, 0x00, 0x07, 0x00,
    0x00, 0x00, 0x3d, 0x04, 0x00, 0x00, 0x3c, 0x04, 0x00, 0x00,
    0x3e, 0x00, 0x03, 0x00, 0x3b, 0x04, 0x00, 0x00, 0x3d, 0x04,
    0x00, 0x00, 0x41, 0x00, 0x05, 0x00, 0x08, 0x00, 0x00, 0x00,
    0x3f, 0x04, 0x00, 0x00, 0x5f, 0x00, 0x00, 0x00, 0x87, 0x00,
    0x00, 0x00, 0x3d, 0x00, 0x04, 0x00, 0x07, 0x00, 0x00, 0x00,
    0x40, 0x04, 0x00, 0x00, 0x3f, 0x04, 0x00, 0x00, 0x3e, 0x00,
    0x03, 0x00, 0x3e, 0x04, 0x00, 0x00, 0x40, 0x04, 0x00, 0x00,
    0x41, 0x00, 0x05, 0x00, 0x32, 0x00, 0x00, 0x00, 0x42, 0x04,
    0x00, 0x00, 0x60, 0x00, 0x00, 0x00, 0xb0, 0x00, 0x00, 0x00,
    0x3d, 0x00, 0x04, 0x00, 0x31, 0x00, 0x00, 0x00, 0x43, 0x04,
    0x00, 0x00, 0x42, 0x04, 0x00, 0x00, 0x3e, 0x00, 0x03, 0x00,
    0x41, 0x04, 0x00, 0x00, 0x43, 0x04, 0x00, 0x00, 0x3e, 0x00,
    0x03, 0x00, 0x44, 0x04, 0x00, 0x00, 0xf3, 0x03, 0x00, 0x00,
    0x39, 0x00, 0x07, 0x00, 0x07, 0x00, 0x00, 0x00, 0x45, 0x04,
    0x00, 0x00, 0x38, 0x00, 0x00, 0x00, 0x3e, 0x04, 0x00, 0x00,
    0x41, 0x04, 0x00, 0x00, 0x44, 0x04, 0x00, 0x00, 0x41, 0x00,
    0x05, 0x00, 0x08, 0x00, 0x00, 0x00, 0x46, 0x04, 0x00, 0x00,
    0x5f, 0x00, 0x00, 0x00, 0x87, 0x00, 0x00, 0x00, 0x3e, 0x00,
    0x03, 0x00, 0x46, 0x04, 0x00, 0x00, 0x45, 0x04, 0x00, 0x00,
    0x41, 0x00, 0x05, 0x00, 0x08, 0x00, 0x00, 0x00, 0x48, 0x04,
    0x00, 0x00, 0x5f, 0x00, 0x00, 0x00, 0xb0, 0x00, 0x00, 0x00,
    0x3d, 0x00, 0x04, 0x00, 0x07, 0x00, 0x00, 0x00, 0x49, 0x04,
    0x00, 0x00, 0x48, 0x04, 0x00, 0x00, 0x3e, 0x00, 0x03, 0x00,
    0x47, 0x04, 0x00, 0x00, 0x49, 0x04, 0x00, 0x00, 0x41, 0x00,
    0x05, 0x00, 0x32, 0x00, 0x00, 0x00, 0x4b, 0x04, 0x00, 0x00,
    0x60, 0x00, 0x00, 0x00, 0xb0, 0x00, 0x00, 0x00, 0x3d, 0x00,
    0x04, 0x00, 0x31, 0x00, 0x00, 0x00, 0x4c, 0x04, 0x00, 0x00,
    0x4b, 0x04, 0x00, 0x00, 0x3e, 0x00, 0x03, 0x00, 0x4a, 0x04,
    0x00, 0x00, 0x4c, 0x04, 0x00, 0x00, 0x3e, 0x00, 0x03, 0x00,
    0x4d, 0x04, 0x00, 0x00, 0x46, 0x03, 0x00, 0x00, 0x39, 0x00,
    0x07, 0x00, 0x07, 0x00, 0x00, 0x00, 0x4e, 0x04, 0x00, 0x00,
    0x38, 0x00, 0x00, 0x00, 0x47, 0x04, 0x00, 0x00, 0x4a, 0x04,
    0x00, 0x00, 0x4d, 0x04, 0x00, 0x00, 0x0c, 0x00, 0x06, 0x00,
    0x07, 0x00, 0x00, 0x00, 0x4f, 0x04, 0x00, 0x00, 0x01, 0x00,
    0x00, 0x00, 0x45, 0x00, 0x00, 0x00, 0x4e, 0x04, 0x00, 0x00,
    0x41, 0x00, 0x05, 0x00, 0x08, 0x00, 0x00, 0x00, 0x50, 0x04,
    0x00, 0x00, 0x5f, 0x00, 0x00, 0x00, 0xb0, 0x00, 0x00, 0x00,
    0x3e, 0x00, 0x03, 0x00, 0x50, 0x04, 0x00, 0x00, 0x4f, 0x04,
    0x00, 0x00, 0x41, 0x00, 0x05, 0x00, 0x08, 0x00, 0x00, 0x00,
    0x51, 0x04, 0x00, 0x00, 0x5f, 0x00, 0x00, 0x00, 0xb0, 0x00,
    0x00, 0x00, 0x3d, 0x00, 0x04, 0x00, 0x07, 0x00, 0x00, 0x00,
    0x52, 0x04, 0x00, 0x00, 0x51, 0x04, 0x00, 0x00, 0x50, 0x00,
    0x06, 0x00, 0x07, 0x00, 0x00, 0x00, 0x53, 0x04, 0x00, 0x00,
    0xd9, 0x01, 0x00, 0x00, 0xd9, 0x01, 0x00, 0x00, 0xd9, 0x01,
    0x00, 0x00, 0x88, 0x00, 0x05, 0x00, 0x07, 0x00, 0x00, 0x00,
    0x54, 0x04, 0x00, 0x00, 0x53, 0x04, 0x00, 0x00, 0x52, 0x04,
    0x00, 0x00, 0x41, 0x00, 0x05, 0x00, 0x08, 0x00, 0x00, 0x00,
    0x55, 0x04, 0x00, 0x00, 0x5f, 0x00, 0x00, 0x00, 0xc0, 0x00,
    0x00, 0x00, 0x3e, 0x00, 0x03, 0x00, 0x55, 0x04, 0x00, 0x00,
    0x54, 0x04, 0x00, 0x00, 0x41, 0x00, 0x05, 0x00, 0x08, 0x00,
    0x00, 0x00, 0x57, 0x04, 0x00, 0x00, 0x5f, 0x00, 0x00, 0x00,
    0xb0, 0x00, 0x00, 0x00, 0x3d, 0x00, 0x04, 0x00, 0x07, 0x00,
    0x00, 0x00, 0x58, 0x04, 0x00, 0x00, 0x57, 0x04, 0x00, 0x00,
    0x3d, 0x00, 0x04, 0x00, 0x06, 0x00, 0x00, 0x00, 0x59, 0x04,
    0x00, 0x00, 0x61, 0x00, 0x00, 0x00, 0x8e, 0x00, 0x05, 0x00,
    0x07, 0x00, 0x00, 0x00, 0x5a, 0x04, 0x00, 0x00, 0x58, 0x04,
    0x00, 0x00, 0x59, 0x04, 0x00, 0x00, 0x3e, 0x00, 0x03, 0x00,
    0x5b, 0x04, 0x00, 0x00, 0x5a, 0x04, 0x00, 0x00, 0x41, 0x00,
    0x05, 0x00, 0x32, 0x00, 0x00, 0x00, 0x5d, 0x04, 0x00, 0x00,
    0x60, 0x00, 0x00, 0x00, 0xb0, 0x00, 0x00, 0x00, 0x3d, 0x00,
    0x04, 0x00, 0x31, 0x00, 0x00, 0x00, 0x5e, 0x04, 0x00, 0x00,
    0x5d, 0x04, 0x00, 0x00, 0x3e, 0x00, 0x03, 0x00, 0x5c, 0x04,
    0x00, 0x00, 0x5e, 0x04, 0x00, 0x00, 0x3e, 0x00, 0x03, 0x00,
    0x5f, 0x04, 0x00, 0x00, 0x46, 0x03, 0x00, 0x00, 0x39, 0x00,
    0x07, 0x00, 0x07, 0x00, 0x00, 0x00, 0x60, 0x04, 0x00, 0x00,
    0x38, 0x00, 0x00, 0x00, 0x5b, 0x04, 0x00, 0x00, 0x5c, 0x04,
    0x00, 0x00, 0x5f, 0x04, 0x00, 0x00, 0x0c, 0x00, 0x06, 0x00,
    0x06, 0x00, 0x00, 0x00, 0x61, 0x04, 0x00, 0x00, 0x01, 0x00,
    0x00, 0x00, 0x42, 0x00, 0x00, 0x00, 0x60, 0x04, 0x00, 0x00,
    0x3e, 0x00, 0x03, 0x00, 0x56, 0x04, 0x00, 0x00, 0x61, 0x04,
    0x00, 0x00, 0x41, 0x00, 0x05, 0x00, 0x08, 0x00, 0x00, 0x00,
    0x63, 0x04, 0x00, 0x00, 0x5f, 0x00, 0x00, 0x00, 0xb0, 0x00,
    0x00, 0x00, 0x3d, 0x00, 0x04, 0x00, 0x07, 0x00, 0x00, 0x00,
    0x64, 0x04, 0x00, 0x00, 0x63, 0x04, 0x00, 0x00, 0x3d, 0x00,
    0x04, 0x00, 0x06, 0x00, 0x00, 0x00, 0x65, 0x04, 0x00, 0x00,
    0x62, 0x00, 0x00, 0x00, 0x8e, 0x00, 0x05, 0x00, 0x07, 0x00,
    0x00, 0x00, 0x66, 0x04, 0x00, 0x00, 0x64, 0x04, 0x00, 0x00,
    0x65, 0x04, 0x00, 0x00, 0x3e, 0x00, 0x03, 0x00, 0x67, 0x04,
    0x00, 0x00, 0x66, 0x04, 0x00, 0x00, 0x41, 0x00, 0x05, 0x00,
    0x32, 0x00, 0x00, 0x00, 0x69, 0x04, 0x00, 0x00, 0x60, 0x00,
    0x00, 0x00, 0xb0, 0x00, 0x00, 0x00, 0x3d, 0x00, 0x04, 0x00,
    0x31, 0x00, 0x00, 0x00, 0x6a, 0x04, 0x00, 0x00, 0x69, 0x04,
    0x00, 0x00, 0x3e, 0x00, 0x03, 0x00, 0x68, 0x04, 0x00, 0x00,
    0x6a, 0x04, 0x00, 0x00, 0x3e, 0x00, 0x03, 0x00, 0x6b, 0x04,
    0x00, 0x00, 0x46, 0x03, 0x00, 0x00, 0x39, 0x00, 0x07, 0x00,
    0x07, 0x00, 0x00, 0x00, 0x6c, 0x04, 0x00, 0x00, 0x38, 0x00,
    0x00, 0x00, 0x67, 0x04, 0x00, 0x00, 0x68, 0x04, 0x00, 0x00,
    0x6b, 0x04, 0x00, 0x00, 0x0c, 0x00, 0x06, 0x00, 0x06, 0x00,
    0x00, 0x00, 0x6d, 0x04, 0x00, 0x00, 0x01, 0x00, 0x00, 0x00,
    0x42, 0x00, 0x00, 0x00, 0x6c, 0x04, 0x00, 0x00, 0x3e, 0x00,
    0x03, 0x00, 0x62, 0x04, 0x00, 0x00, 0x6d, 0x04, 0x00, 0x00,
    0x3d, 0x00, 0x04, 0x00, 0x06, 0x00, 0x00, 0x00, 0x6e, 0x04,
    0x00, 0x00, 0x62, 0x04, 0x00, 0x00, 0x41, 0x00, 0x05, 0x00,
    0x2a, 0x00, 0x00, 0x00, 0x6f, 0x04, 0x00, 0x00, 0x63, 0x00,
    0x00, 0x00, 0x87, 0x00, 0x00, 0x00, 0x3e, 0x00, 0x03, 0x00,
    0x6f, 0x04, 0x00, 0x00, 0x6e, 0x04, 0x00, 0x00, 0x3d, 0x00,
    0x04, 0x00, 0x15, 0x00, 0x00, 0x00, 0x71, 0x04, 0x00, 0x00,
    0x86, 0x00, 0x00, 0x00, 0x3e, 0x00, 0x03, 0x00, 0x70, 0x04,
    0x00, 0x00, 0x71, 0x04, 0x00, 0x00, 0x3d, 0x00, 0x04, 0x00,
    0x15, 0x00, 0x00, 0x00, 0x76, 0x04, 0x00, 0x00, 0x86, 0x00,
    0x00, 0x00, 0x80, 0x00, 0x05, 0x00, 0x15, 0x00, 0x00, 0x00,
    0x77, 0x04, 0x00, 0x00, 0x76, 0x04, 0x00, 0x00, 0xb0, 0x00,
    0x00, 0x00, 0x3e, 0x00, 0x03, 0x00, 0x86, 0x00, 0x00, 0x00,
    0x77, 0x04, 0x00, 0x00, 0x41, 0x00, 0x05, 0x00, 0x48, 0x00,
    0x00, 0x00, 0x78, 0x04, 0x00, 0x00, 0x2a, 0x04, 0x00, 0x00,
    0xc0, 0x00, 0x00, 0x00, 0x3d, 0x00, 0x04, 0x00, 0x15, 0x00,
    0x00, 0x00, 0x79, 0x04, 0x00, 0x00, 0x78, 0x04, 0x00, 0x00,
    0x6f, 0x00, 0x04, 0x00, 0x06, 0x00, 0x00, 0x00, 0x7a, 0x04,
    0x00, 0x00, 0x79, 0x04, 0x00, 0x00, 0x50, 0x00, 0x05, 0x00,
    0x14, 0x00, 0x00, 0x00, 0x7b, 0x04, 0x00, 0x00, 0x7a, 0x04,
    0x00, 0x00, 0xfc, 0x01, 0x00, 0x00, 0x41, 0x00, 0x05, 0x00,
    0xa7, 0x00, 0x00, 0x00, 0x7c, 0x04, 0x00, 0x00, 0x75, 0x04,
    0x00, 0x00, 0x77, 0x04, 0x00, 0x00, 0x3e, 0x00, 0x03, 0x00,
    0x7c, 0x04, 0x00, 0x00, 0x7b, 0x04, 0x00, 0x00, 0xf9, 0x00,
    0x02, 0x00, 0x7d, 0x04, 0x00, 0x00, 0xf8, 0x00, 0x02, 0x00,
    0x7d, 0x04, 0x00, 0x00, 0xf6, 0x00, 0x04, 0x00, 0x7f, 0x04,
    0x00, 0x00, 0x80, 0x04, 0x00, 0x00, 0x00, 0x00, 0x00, 0x00,
    0xf9, 0x00, 0x02, 0x00, 0x81, 0x04, 0x00, 0x00, 0xf8, 0x00,
    0x02, 0x00, 0x81, 0x04, 0x00, 0x00, 0x3d, 0x00, 0x04, 0x00,
    0x15, 0x00, 0x00, 0x00, 0x82, 0x04, 0x00, 0x00, 0x86, 0x00,
    0x00, 0x00, 0x3d, 0x00, 0x04, 0x00, 0x15, 0x00, 0x00, 0x00,
    0x83, 0x04, 0x00, 0x00, 0x70, 0x04, 0x00, 0x00, 0xad, 0x00,
    0x05, 0x00, 0x16, 0x00, 0x00, 0x00, 0x84, 0x04, 0x00, 0x00,
    0x82, 0x04, 0x00, 0x00, 0x83, 0x04, 0x00, 0x00, 0xfa, 0x00,
    0x04, 0x00, 0x84, 0x04, 0x00, 0x00, 0x7e, 0x04, 0x00, 0x00,
    0x7f, 0x04, 0x00, 0x00, 0xf8, 0x00, 0x02, 0x00, 0x7e, 0x04,
    0x00, 0x00, 0x3d, 0x00, 0x04, 0x00, 0x15, 0x00, 0x00, 0x00,
    0x86, 0x04, 0x00, 0x00, 0x86, 0x00, 0x00, 0x00, 0x41, 0x00,
    0x06, 0x00, 0x87, 0x04, 0x00, 0x00, 0x88, 0x04, 0x00, 0x00,
    0x75, 0x04, 0x00, 0x00, 0x86, 0x04, 0x00, 0x00, 0xa9, 0x00,
    0x00, 0x00, 0x3d, 0x00, 0x04, 0x00, 0x06, 0x00, 0x00, 0x00,
    0x89, 0x04, 0x00, 0x00, 0x88, 0x04, 0x00, 0x00, 0x6e, 0x00,
    0x04, 0x00, 0x15, 0x00, 0x00, 0x00, 0x8a, 0x04, 0x00, 0x00,
    0x89, 0x04, 0x00, 0x00, 0x3e, 0x00, 0x03, 0x00, 0x85, 0x04,
    0x00, 0x00, 0x8a, 0x04, 0x00, 0x00, 0x3d, 0x00, 0x04, 0x00,
    0x15, 0x00, 0x00, 0x00, 0x8c, 0x04, 0x00, 0x00, 0x86, 0x00,
    0x00, 0x00, 0x82, 0x00, 0x05, 0x00, 0x15, 0x00, 0x00, 0x00,
    0x8d, 0x04, 0x00, 0x00, 0x8c, 0x04, 0x00, 0x00, 0xb0, 0x00,
    0x00, 0x00, 0x3e, 0x00, 0x03, 0x00, 0x86, 0x00, 0x00, 0x00,
    0x8d, 0x04, 0x00, 0x00, 0x41, 0x00, 0x06, 0x00, 0x87, 0x04,
    0x00, 0x00, 0x8e, 0x04, 0x00, 0x00, 0x75, 0x04, 0x00, 0x00,
    0x8c, 0x04, 0x00, 0x00, 0xad, 0x00, 0x00, 0x00, 0x3d, 0x00,
    0x04, 0x00, 0x06, 0x00, 0x00, 0x00, 0x8f, 0x04, 0x00, 0x00,
    0x8e, 0x04, 0x00, 0x00, 0x3e, 0x00, 0x03, 0x00, 0x8b, 0x04,
    0x00, 0x00, 0x8f, 0x04, 0x00, 0x00, 0x3d, 0x00, 0x04, 0x00,
    0x15, 0x00, 0x00, 0x00, 0x98, 0x04, 0x00, 0x00, 0x85, 0x04,
    0x00, 0x00, 0x41, 0x00, 0x06, 0x00, 0x99, 0x04, 0x00, 0x00,
    0x9a, 0x04, 0x00, 0x00, 0x97, 0x04, 0x00, 0x00, 0x87, 0x00,
    0x00, 0x00, 0x98, 0x04, 0x00, 0x00, 0x3d, 0x00, 0x04, 0x00,
    0x93, 0x04, 0x00, 0x00, 0x9b, 0x04, 0x00, 0x00, 0x9a, 0x04,
    0x00, 0x00, 0x51, 0x00, 0x05, 0x00, 0x0f, 0x00, 0x00, 0x00,
    0x9c, 0x04, 0x00, 0x00, 0x9b, 0x04, 0x00, 0x00, 0x00, 0x00,
    0x00, 0x00, 0x41, 0x00, 0x05, 0x00, 0x40, 0x01, 0x00, 0x00,
    0x9d, 0x04, 0x00, 0x00, 0x92, 0x04, 0x00, 0x00, 0x87, 0x00,
    0x00, 0x00, 0x3e, 0x00, 0x03, 0x00, 0x9d, 0x04, 0x00, 0x00,
    0x9c, 0x04, 0x00, 0x00, 0x51, 0x00, 0x05, 0x00, 0x0f, 0x00,
    0x00, 0x00, 0x9e, 0x04, 0x00, 0x00, 0x9b, 0x04, 0x00, 0x00,
    0x01, 0x00, 0x00, 0x00, 0x41, 0x00, 0x05, 0x00, 0x40, 0x01,
    0x00, 0x00, 0x9f, 0x04, 0x00, 0x00, 0x92, 0x04, 0x00, 0x00,
    0xb0, 0x00, 0x00, 0x00, 0x3e, 0x00, 0x03, 0x00, 0x9f, 0x04,
    0x00, 0x00, 0x9e, 0x04, 0x00, 0x00, 0x51, 0x00, 0x05, 0x00,
    0x15, 0x00, 0x00, 0x00, 0xa0, 0x04, 0x00, 0x00, 0x9b, 0x04,
    0x00, 0x00, 0x02, 0x00, 0x00, 0x00, 0x41, 0x00, 0x05, 0x00,
    0x48, 0x00, 0x00, 0x00, 0xa1, 0x04, 0x00, 0x00, 0x92, 0x04,
    0x00, 0x00, 0xc0, 0x00, 0x00, 0x00, 0x3e, 0x00, 0x03, 0x00,
    0xa1, 0x04, 0x00, 0x00, 0xa0, 0x04, 0x00, 0x00, 0x51, 0x00,
    0x05, 0x00, 0x15, 0x00, 0x00, 0x00, 0xa2, 0x04, 0x00, 0x00,
    0x9b, 0x04, 0x00, 0x00, 0x03, 0x00, 0x00, 0x00, 0x41, 0x00,
    0x05, 0x00, 0x48, 0x00, 0x00, 0x00, 0xa3, 0x04, 0x00, 0x00,
    0x92, 0x04, 0x00, 0x00, 0x1a, 0x01, 0x00, 0x00, 0x3e, 0x00,
    0x03, 0x00, 0xa3, 0x04, 0x00, 0x00, 0xa2, 0x04, 0x00, 0x00,
    0x51, 0x00, 0x05, 0x00, 0x15, 0x00, 0x00, 0x00, 0xa4, 0x04,
    0x00, 0x00, 0x9b, 0x04, 0x00, 0x00, 0x04, 0x00, 0x00, 0x00,
    0x41, 0x00, 0x05, 0x00, 0x48, 0x00, 0x00, 0x00, 0xa5, 0x04,
    0x00, 0x00, 0x92, 0x04, 0x00, 0x00, 0xc4, 0x00, 0x00, 0x00,
    0x3e, 0x00, 0x03, 0x00, 0xa5, 0x04, 0x00, 0x00, 0xa4, 0x04,
    0x00, 0x00, 0x51, 0x00, 0x05, 0x00, 0x15, 0x00, 0x00, 0x00,
    0xa6, 0x04, 0x00, 0x00, 0x9b, 0x04, 0x00, 0x00, 0x05, 0x00,
    0x00, 0x00, 0x41, 0x00, 0x05, 0x00, 0x48, 0x00, 0x00, 0x00,
    0xa7, 0x04, 0x00, 0x00, 0x92, 0x04, 0x00, 0x00, 0x4b, 0x01,
    0x00, 0x00, 0x3e, 0x00, 0x03, 0x00, 0xa7, 0x04, 0x00, 0x00,
    0xa6, 0x04, 0x00, 0x00, 0x3d, 0x00, 0x04, 0x00, 0x06, 0x00,
    0x00, 0x00, 0xa8, 0x04, 0x00, 0x00, 0x8b, 0x04, 0x00, 0x00,
    0x41, 0x00, 0x05, 0x00, 0x2a, 0x00, 0x00, 0x00, 0xa9, 0x04,
    0x00, 0x00, 0x63, 0x00, 0x00, 0x00, 0x87, 0x00, 0x00, 0x00,
    0x3d, 0x00, 0x04, 0x00, 0x06, 0x00, 0x00, 0x00, 0xaa, 0x04,
    0x00, 0x00, 0xa9, 0x04, 0x00, 0x00, 0xba, 0x00, 0x05, 0x00,
    0x16, 0x00, 0x00, 0x00, 0xab, 0x04, 0x00, 0x00, 0xa8, 0x04,
    0x00, 0x00, 0xaa, 0x04, 0x00, 0x00, 0xf7, 0x00, 0x03, 0x00,
    0xad, 0x04, 0x00, 0x00, 0x00, 0x00, 0x00, 0x00, 0xfa, 0x00,
    0x04, 0x00, 0xab, 0x04, 0x00, 0x00, 0xac, 0x04, 0x00, 0x00,
    0xad, 0x04, 0x00, 0x00, 0xf8, 0x00, 0x02, 0x00, 0xac, 0x04,
    0x00, 0x00, 0xf9, 0x00, 0x02, 0x00, 0x80, 0x04, 0x00, 0x00,
    0xf8, 0x00, 0x02, 0x00, 0xad, 0x04, 0x00, 0x00, 0x41, 0x00,
    0x05, 0x00, 0x48, 0x00, 0x00, 0x00, 0xaf, 0x04, 0x00, 0x00,
    0x92, 0x04, 0x00, 0x00, 0xc4, 0x00, 0x00, 0x00, 0x3d, 0x00,
    0x04, 0x00, 0x15, 0x00, 0x00, 0x00, 0xb0, 0x04, 0x00, 0x00,
    0xaf, 0x04, 0x00, 0x00, 0xaa, 0x00, 0x05, 0x00, 0x16, 0x00,
    0x00, 0x00, 0xb1, 0x04, 0x00, 0x00, 0xb0, 0x04, 0x00, 0x00,
    0x87, 0x00, 0x00, 0x00, 0xf7, 0x00, 0x03, 0x00, 0xb3, 0x04,
    0x00, 0x00, 0x00, 0x00, 0x00, 0x00, 0xfa, 0x00, 0x04, 0x00,
    0xb1, 0x04, 0x00, 0x00, 0xb2, 0x04, 0x00, 0x00, 0x10, 0x05,
    0x00, 0x00, 0xf8, 0x00, 0x02, 0x00, 0xb2, 0x04, 0x00, 0x00,
    0x41, 0x00, 0x05, 0x00, 0x48, 0x00, 0x00, 0x00, 0xb5, 0x04,
    0x00, 0x00, 0x92, 0x04, 0x00, 0x00, 0xc0, 0x00, 0x00, 0x00,
    0x3d, 0x00, 0x04, 0x00, 0x15, 0x00, 0x00, 0x00, 0xb6, 0x04,
    0x00, 0x00, 0xb5, 0x04, 0x00, 0x00, 0x3e, 0x00, 0x03, 0x00,
    0xb4, 0x04, 0x00, 0x00, 0xb6, 0x04, 0x00, 0x00, 0x3d, 0x00,
    0x04, 0x00, 0x15, 0x00, 0x00, 0x00, 0xb8, 0x04, 0x00, 0x00,
    0xb4, 0x04, 0x00, 0x00, 0x41, 0x00, 0x05, 0x00, 0x48, 0x00,
    0x00, 0x00, 0xb9, 0x04, 0x00, 0x00, 0x92, 0x04, 0x00, 0x00,
    0x1a, 0x01, 0x00, 0x00, 0x3d, 0x00, 0x04, 0x00, 0x15, 0x00,
    0x00, 0x00, 0xba, 0x04, 0x00, 0x00, 0xb9, 0x04, 0x00, 0x00,
    0x80, 0x00, 0x05, 0x00, 0x15, 0x00, 0x00, 0x00, 0xbb, 0x04,
    0x00, 0x00, 0xb8, 0x04, 0x00, 0x00, 0xba, 0x04, 0x00, 0x00,
    0x3e, 0x00, 0x03, 0x00, 0xb7, 0x04, 0x00, 0x00, 0xbb, 0x04,
    0x00, 0x00, 0xf9, 0x00, 0x02, 0x00, 0xbc, 0x04, 0x00, 0x00,
    0xf8, 0x00, 0x02, 0x00, 0xbc, 0x04, 0x00, 0x00, 0xf6, 0x00,
    0x04, 0x00, 0xbe, 0x04, 0x00, 0x00, 0xbf, 0x04, 0x00, 0x00,
    0x00, 0x00, 0x00, 0x00, 0xf9, 0x00, 0x02, 0x00, 0xc0, 0x04,
    0x00, 0x00, 0xf8, 0x00, 0x02, 0x00, 0xc0, 0x04, 0x00, 0x00,
    0x3d, 0x00, 0x04, 0x00, 0x15, 0x00, 0x00, 0x00, 0xc1, 0x04,
    0x00, 0x00, 0xb4, 0x04, 0x00, 0x00, 0x3d, 0x00, 0x04, 0x00,
    0x15, 0x00, 0x00, 0x00, 0xc2, 0x04, 0x00, 0x00, 0xb7, 0x04,
    0x00, 0x00, 0xb1, 0x00, 0x05, 0x00, 0x16, 0x00, 0x00, 0x00,
    0xc3, 0x04, 0x00, 0x00, 0xc1, 0x04, 0x00, 0x00, 0xc2, 0x04,
    0x00, 0x00, 0xfa, 0x00, 0x04, 0x00, 0xc3, 0x04, 0x00, 0x00,
    0xbd, 0x04, 0x00, 0x00, 0xbe, 0x04, 0x00, 0x00, 0xf8, 0x00,
    0x02, 0x00, 0xbd, 0x04, 0x00, 0x00, 0x3d, 0x00, 0x04, 0x00,
    0x15, 0x00, 0x00, 0x00, 0xcc, 0x04, 0x00, 0x00, 0xb4, 0x04,
    0x00, 0x00, 0x41, 0x00, 0x05, 0x00, 0x48, 0x00, 0x00, 0x00,
    0xcd, 0x04, 0x00, 0x00, 0x2a, 0x04, 0x00, 0x00, 0x87, 0x00,
    0x00, 0x00, 0x3d, 0x00, 0x04, 0x00, 0x15, 0x00, 0x00, 0x00,
    0xce, 0x04, 0x00, 0x00, 0xcd, 0x04, 0x00, 0x00, 0x80, 0x00,
    0x05, 0x00, 0x15, 0x00, 0x00, 0x00, 0xcf, 0x04, 0x00, 0x00,
    0xcc, 0x04, 0x00, 0x00, 0xce, 0x04, 0x00, 0x00, 0x41, 0x00,
    0x06, 0x00, 0xd0, 0x04, 0x00, 0x00, 0xd1, 0x04, 0x00, 0x00,
    0xcb, 0x04, 0x00, 0x00, 0x87, 0x00, 0x00, 0x00, 0xcf, 0x04,
    0x00, 0x00, 0x3d, 0x00, 0x04, 0x00, 0xc7, 0x04, 0x00, 0x00,
    0xd2, 0x04, 0x00, 0x00, 0xd1, 0x04, 0x00, 0x00, 0x51, 0x00,
    0x05, 0x00, 0x19, 0x00, 0x00, 0x00, 0xd3, 0x04, 0x00, 0x00,
    0xd2, 0x04, 0x00, 0x00, 0x00, 0x00, 0x00, 0x00, 0x41, 0x00,
    0x05, 0x00, 0x66, 0x01, 0x00, 0x00, 0xd4, 0x04, 0x00, 0x00,
    0xc6, 0x04, 0x00, 0x00, 0x87, 0x00, 0x00, 0x00, 0x3e, 0x00,
    0x03, 0x00, 0xd4, 0x04, 0x00, 0x00, 0xd3, 0x04, 0x00, 0x00,
    0x51, 0x00, 0x05, 0x00, 0x19, 0x00, 0x00, 0x00, 0xd5, 0x04,
    0x00, 0x00, 0xd2, 0x04, 0x00, 0x00, 0x01, 0x00, 0x00, 0x00,
    0x41, 0x00, 0x05, 0x00, 0x66, 0x01, 0x00, 0x00, 0xd6, 0x04,
    0x00, 0x00, 0xc6, 0x04, 0x00, 0x00, 0xb0, 0x00, 0x00, 0x00,
    0x3e, 0x00, 0x03, 0x00, 0xd6, 0x04, 0x00, 0x00, 0xd5, 0x04,
    0x00, 0x00, 0x51, 0x00, 0x05, 0x00, 0x19, 0x00, 0x00, 0x00,
    0xd7, 0x04, 0x00, 0x00, 0xd2, 0x04, 0x00, 0x00, 0x02, 0x00,
    0x00, 0x00, 0x41, 0x00, 0x05, 0x00, 0x66, 0x01, 0x00, 0x00,
    0xd8, 0x04, 0x00, 0x00, 0xc6, 0x04, 0x00, 0x00, 0xc0, 0x00,
    0x00, 0x00, 0x3e, 0x00, 0x03, 0x00, 0xd8, 0x04, 0x00, 0x00,
    0xd7, 0x04, 0x00, 0x00, 0x41, 0x00, 0x05, 0x00, 0x66, 0x01,
    0x00, 0x00, 0xdf, 0x04, 0x00, 0x00, 0xc6, 0x04, 0x00, 0x00,
    0x87, 0x00, 0x00, 0x00, 0x3d, 0x00, 0x04, 0x00, 0x19, 0x00,
    0x00, 0x00, 0xe0, 0x04, 0x00, 0x00, 0xdf, 0x04, 0x00, 0x00,
    0x41, 0x00, 0x06, 0x00, 0xe1, 0x04, 0x00, 0x00, 0xe2, 0x04,
    0x00, 0x00, 0xde, 0x04, 0x00, 0x00, 0x87, 0x00, 0x00, 0x00,
    0xe0, 0x04, 0x00, 0x00, 0x3d, 0x00, 0x04, 0x00, 0xda, 0x04,
    0x00, 0x00, 0xe3, 0x04, 0x00, 0x00, 0xe2, 0x04, 0x00, 0x00,
    0x51, 0x00, 0x05, 0x00, 0x0f, 0x00, 0x00, 0x00, 0xe4, 0x04,
    0x00, 0x00, 0xe3, 0x04, 0x00, 0x00, 0x00, 0x00, 0x00, 0x00,
    0x41, 0x00, 0x05, 0x00, 0x40, 0x01, 0x00, 0x00, 0xe5, 0x04,
    0x00, 0x00, 0xd9, 0x04, 0x00, 0x00, 0x87, 0x00, 0x00, 0x00,
    0x3e, 0x00, 0x03, 0x00, 0xe5, 0x04, 0x00, 0x00, 0xe4, 0x04,
    0x00, 0x00, 0x51, 0x00, 0x05, 0x00, 0x0f, 0x00, 0x00, 0x00,
    0xe6, 0x04, 0x00, 0x00, 0xe3, 0x04, 0x00, 0x00, 0x01, 0x00,
    0x00, 0x00, 0x41, 0x00, 0x05, 0x00, 0x40, 0x01, 0x00, 0x00,
    0xe7, 0x04, 0x00, 0x00, 0xd9, 0x04, 0x00, 0x00, 0xb0, 0x00,
    0x00, 0x00, 0x3e, 0x00, 0x03, 0x00, 0xe7, 0x04, 0x00, 0x00,
    0xe6, 0x04, 0x00, 0x00, 0x41, 0x00, 0x05, 0x00, 0x66, 0x01,
    0x00, 0x00, 0xe9, 0x04, 0x00, 0x00, 0xc6, 0x04, 0x00, 0x00,
    0xb0, 0x00, 0x00, 0x00, 0x3d, 0x00, 0x04, 0x00, 0x19, 0x00,
    0x00, 0x00, 0xea, 0x04, 0x00, 0x00, 0xe9, 0x04, 0x00, 0x00,
    0x41, 0x00, 0x06, 0x00, 0xe1, 0x04, 0x00, 0x00, 0xeb, 0x04,
    0x00, 0x00, 0xde, 0x04, 0x00, 0x00, 0x87, 0x00, 0x00, 0x00,
    0xea, 0x04, 0x00, 0x00, 0x3d, 0x00, 0x04, 0x00, 0xda, 0x04,
    0x00, 0x00, 0xec, 0x04, 0x00, 0x00, 0xeb, 0x04, 0x00, 0x00,
    0x51, 0x00, 0x05, 0x00, 0x0f, 0x00, 0x00, 0x00, 0xed, 0x04,
    0x00, 0x00, 0xec, 0x04, 0x00, 0x00, 0x00, 0x00, 0x00, 0x00,
    0x41, 0x00, 0x05, 0x00, 0x40, 0x01, 0x00, 0x00, 0xee, 0x04,
    0x00, 0x00, 0xe8, 0x04, 0x00, 0x00, 0x87, 0x00, 0x00, 0x00,
    0x3e, 0x00, 0x03, 0x00, 0xee, 0x04, 0x00, 0x00, 0xed, 0x04,
    0x00, 0x00, 0x51, 0x00, 0x05, 0x00, 0x0f, 0x00, 0x00, 0x00,
    0xef, 0x04, 0x00, 0x00, 0xec, 0x04, 0x00, 0x00, 0x01, 0x00,
    0x00, 0x00, 0x41, 0x00, 0x05, 0x00, 0x40, 0x01, 0x00, 0x00,
    0xf0, 0x04, 0x00, 0x00, 0xe8, 0x04, 0x00, 0x00, 0xb0, 0x00,
    0x00, 0x00, 0x3e, 0x00, 0x03, 0x00, 0xf0, 0x04, 0x00, 0x00,
    0xef, 0x04, 0x00, 0x00, 0x41, 0x00, 0x05, 0x00, 0x66, 0x01,
    0x00, 0x00, 0xf2, 0x04, 0x00, 0x00, 0xc6, 0x04, 0x00, 0x00,
    0xc0, 0x00, 0x00, 0x00, 0x3d, 0x00, 0x04, 0x00, 0x19, 0x00,
    0x00, 0x00, 0xf3, 0x04, 0x00, 0x00, 0xf2, 0x04, 0x00, 0x00,
    0x41, 0x00, 0x06, 0x00, 0xe1, 0x04, 0x00, 0x00, 0xf4, 0x04,
    0x00, 0x00, 0xde, 0x04, 0x00, 0x00, 0x87, 0x00, 0x00, 0x00,
    0xf3, 0x04, 0x00, 0x00, 0x3d, 0x00, 0x04, 0x00, 0xda, 0x04,
    0x00, 0x00, 0xf5, 0x04, 0x00, 0x00, 0xf4, 0x04, 0x00, 0x00,
    0x51, 0x00, 0x05, 0x00, 0x0f, 0x00, 0x00, 0x00, 0xf6, 0x04,
    0x00, 0x00, 0xf5, 0x04, 0x00, 0x00, 0x00, 0x00, 0x00, 0x00,
    0x41, 0x00, 0x05, 0x00, 0x40, 0x01, 0x00, 0x00, 0xf7, 0x04,
    0x00, 0x00, 0xf1, 0x04, 0x00, 0x00, 0x87, 0x00, 0x00, 0x00,
    0x3e, 0x00, 0x03, 0x00, 0xf7, 0x04, 0x00, 0x00, 0xf6, 0x04,
    0x00, 0x00, 0x51, 0x00, 0x05, 0x00, 0x0f, 0x00, 0x00, 0x00,
    0xf8, 0x04, 0x00, 0x00, 0xf5, 0x04, 0x00, 0x00, 0x01, 0x00,
    0x00, 0x00, 0x41, 0x00, 0x05, 0x00, 0x40, 0x01, 0x00, 0x00,
    0xf9, 0x04, 0x00, 0x00, 0xf1, 0x04, 0x00, 0x00, 0xb0, 0x00,
    0x00, 0x00, 0x3e, 0x00, 0x03, 0x00, 0xf9, 0x04, 0x00, 0x00,
    0xf8, 0x04, 0x00, 0x00, 0x3d, 0x00, 0x04, 0x00, 0x0d, 0x00,
    0x00, 0x00, 0xfb, 0x04, 0x00, 0x00, 0x5f, 0x00, 0x00, 0x00,
    0x3e, 0x00, 0x03, 0x00, 0xfa, 0x04, 0x00, 0x00, 0xfb, 0x04,
    0x00, 0x00, 0x3d, 0x00, 0x04, 0x00, 0x46, 0x00, 0x00, 0x00,
    0xfd, 0x04, 0x00, 0x00, 0xd9, 0x04, 0x00, 0x00, 0x3e, 0x00,
    0x03, 0x00, 0xfc, 0x04, 0x00, 0x00, 0xfd, 0x04, 0x00, 0x00,
    0x3d, 0x00, 0x04, 0x00, 0x46, 0x00, 0x00, 0x00, 0xff, 0x04,
    0x00, 0x00, 0xe8, 0x04, 0x00, 0x00, 0x3e, 0x00, 0x03, 0x00,
    0xfe, 0x04, 0x00, 0x00, 0xff, 0x04, 0x00, 0x00, 0x3d, 0x00,
    0x04, 0x00, 0x46, 0x00, 0x00, 0x00, 0x01, 0x05, 0x00, 0x00,
    0xf1, 0x04, 0x00, 0x00, 0x3e, 0x00, 0x03, 0x00, 0x00, 0x05,
    0x00, 0x00, 0x01, 0x05, 0x00, 0x00, 0x41, 0x00, 0x05, 0x00,
    0x48, 0x00, 0x00, 0x00, 0x03, 0x05, 0x00, 0x00, 0x60, 0x00,
    0x00, 0x00, 0xc0, 0x00, 0x00, 0x00, 0x3d, 0x00, 0x04, 0x00,
    0x15, 0x00, 0x00, 0x00, 0x04, 0x05, 0x00, 0x00, 0x03, 0x05,
    0x00, 0x00, 0x3e, 0x00, 0x03, 0x00, 0x02, 0x05, 0x00, 0x00,
    0x04, 0x05, 0x00, 0x00, 0x3d, 0x00, 0x04, 0x00, 0x06, 0x00,
    0x00, 0x00, 0x06, 0x05, 0x00, 0x00, 0x56, 0x04, 0x00, 0x00,
    0x3e, 0x00, 0x03, 0x00, 0x05, 0x05, 0x00, 0x00, 0x06, 0x05,
    0x00, 0x00, 0x41, 0x00, 0x05, 0x00, 0x2a, 0x00, 0x00, 0x00,
    0x08, 0x05, 0x00, 0x00, 0x63, 0x00, 0x00, 0x00, 0x87, 0x00,
    0x00, 0x00, 0x3d, 0x00, 0x04, 0x00, 0x06, 0x00, 0x00, 0x00,
    0x09, 0x05, 0x00, 0x00, 0x08, 0x05, 0x00, 0x00, 0x3e, 0x00,
    0x03, 0x00, 0x07, 0x05, 0x00, 0x00, 0x09, 0x05, 0x00, 0x00,
    0x3d, 0x00, 0x04, 0x00, 0x17, 0x00, 0x00, 0x00, 0x0b, 0x05,
    0x00, 0x00, 0x63, 0x00, 0x00, 0x00, 0x3e, 0x00, 0x03, 0x00,
    0x0a, 0x05, 0x00, 0x00, 0x0b, 0x05, 0x00, 0x00, 0x39, 0x00,
    0x0c, 0x00, 0x16, 0x00, 0x00, 0x00, 0x0c, 0x05, 0x00, 0x00,
    0x52, 0x00, 0x00, 0x00, 0xfa, 0x04, 0x00, 0x00, 0xfc, 0x04,
    0x00, 0x00, 0xfe, 0x04, 0x00, 0x00, 0x00, 0x05, 0x00, 0x00,
    0x02, 0x05, 0x00, 0x00, 0x05, 0x05, 0x00, 0x00, 0x07, 0x05,
    0x00, 0x00, 0x0a, 0x05, 0x00, 0x00, 0x3d, 0x00, 0x04, 0x00,
    0x17, 0x00, 0x00, 0x00, 0x0d, 0x05, 0x00, 0x00, 0x0a, 0x05,
    0x00, 0x00, 0x3e, 0x00, 0x03, 0x00, 0x63, 0x00, 0x00, 0x00,
    0x0d, 0x05, 0x00, 0x00, 0xf9, 0x00, 0x02, 0x00, 0xbf, 0x04,
    0x00, 0x00, 0xf8, 0x00, 0x02, 0x00, 0xbf, 0x04, 0x00, 0x00,
    0x3d, 0x00, 0x04, 0x00, 0x15, 0x00, 0x00, 0x00, 0x0e, 0x05,
    0x00, 0x00, 0xb4, 0x04, 0x00, 0x00, 0x80, 0x00, 0x05, 0x00,
    0x15, 0x00, 0x00, 0x00, 0x0f, 0x05, 0x00, 0x00, 0x0e, 0x05,
    0x00, 0x00, 0xb0, 0x00, 0x00, 0x00, 0x3e, 0x00, 0x03, 0x00,
    0xb4, 0x04, 0x00, 0x00, 0x0f, 0x05, 0x00, 0x00, 0xf9, 0x00,
    0x02, 0x00, 0xbc, 0x04, 0x00, 0x00, 0xf8, 0x00, 0x02, 0x00,
    0xbe, 0x04, 0x00, 0x00, 0xf9, 0x00, 0x02, 0x00, 0xb3, 0x04,
    0x00, 0x00, 0xf8, 0x00, 0x02, 0x00, 0x10, 0x05, 0x00, 0x00,
    0x3d, 0x00, 0x04, 0x00, 0x15, 0x00, 0x00, 0x00, 0x12, 0x05,
    0x00, 0x00, 0x85, 0x04, 0x00, 0x00, 0x80, 0x00, 0x05, 0x00,
    0x15, 0x00, 0x00, 0x00, 0x13, 0x05, 0x00, 0x00, 0x12, 0x05,
    0x00, 0x00, 0xb0, 0x00, 0x00, 0x00, 0x41, 0x00, 0x06, 0x00,
    0x99, 0x04, 0x00, 0x00, 0x14, 0x05, 0x00, 0x00, 0x97, 0x04,
    0x00, 0x00, 0x87, 0x00, 0x00, 0x00, 0x13, 0x05, 0x00, 0x00,
    0x3d, 0x00, 0x04, 0x00, 0x93, 0x04, 0x00, 0x00, 0x15, 0x05,
    0x00, 0x00, 0x14, 0x05, 0x00, 0x00, 0x51, 0x00, 0x05, 0x00,
    0x0f, 0x00, 0x00, 0x00, 0x16, 0x05, 0x00, 0x00, 0x15, 0x05,
    0x00, 0x00, 0x00, 0x00, 0x00, 0x00, 0x41, 0x00, 0x05, 0x00,
    0x40, 0x01, 0x00, 0x00, 0x17, 0x05, 0x00, 0x00, 0x11, 0x05,
    0x00, 0x00, 0x87, 0x00, 0x00, 0x00, 0x3e, 0x00, 0x03, 0x00,
    0x17, 0x05, 0x00, 0x00, 0x16, 0x05, 0x00, 0x00, 0x51, 0x00,
    0x05, 0x00, 0x0f, 0x00, 0x00, 0x00, 0x18, 0x05, 0x00, 0x00,
    0x15, 0x05, 0x00, 0x00, 0x01, 0x00, 0x00, 0x00, 0x41, 0x00,
    0x05, 0x00, 0x40, 0x01, 0x00, 0x00, 0x19, 0x05, 0x00, 0x00,
    0x11, 0x05, 0x00, 0x00, 0xb0, 0x00, 0x00, 0x00, 0x3e, 0x00,
    0x03, 0x00, 0x19, 0x05, 0x00, 0x00, 0x18, 0x05, 0x00, 0x00,
    0x51, 0x00, 0x05, 0x00, 0x15, 0x00, 0x00, 0x00, 0x1a, 0x05,
    0x00, 0x00, 0x15, 0x05, 0x00, 0x00, 0x02, 0x00, 0x00, 0x00,
    0x41, 0x00, 0x05, 0x00, 0x48, 0x00, 0x00, 0x00, 0x1b, 0x05,
    0x00, 0x00, 0x11, 0x05, 0x00, 0x00, 0xc0, 0x00, 0x00, 0x00,
    0x3e, 0x00, 0x03, 0x00, 0x1b, 0x05, 0x00, 0x00, 0x1a, 0x05,
    0x00, 0x00, 0x51, 0x00, 0x05, 0x00, 0x15, 0x00, 0x00, 0x00,
    0x1c, 0x05, 0x00, 0x00, 0x15, 0x05, 0x00, 0x00, 0x03, 0x00,
    0x00, 0x00, 0x41, 0x00, 0x05, 0x00, 0x48, 0x00, 0x00, 0x00,
    0x1d, 0x05, 0x00, 0x00, 0x11, 0x05, 0x00, 0x00, 0x1a, 0x01,
    0x00, 0x00, 0x3e, 0x00, 0x03, 0x00, 0x1d, 0x05, 0x00, 0x00,
    0x1c, 0x05, 0x00, 0x00, 0x51, 0x00, 0x05, 0x00, 0x15, 0x00,
    0x00, 0x00, 0x1e, 0x05, 0x00, 0x00, 0x15, 0x05, 0x00, 0x00,
    0x04, 0x00, 0x00, 0x00, 0x41, 0x00, 0x05, 0x00, 0x48, 0x00,
    0x00, 0x00, 0x1f, 0x05, 0x00, 0x00, 0x11, 0x05, 0x00, 0x00,
    0xc4, 0x00, 0x00, 0x00, 0x3e, 0x00, 0x03, 0x00, 0x1f, 0x05,
    0x00, 0x00, 0x1e, 0x05, 0x00, 0x00, 0x51, 0x00, 0x05, 0x00,
    0x15, 0x00, 0x00, 0x00, 0x20, 0x05, 0x00, 0x00, 0x15, 0x05,
    0x00, 0x00, 0x05, 0x00, 0x00, 0x00, 0x41, 0x00, 0x05, 0x00,
    0x48, 0x00, 0x00, 0x00, 0x21, 0x05, 0x00, 0x00, 0x11, 0x05,
    0x00, 0x00, 0x4b, 0x01, 0x00, 0x00, 0x3e, 0x00, 0x03, 0x00,
    0x21, 0x05, 0x00, 0x00, 0x20, 0x05, 0x00, 0x00, 0x3d, 0x00,
    0x04, 0x00, 0x15, 0x00, 0x00, 0x00, 0x23, 0x05, 0x00, 0x00,
    0x85, 0x04, 0x00, 0x00, 0x41, 0x00, 0x05, 0x00, 0x48, 0x00,
    0x00, 0x00, 0x24, 0x05, 0x00, 0x00, 0x92, 0x04, 0x00, 0x00,
    0xc4, 0x00, 0x00, 0x00, 0x3d, 0x00, 0x04, 0x00, 0x15, 0x00,
    0x00, 0x00, 0x25, 0x05, 0x00, 0x00, 0x24, 0x05, 0x00, 0x00,
    0x80, 0x00, 0x05, 0x00, 0x15, 0x00, 0x00, 0x00, 0x26, 0x05,
    0x00, 0x00, 0x23, 0x05, 0x00, 0x00, 0x25, 0x05, 0x00, 0x00,
    0x41, 0x00, 0x06, 0x00, 0x99, 0x04, 0x00, 0x00, 0x27, 0x05,
    0x00, 0x00, 0x97, 0x04, 0x00, 0x00, 0x87, 0x00, 0x00, 0x00,
    0x26, 0x05, 0x00, 0x00, 0x3d, 0x00, 0x04, 0x00, 0x93, 0x04,
    0x00, 0x00, 0x28, 0x05, 0x00, 0x00, 0x27, 0x05, 0x00, 0x00,
    0x51, 0x00, 0x05, 0x00, 0x0f, 0x00, 0x00, 0x00, 0x29, 0x05,
    0x00, 0x00, 0x28, 0x05, 0x00, 0x00, 0x00, 0x00, 0x00, 0x00,
    0x41, 0x00, 0x05, 0x00, 0x40, 0x01, 0x00, 0x00, 0x2a, 0x05,
    0x00, 0x00, 0x22, 0x05, 0x00, 0x00, 0x87, 0x00, 0x00, 0x00,
    0x3e, 0x00, 0x03, 0x00, 0x2a, 0x05, 0x00, 0x00, 0x29, 0x05,
    0x00, 0x00, 0x51, 0x00, 0x05, 0x00, 0x0f, 0x00, 0x00, 0x00,
    0x2b, 0x05, 0x00, 0x00, 0x28, 0x05, 0x00, 0x00, 0x01, 0x00,
    0x00, 0x00, 0x41, 0x00, 0x05, 0x00, 0x40, 0x01, 0x00, 0x00,
    0x2c, 0x05, 0x00, 0x00, 0x22, 0x05, 0x00, 0x00, 0xb0, 0x00,
    0x00, 0x00, 0x3e, 0x00, 0x03, 0x00, 0x2c, 0x05, 0x00, 0x00,
    0x2b, 0x05, 0x00, 0x00, 0x51, 0x00, 0x05, 0x00, 0x15, 0x00,
    0x00, 0x00, 0x2d, 0x05, 0x00, 0x00, 0x28, 0x05, 0x00, 0x00,
    0x02, 0x00, 0x00, 0x00, 0x41, 0x00, 0x05, 0x00, 0x48, 0x00,
    0x00, 0x00, 0x2e, 0x05, 0x00, 0x00, 0x22, 0x05, 0x00, 0x00,
    0xc0, 0x00, 0x00, 0x00, 0x3e, 0x00, 0x03, 0x00, 0x2e, 0x05,
    0x00, 0x00, 0x2d, 0x05, 0x00, 0x00, 0x51, 0x00, 0x05, 0x00,
    0x15, 0x00, 0x00, 0x00, 0x2f, 0x05, 0x00, 0x00, 0x28, 0x05,
    0x00, 0x00, 0x03, 0x00, 0x00, 0x00, 0x41, 0x00, 0x05, 0x00,
    0x48, 0x00, 0x00, 0x00, 0x30, 0x05, 0x00, 0x00, 0x22, 0x05,
    0x00, 0x00, 0x1a, 0x01, 0x00, 0x00, 0x3e, 0x00, 0x03, 0x00,
    0x30, 0x05, 0x00, 0x00, 0x2f, 0x05, 0x00, 0x00, 0x51, 0x00,
    0x05, 0x00, 0x15, 0x00, 0x00, 0x00, 0x31, 0x05, 0x00, 0x00,
    0x28, 0x05, 0x00, 0x00, 0x04, 0x00, 0x00, 0x00, 0x41, 0x00,
    0x05, 0x00, 0x48, 0x00, 0x00, 0x00, 0x32, 0x05, 0x00, 0x00,
    0x22, 0x05, 0x00, 0x00, 0xc4, 0x00, 0x00, 0x00, 0x3e, 0x00,
    0x03, 0x00, 0x32, 0x05, 0x00, 0x00, 0x31, 0x05, 0x00, 0x00,
    0x51, 0x00, 0x05, 0x00, 0x15, 0x00, 0x00, 0x00, 0x33, 0x05,
    0x00, 0x00, 0x28, 0x05, 0x00, 0x00, 0x05, 0x00, 0x00, 0x00,
    0x41, 0x00, 0x05, 0x00, 0x48, 0x00, 0x00, 0x00, 0x34, 0x05,
    0x00, 0x00, 0x22, 0x05, 0x00, 0x00, 0x4b, 0x01, 0x00, 0x00,
    0x3e, 0x00, 0x03, 0x00, 0x34, 0x05, 0x00, 0x00, 0x33, 0x05,
    0x00, 0x00, 0x3d, 0x00, 0x04, 0x00, 0x0d, 0x00, 0x00, 0x00,
    0x38, 0x05, 0x00, 0x00, 0x5f, 0x00, 0x00, 0x00, 0x3e, 0x00,
    0x03, 0x00, 0x37, 0x05, 0x00, 0x00, 0x38, 0x05, 0x00, 0x00,
    0x41, 0x00, 0x05, 0x00, 0x40, 0x01, 0x00, 0x00, 0x3a, 0x05,
    0x00, 0x00, 0x11, 0x05, 0x00, 0x00, 0x87, 0x00, 0x00, 0x00,
    0x3d, 0x00, 0x04, 0x00, 0x0f, 0x00, 0x00, 0x00, 0x3b, 0x05,
    0x00, 0x00, 0x3a, 0x05, 0x00, 0x00, 0x4f, 0x00, 0x08, 0x00,
    0x07, 0x00, 0x00, 0x00, 0x3c, 0x05, 0x00, 0x00, 0x3b, 0x05,
    0x00, 0x00, 0x3b, 0x05, 0x00, 0x00, 0x00, 0x00, 0x00, 0x00,
    0x01, 0x00, 0x00, 0x00, 0x02, 0x00, 0x00, 0x00, 0x3e, 0x00,
    0x03, 0x00, 0x39, 0x05, 0x00, 0x00, 0x3c, 0x05, 0x00, 0x00,
    0x41, 0x00, 0x05, 0x00, 0x40, 0x01, 0x00, 0x00, 0x3e, 0x05,
    0x00, 0x00, 0x11, 0x05, 0x00, 0x00, 0xb0, 0x00, 0x00, 0x00,
    0x3d, 0x00, 0x04, 0x00, 0x0f, 0x00, 0x00, 0x00, 0x3f, 0x05,
    0x00, 0x00, 0x3e, 0x05, 0x00, 0x00, 0x4f, 0x00, 0x08, 0x00,
    0x07, 0x00, 0x00, 0x00, 0x40, 0x05, 0x00, 0x00, 0x3f, 0x05,
    0x00, 0x00, 0x3f, 0x05, 0x00, 0x00, 0x00, 0x00, 0x00, 0x00,
    0x01, 0x00, 0x00, 0x00, 0x02, 0x00, 0x00, 0x00, 0x3e, 0x00,
    0x03, 0x00, 0x3d, 0x05, 0x00, 0x00, 0x40, 0x05, 0x00, 0x00,
    0x39, 0x00, 0x09, 0x00, 0x16, 0x00, 0x00, 0x00, 0x43, 0x05,
    0x00, 0x00, 0x5a, 0x00, 0x00, 0x00, 0x37, 0x05, 0x00, 0x00,
    0x39, 0x05, 0x00, 0x00, 0x3d, 0x05, 0x00, 0x00, 0x41, 0x05,
    0x00, 0x00, 0x42, 0x05, 0x00, 0x00, 0x3d, 0x00, 0x04, 0x00,
    0x06, 0x00, 0x00, 0x00, 0x44, 0x05, 0x00, 0x00, 0x41, 0x05,
    0x00, 0x00, 0x41, 0x00, 0x05, 0x00, 0x2a, 0x00, 0x00, 0x00,
    0x45, 0x05, 0x00, 0x00, 0x36, 0x05, 0x00, 0x00, 0xa9, 0x00,
    0x00, 0x00, 0x3e, 0x00, 0x03, 0x00, 0x45, 0x05, 0x00, 0x00,
    0x44, 0x05, 0x00, 0x00, 0x3d, 0x00, 0x04, 0x00, 0x06, 0x00,
    0x00, 0x00, 0x46, 0x05, 0x00, 0x00, 0x42, 0x05, 0x00, 0x00,
    0x41, 0x00, 0x05, 0x00, 0x2a, 0x00, 0x00, 0x00, 0x47, 0x05,
    0x00, 0x00, 0x36, 0x05, 0x00, 0x00, 0xad, 0x00, 0x00, 0x00,
    0x3e, 0x00, 0x03, 0x00, 0x47, 0x05, 0x00, 0x00, 0x46, 0x05,
    0x00, 0x00, 0x3e, 0x00, 0x03, 0x00, 0x35, 0x05, 0x00, 0x00,
    0x43, 0x05, 0x00, 0x00, 0x3d, 0x00, 0x04, 0x00, 0x0d, 0x00,
    0x00, 0x00, 0x4a, 0x05, 0x00, 0x00, 0x5f, 0x00, 0x00, 0x00,
    0x3e, 0x00, 0x03, 0x00, 0x49, 0x05, 0x00, 0x00, 0x4a, 0x05,
    0x00, 0x00, 0x41, 0x00, 0x05, 0x00, 0x40, 0x01, 0x00, 0x00,
    0x4c, 0x05, 0x00, 0x00, 0x22, 0x05, 0x00, 0x00, 0x87, 0x00,
    0x00, 0x00, 0x3d, 0x00, 0x04, 0x00, 0x0f, 0x00, 0x00, 0x00,
    0x4d, 0x05, 0x00, 0x00, 0x4c, 0x05, 0x00, 0x00, 0x4f, 0x00,
    0x08, 0x00, 0x07, 0x00, 0x00, 0x00, 0x4e, 0x05, 0x00, 0x00,
    0x4d, 0x05, 0x00, 0x00, 0x4d, 0x05, 0x00, 0x00, 0x00, 0x00,
    0x00, 0x00, 0x01, 0x00, 0x00, 0x00, 0x02, 0x00, 0x00, 0x00,
    0x3e, 0x00, 0x03, 0x00, 0x4b, 0x05, 0x00, 0x00, 0x4e, 0x05,
    0x00, 0x00, 0x41, 0x00, 0x05, 0x00, 0x40, 0x01, 0x00, 0x00,
    0x50, 0x05, 0x00, 0x00, 0x22, 0x05, 0x00, 0x00, 0xb0, 0x00,
    0x00, 0x00, 0x3d, 0x00, 0x04, 0x00, 0x0f, 0x00, 0x00, 0x00,
    0x51, 0x05, 0x00, 0x00, 0x50, 0x05, 0x00, 0x00, 0x4f, 0x00,
    0x08, 0x00, 0x07, 0x00, 0x00, 0x00, 0x52, 0x05, 0x00, 0x00,
    0x51, 0x05, 0x00, 0x00, 0x51, 0x05, 0x00, 0x00, 0x00, 0x00,
    0x00, 0x00, 0x01, 0x00, 0x00, 0x00, 0x02, 0x00, 0x00, 0x00,
    0x3e, 0x00, 0x03, 0x00, 0x4f, 0x05, 0x00, 0x00, 0x52, 0x05,
    0x00, 0x00, 0x39, 0x00, 0x09, 0x00, 0x16, 0x00, 0x00, 0x00,
    0x55, 0x05, 0x00, 0x00, 0x5a, 0x00, 0x00, 0x00, 0x49, 0x05,
    0x00, 0x00, 0x4b, 0x05, 0x00, 0x00, 0x4f, 0x05, 0x00, 0x00,
    0x53, 0x05, 0x00, 0x00, 0x54, 0x05, 0x00, 0x00, 0x3d, 0x00,
    0x04, 0x00, 0x06, 0x00, 0x00, 0x00, 0x56, 0x05, 0x00, 0x00,
    0x53, 0x05, 0x00, 0x00, 0x41, 0x00, 0x05, 0x00, 0x2a, 0x00,
    0x00, 0x00, 0x57, 0x05, 0x00, 0x00, 0x36, 0x05, 0x00, 0x00,
    0xe5, 0x00, 0x00, 0x00, 0x3e, 0x00, 0x03, 0x00, 0x57, 0x05,
    0x00, 0x00, 0x56, 0x05, 0x00, 0x00, 0x3d, 0x00, 0x04, 0x00,
    0x06, 0x00, 0x00, 0x00, 0x58, 0x05, 0x00, 0x00, 0x54, 0x05,
    0x00, 0x00, 0x41, 0x00, 0x05, 0x00, 0x2a, 0x00, 0x00, 0x00,
    0x59, 0x05, 0x00, 0x00, 0x36, 0x05, 0x00, 0x00, 0x0e, 0x02,
    0x00, 0x00, 0x3e, 0x00, 0x03, 0x00, 0x59, 0x05, 0x00, 0x00,
    0x58, 0x05, 0x00, 0x00, 0x3e, 0x00, 0x03, 0x00, 0x48, 0x05,
    0x00, 0x00, 0x55, 0x05, 0x00, 0x00, 0x3d, 0x00, 0x04, 0x00,
    0x16, 0x00, 0x00, 0x00, 0x5a, 0x05, 0x00, 0x00, 0x35, 0x05,
    0x00, 0x00, 0x3d, 0x00, 0x04, 0x00, 0x16, 0x00, 0x00, 0x00,
    0x5b, 0x05, 0x00, 0x00, 0x48, 0x05, 0x00, 0x00, 0xa7, 0x00,
    0x05, 0x00, 0x16, 0x00, 0x00, 0x00, 0x5c, 0x05, 0x00, 0x00,
    0x5a, 0x05, 0x00, 0x00, 0x5b, 0x05, 0x00, 0x00, 0xf7, 0x00,
    0x03, 0x00, 0x5e, 0x05, 0x00, 0x00, 0x00, 0x00, 0x00, 0x00,
    0xfa, 0x00, 0x04, 0x00, 0x5c, 0x05, 0x00, 0x00, 0x5d, 0x05,
    0x00, 0x00, 0x8f, 0x05, 0x00, 0x00, 0xf8, 0x00, 0x02, 0x00,
    0x5d, 0x05, 0x00, 0x00, 0x3d, 0x00, 0x04, 0x00, 0x15, 0x00,
    0x00, 0x00, 0x61, 0x05, 0x00, 0x00, 0x85, 0x04, 0x00, 0x00,
    0x80, 0x00, 0x05, 0x00, 0x15, 0x00, 0x00, 0x00, 0x62, 0x05,
    0x00, 0x00, 0x61, 0x05, 0x00, 0x00, 0xb0, 0x00, 0x00, 0x00,
    0x3d, 0x00, 0x04, 0x00, 0x15, 0x00, 0x00, 0x00, 0x63, 0x05,
    0x00, 0x00, 0x85, 0x04, 0x00, 0x00, 0x41, 0x00, 0x05, 0x00,
    0x48, 0x00, 0x00, 0x00, 0x64, 0x05, 0x00, 0x00, 0x92, 0x04,
    0x00, 0x00, 0xc4, 0x00, 0x00, 0x00, 0x3d, 0x00, 0x04, 0x00,
    0x15, 0x00, 0x00, 0x00, 0x65, 0x05, 0x00, 0x00, 0x64, 0x05,
    0x00, 0x00, 0x80, 0x00, 0x05, 0x00, 0x15, 0x00, 0x00, 0x00,
    0x66, 0x05, 0x00, 0x00, 0x63, 0x05, 0x00, 0x00, 0x65, 0x05,
    0x00, 0x00, 0x50, 0x00, 0x05, 0x00, 0x88, 0x00, 0x00, 0x00,
    0x67, 0x05, 0x00, 0x00, 0x62, 0x05, 0x00, 0x00, 0x66, 0x05,
    0x00, 0x00, 0x3e, 0x00, 0x03, 0x00, 0x60, 0x05, 0x00, 0x00,
    0x67, 0x05, 0x00, 0x00, 0x41, 0x00, 0x05, 0x00, 0x2a, 0x00,
    0x00, 0x00, 0x68, 0x05, 0x00, 0x00, 0x36, 0x05, 0x00, 0x00,
    0xe5, 0x00, 0x00, 0x00, 0x3d, 0x00, 0x04, 0x00, 0x06, 0x00,
    0x00, 0x00, 0x69, 0x05, 0x00, 0x00, 0x68, 0x05, 0x00, 0x00,
    0x41, 0x00, 0x05, 0x00, 0x2a, 0x00, 0x00, 0x00, 0x6a, 0x05,
    0x00, 0x00, 0x36, 0x05, 0x00, 0x00, 0xa9, 0x00, 0x00, 0x00,
    0x3d, 0x00, 0x04, 0x00, 0x06, 0x00, 0x00, 0x00, 0x6b, 0x05,
    0x00, 0x00, 0x6a, 0x05, 0x00, 0x00, 0xb8, 0x00, 0x05, 0x00,
    0x16, 0x00, 0x00, 0x00, 0x6c, 0x05, 0x00, 0x00, 0x69, 0x05,
    0x00, 0x00, 0x6b, 0x05, 0x00, 0x00, 0xf7, 0x00, 0x03, 0x00,
    0x6e, 0x05, 0x00, 0x00, 0x00, 0x00, 0x00, 0x00, 0xfa, 0x00,
    0x04, 0x00, 0x6c, 0x05, 0x00, 0x00, 0x6d, 0x05, 0x00, 0x00,
    0x6e, 0x05, 0x00, 0x00, 0xf8, 0x00, 0x02, 0x00, 0x6d, 0x05,
    0x00, 0x00, 0x3d, 0x00, 0x04, 0x00, 0x0f, 0x00, 0x00, 0x00,
    0x6f, 0x05, 0x00, 0x00, 0x36, 0x05, 0x00, 0x00, 0x4f, 0x00,
    0x07, 0x00, 0x14, 0x00, 0x00, 0x00, 0x70, 0x05, 0x00, 0x00,
    0x6f, 0x05, 0x00, 0x00, 0x6f, 0x05, 0x00, 0x00, 0x02, 0x00,
    0x00, 0x00, 0x00, 0x00, 0x00, 0x00, 0x41, 0x00, 0x05, 0x00,
    0x2a, 0x00, 0x00, 0x00, 0x71, 0x05, 0x00, 0x00, 0x36, 0x05,
    0x00, 0x00, 0xa9, 0x00, 0x00, 0x00, 0x51, 0x00, 0x05, 0x00,
    0x06, 0x00, 0x00, 0x00, 0x72, 0x05, 0x00, 0x00, 0x70, 0x05,
    0x00, 0x00, 0x00, 0x00, 0x00, 0x00, 0x3e, 0x00, 0x03, 0x00,
    0x71, 0x05, 0x00, 0x00, 0x72, 0x05, 0x00, 0x00, 0x41, 0x00,
    0x05, 0x00, 0x2a, 0x00, 0x00, 0x00, 0x73, 0x05, 0x00, 0x00,
    0x36, 0x05, 0x00, 0x00, 0xe5, 0x00, 0x00, 0x00, 0x51, 0x00,
    0x05, 0x00, 0x06, 0x00, 0x00, 0x00, 0x74, 0x05, 0x00, 0x00,
    0x70, 0x05, 0x00, 0x00, 0x01, 0x00, 0x00, 0x00, 0x3e, 0x00,
    0x03, 0x00, 0x73, 0x05, 0x00, 0x00, 0x74, 0x05, 0x00, 0x00,
    0x3d, 0x00, 0x04, 0x00, 0x0f, 0x00, 0x00, 0x00, 0x75, 0x05,
    0x00, 0x00, 0x36, 0x05, 0x00, 0x00, 0x4f, 0x00, 0x07, 0x00,
    0x14, 0x00, 0x00, 0x00, 0x76, 0x05, 0x00, 0x00, 0x75, 0x05,
    0x00, 0x00, 0x75, 0x05, 0x00, 0x00, 0x03, 0x00, 0x00, 0x00,
    0x01, 0x00, 0x00, 0x00, 0x41, 0x00, 0x05, 0x00, 0x2a, 0x00,
    0x00, 0x00, 0x77, 0x05, 0x00, 0x00, 0x36, 0x05, 0x00, 0x00,
    0xad, 0x00, 0x00, 0x00, 0x51, 0x00, 0x05, 0x00, 0x06, 0x00,
    0x00, 0x00, 0x78, 0x05, 0x00, 0x00, 0x76, 0x05, 0x00, 0x00,
    0x00, 0x00, 0x00, 0x00, 0x3e, 0x00, 0x03, 0x00, 0x77, 0x05,
    0x00, 0x00, 0x78, 0x05, 0x00, 0x00, 0x41, 0x00, 0x05, 0x00,
    0x2a, 0x00, 0x00, 0x00, 0x79, 0x05, 0x00, 0x00, 0x36, 0x05,
    0x00, 0x00, 0x0e, 0x02, 0x00, 0x00, 0x51, 0x00, 0x05, 0x00,
    0x06, 0x00, 0x00, 0x00, 0x7a, 0x05, 0x00, 0x00, 0x76, 0x05,
    0x00, 0x00, 0x01, 0x00, 0x00, 0x00, 0x3e, 0x00, 0x03, 0x00,
    0x79, 0x05, 0x00, 0x00, 0x7a, 0x05, 0x00, 0x00, 0x3d, 0x00,
    0x04, 0x00, 0x88, 0x00, 0x00, 0x00, 0x7b, 0x05, 0x00, 0x00,
    0x60, 0x05, 0x00, 0x00, 0x4f, 0x00, 0x07, 0x00, 0x88, 0x00,
    0x00, 0x00, 0x7c, 0x05, 0x00, 0x00, 0x7b, 0x05, 0x00, 0x00,
    0x7b, 0x05, 0x00, 0x00, 0x01, 0x00, 0x00, 0x00, 0x00, 0x00,
    0x00, 0x00, 0x3e, 0x00, 0x03, 0x00, 0x60, 0x05, 0x00, 0x00,
    0x7c, 0x05, 0x00, 0x00, 0xf9, 0x00, 0x02, 0x00, 0x6e, 0x05,
    0x00, 0x00, 0xf8, 0x00, 0x02, 0x00, 0x6e, 0x05, 0x00, 0x00,
    0x3d, 0x00, 0x04, 0x00, 0x15, 0x00, 0x00, 0x00, 0x7d, 0x05,
    0x00, 0x00, 0x86, 0x00, 0x00, 0x00, 0x80, 0x00, 0x05, 0x00,
    0x15, 0x00, 0x00, 0x00, 0x7e, 0x05, 0x00, 0x00, 0x7d, 0x05,
    0x00, 0x00, 0xb0, 0x00, 0x00, 0x00, 0x3e, 0x00, 0x03, 0x00,
    0x86, 0x00, 0x00, 0x00, 0x7e, 0x05, 0x00, 0x00, 0x41, 0x00,
    0x05, 0x00, 0x48, 0x00, 0x00, 0x00, 0x7f, 0x05, 0x00, 0x00,
    0x60, 0x05, 0x00, 0x00, 0xad, 0x00, 0x00, 0x00, 0x3d, 0x00,
    0x04, 0x00, 0x15, 0x00, 0x00, 0x00, 0x80, 0x05, 0x00, 0x00,
    0x7f, 0x05, 0x00, 0x00, 0x6f, 0x00, 0x04, 0x00, 0x06, 0x00,
    0x00, 0x00, 0x81, 0x05, 0x00, 0x00, 0x80, 0x05, 0x00, 0x00,
    0x41, 0x00, 0x05, 0x00, 0x2a, 0x00, 0x00, 0x00, 0x82, 0x05,
    0x00, 0x00, 0x36, 0x05, 0x00, 0x00, 0xe5, 0x00, 0x00, 0x00,
    0x3d, 0x00, 0x04, 0x00, 0x06, 0x00, 0x00, 0x00, 0x83, 0x05,
    0x00, 0x00, 0x82, 0x05, 0x00, 0x00, 0x50, 0x00, 0x05, 0x00,
    0x14, 0x00, 0x00, 0x00, 0x84, 0x05, 0x00, 0x00, 0x81, 0x05,
    0x00, 0x00, 0x83, 0x05, 0x00, 0x00, 0x41, 0x00, 0x05, 0x00,
    0xa7, 0x00, 0x00, 0x00, 0x85, 0x05, 0x00, 0x00, 0x75, 0x04,
    0x00, 0x00, 0x7e, 0x05, 0x00, 0x00, 0x3e, 0x00, 0x03, 0x00,
    0x85, 0x05, 0x00, 0x00, 0x84, 0x05, 0x00, 0x00, 0x3d, 0x00,
    0x04, 0x00, 0x15, 0x00, 0x00, 0x00, 0x86, 0x05, 0x00, 0x00,
    0x86, 0x00, 0x00, 0x00, 0x80, 0x00, 0x05, 0x00, 0x15, 0x00,
    0x00, 0x00, 0x87, 0x05, 0x00, 0x00, 0x86, 0x05, 0x00, 0x00,
    0xb0, 0x00, 0x00, 0x00, 0x3e, 0x00, 0x03, 0x00, 0x86, 0x00,
    0x00, 0x00, 0x87, 0x05, 0x00, 0x00, 0x41, 0x00, 0x05, 0x00,
    0x48, 0x00, 0x00, 0x00, 0x88, 0x05, 0x00, 0x00, 0x60, 0x05,
    0x00, 0x00, 0xa9, 0x00, 0x00, 0x00, 0x3d, 0x00, 0x04, 0x00,
    0x15, 0x00, 0x00, 0x00, 0x89, 0x05, 0x00, 0x00, 0x88, 0x05,
    0x00, 0x00, 0x6f, 0x00, 0x04, 0x00, 0x06, 0x00, 0x00, 0x00,
    0x8a, 0x05, 0x00, 0x00, 0x89, 0x05, 0x00, 0x00, 0x41, 0x00,
    0x05, 0x00, 0x2a, 0x00, 0x00, 0x00, 0x8b, 0x05, 0x00, 0x00,
    0x36, 0x05, 0x00, 0x00, 0xa9, 0x00, 0x00, 0x00, 0x3d, 0x00,
    0x04, 0x00, 0x06, 0x00, 0x00, 0x00, 0x8c, 0x05, 0x00, 0x00,
    0x8b, 0x05, 0x00, 0x00, 0x50, 0x00, 0x05, 0x00, 0x14, 0x00,
    0x00, 0x00, 0x8d, 0x05, 0x00, 0x00, 0x8a, 0x05, 0x00, 0x00,
    0x8c, 0x05, 0x00, 0x00, 0x41, 0x00, 0x05, 0x00, 0xa7, 0x00,
    0x00, 0x00, 0x8e, 0x05, 0x00, 0x00, 0x75, 0x04, 0x00, 0x00,
    0x87, 0x05, 0x00, 0x00, 0x3e, 0x00, 0x03, 0x00, 0x8e, 0x05,
    0x00, 0x00, 0x8d, 0x05, 0x00, 0x00, 0xf9, 0x00, 0x02, 0x00,
    0x5e, 0x05, 0x00, 0x00, 0xf8, 0x00, 0x02, 0x00, 0x8f, 0x05,
    0x00, 0x00, 0x3d, 0x00, 0x04, 0x00, 0x16, 0x00, 0x00, 0x00,
    0x90, 0x05, 0x00, 0x00, 0x35, 0x05, 0x00, 0x00, 0xf7, 0x00,
    0x03, 0x00, 0x92, 0x05, 0x00, 0x00, 0x00, 0x00, 0x00, 0x00,
    0xfa, 0x00, 0x04, 0x00, 0x90, 0x05, 0x00, 0x00, 0x91, 0x05,
    0x00, 0x00, 0x9c, 0x05, 0x00, 0x00, 0xf8, 0x00, 0x02, 0x00,
    0x91, 0x05, 0x00, 0x00, 0x3d, 0x00, 0x04, 0x00, 0x15, 0x00,
    0x00, 0x00, 0x93, 0x05, 0x00, 0x00, 0x86, 0x00, 0x00, 0x00,
    0x80, 0x00, 0x05, 0x00, 0x15, 0x00, 0x00, 0x00, 0x94, 0x05,
    0x00, 0x00, 0x93, 0x05, 0x00, 0x00, 0xb0, 0x00, 0x00, 0x00,
    0x3e, 0x00, 0x03, 0x00, 0x86, 0x00, 0x00, 0x00, 0x94, 0x05,
    0x00, 0x00, 0x3d, 0x00, 0x04, 0x00, 0x15, 0x00, 0x00, 0x00,
    0x95, 0x05, 0x00, 0x00, 0x85, 0x04, 0x00, 0x00, 0x80, 0x00,
    0x05, 0x00, 0x15, 0x00, 0x00, 0x00, 0x96, 0x05, 0x00, 0x00,
    0x95, 0x05, 0x00, 0x00, 0xb0, 0x00, 0x00, 0x00, 0x6f, 0x00,
    0x04, 0x00, 0x06, 0x00, 0x00, 0x00, 0x97, 0x05, 0x00, 0x00,
    0x96, 0x05, 0x00, 0x00, 0x41, 0x00, 0x05, 0x00, 0x2a, 0x00,
    0x00, 0x00, 0x98, 0x05, 0x00, 0x00, 0x36, 0x05, 0x00, 0x00,
    0xa9, 0x00, 0x00, 0x00, 0x3d, 0x00, 0x04, 0x00, 0x06, 0x00,
    0x00, 0x00, 0x99, 0x05, 0x00, 0x00, 0x98, 0x05, 0x00, 0x00,
    0x50, 0x00, 0x05, 0x00, 0x14, 0x00, 0x00, 0x00, 0x9a, 0x05,
    0x00, 0x00, 0x97, 0x05, 0x00, 0x00, 0x99, 0x05, 0x00, 0x00,
    0x41, 0x00, 0x05, 0x00, 0xa7, 0x00, 0x00, 0x00, 0x9b, 0x05,
    0x00, 0x00, 0x75, 0x04, 0x00, 0x00, 0x94, 0x05, 0x00, 0x00,
    0x3e, 0x00, 0x03, 0x00, 0x9b, 0x05, 0x00, 0x00, 0x9a, 0x05,
    0x00, 0x00, 0xf9, 0x00, 0x02, 0x00, 0x92, 0x05, 0x00, 0x00,
    0xf8, 0x00, 0x02, 0x00, 0x9c, 0x05, 0x00, 0x00, 0x3d, 0x00,
    0x04, 0x00, 0x16, 0x00, 0x00, 0x00, 0x9d, 0x05, 0x00, 0x00,
    0x48, 0x05, 0x00, 0x00, 0xf7, 0x00, 0x03, 0x00, 0x9f, 0x05,
    0x00, 0x00, 0x00, 0x00, 0x00, 0x00, 0xfa, 0x00, 0x04, 0x00,
    0x9d, 0x05, 0x00, 0x00, 0x9e, 0x05, 0x00, 0x00, 0x9f, 0x05,
    0x00, 0x00, 0xf8, 0x00, 0x02, 0x00, 0x9e, 0x05, 0x00, 0x00,
    0x3d, 0x00, 0x04, 0x00, 0x15, 0x00, 0x00, 0x00, 0xa0, 0x05,
    0x00, 0x00, 0x86, 0x00, 0x00, 0x00, 0x80, 0x00, 0x05, 0x00,
    0x15, 0x00, 0x00, 0x00, 0xa1, 0x05, 0x00, 0x00, 0xa0, 0x05,
    0x00, 0x00, 0xb0, 0x00, 0x00, 0x00, 0x3e, 0x00, 0x03, 0x00,
    0x86, 0x00, 0x00, 0x00, 0xa1, 0x05, 0x00, 0x00, 0x3d, 0x00,
    0x04, 0x00, 0x15, 0x00, 0x00, 0x00, 0xa2, 0x05, 0x00, 0x00,
    0x85, 0x04, 0x00, 0x00, 0x41, 0x00, 0x05, 0x00, 0x48, 0x00,
    0x00, 0x00, 0xa3, 0x05, 0x00, 0x00, 0x92, 0x04, 0x00, 0x00,
    0xc4, 0x00, 0x00, 0x00, 0x3d, 0x00, 0x04, 0x00, 0x15, 0x00,
    0x00, 0x00, 0xa4, 0x05, 0x00, 0x00, 0xa3, 0x05, 0x00, 0x00,
    0x80, 0x00, 0x05, 0x00, 0x15, 0x00, 0x00, 0x00, 0xa5, 0x05,
    0x00, 0x00, 0xa2, 0x05, 0x00, 0x00, 0xa4, 0x05, 0x00, 0x00,
    0x6f, 0x00, 0x04, 0x00, 0x06, 0x00, 0x00, 0x00, 0xa6, 0x05,
    0x00, 0x00, 0xa5, 0x05, 0x00, 0x00, 0x41, 0x00, 0x05, 0x00,
    0x2a, 0x00, 0x00, 0x00, 0xa7, 0x05, 0x00, 0x00, 0x36, 0x05,
    0x00, 0x00, 0xe5, 0x00, 0x00, 0x00, 0x3d, 0x00, 0x04, 0x00,
    0x06, 0x00, 0x00, 0x00, 0xa8, 0x05, 0x00, 0x00, 0xa7, 0x05,
    0x00, 0x00, 0x50, 0x00, 0x05, 0x00, 0x14, 0x00, 0x00, 0x00,
    0xa9, 0x05, 0x00, 0x00, 0xa6, 0x05, 0x00, 0x00, 0xa8, 0x05,
    0x00, 0x00, 0x41, 0x00, 0x05, 0x00, 0xa7, 0x00, 0x00, 0x00,
    0xaa, 0x05, 0x00, 0x00, 0x75, 0x04, 0x00, 0x00, 0xa1, 0x05,
    0x00, 0x00, 0x3e, 0x00, 0x03, 0x00, 0xaa, 0x05, 0x00, 0x00,
    0xa9, 0x05, 0x00, 0x00, 0xf9, 0x00, 0x02, 0x00, 0x9f, 0x05,
    0x00, 0x00, 0xf8, 0x00, 0x02, 0x00, 0x9f, 0x05, 0x00, 0x00,
    0xf9, 0x00, 0x02, 0x00, 0x92, 0x05, 0x00, 0x00, 0xf8, 0x00,
    0x02, 0x00, 0x92, 0x05, 0x00, 0x00, 0xf9, 0x00, 0x02, 0x00,
    0x5e, 0x05, 0x00, 0x00, 0xf8, 0x00, 0x02, 0x00, 0x5e, 0x05,
    0x00, 0x00, 0xf9, 0x00, 0x02, 0x00, 0xb3, 0x04, 0x00, 0x00,
    0xf8, 0x00, 0x02, 0x00, 0xb3, 0x04, 0x00, 0x00, 0xf9, 0x00,
    0x02, 0x00, 0x80, 0x04, 0x00, 0x00, 0xf8, 0x00, 0x02, 0x00,
    0x80, 0x04, 0x00, 0x00, 0xf9, 0x00, 0x02, 0x00, 0x7d, 0x04,
    0x00, 0x00, 0xf8, 0x00, 0x02, 0x00, 0x7f, 0x04, 0x00, 0x00,
    0x41, 0x00, 0x05, 0x00, 0x2a, 0x00, 0x00, 0x00, 0xab, 0x05,
    0x00, 0x00, 0x63, 0x00, 0x00, 0x00, 0x87, 0x00, 0x00, 0x00,
    0x3d, 0x00, 0x04, 0x00, 0x06, 0x00, 0x00, 0x00, 0xac, 0x05,
    0x00, 0x00, 0xab, 0x05, 0x00, 0x00, 0x3d, 0x00, 0x04, 0x00,
    0x06, 0x00, 0x00, 0x00, 0xad, 0x05, 0x00, 0x00, 0x62, 0x04,
    0x00, 0x00, 0xb8, 0x00, 0x05, 0x00, 0x16, 0x00, 0x00, 0x00,
    0xae, 0x05, 0x00, 0x00, 0xac, 0x05, 0x00, 0x00, 0xad, 0x05,
    0x00, 0x00, 0xf7, 0x00, 0x03, 0x00, 0xb0, 0x05, 0x00, 0x00,
    0x00, 0x00, 0x00, 0x00, 0xfa, 0x00, 0x04, 0x00, 0xae, 0x05,
    0x00, 0x00, 0xaf, 0x05, 0x00, 0x00, 0xb0, 0x05, 0x00, 0x00,
    0xf8, 0x00, 0x02, 0x00, 0xaf, 0x05, 0x00, 0x00, 0x41, 0x00,
    0x05, 0x00, 0x08, 0x00, 0x00, 0x00, 0xb2, 0x05, 0x00, 0x00,
    0x63, 0x00, 0x00, 0x00, 0xb0, 0x00, 0x00, 0x00, 0x3d, 0x00,
    0x04, 0x00, 0x07, 0x00, 0x00, 0x00, 0xb3, 0x05, 0x00, 0x00,
    0xb2, 0x05, 0x00, 0x00, 0x3e, 0x00, 0x03, 0x00, 0xb1, 0x05,
    0x00, 0x00, 0xb3, 0x05, 0x00, 0x00, 0x41, 0x00, 0x05, 0x00,
    0x32, 0x00, 0x00, 0x00, 0xb5, 0x05, 0x00, 0x00, 0x60, 0x00,
    0x00, 0x00, 0x87, 0x00, 0x00, 0x00, 0x3d, 0x00, 0x04, 0x00,
    0x31, 0x00, 0x00, 0x00, 0xb6, 0x05, 0x00, 0x00, 0xb5, 0x05,
    0x00, 0x00, 0x3e, 0x00, 0x03, 0x00, 0xb4, 0x05, 0x00, 0x00,
    0xb6, 0x05, 0x00, 0x00, 0x3e, 0x00, 0x03, 0x00, 0xb7, 0x05,
    0x00, 0x00, 0xf3, 0x03, 0x00, 0x00, 0x39, 0x00, 0x07, 0x00,
    0x07, 0x00, 0x00, 0x00, 0xb8, 0x05, 0x00, 0x00, 0x38, 0x00,
    0x00, 0x00, 0xb1, 0x05, 0x00, 0x00, 0xb4, 0x05, 0x00, 0x00,
    0xb7, 0x05, 0x00, 0x00, 0x41, 0x00, 0x05, 0x00, 0x08, 0x00,
    0x00, 0x00, 0xb9, 0x05, 0x00, 0x00, 0x63, 0x00, 0x00, 0x00,
    0xb0, 0x00, 0x00, 0x00, 0x3e, 0x00, 0x03, 0x00, 0xb9, 0x05,
    0x00, 0x00, 0xb8, 0x05, 0x00, 0x00, 0x41, 0x00, 0x05, 0x00,
    0x08, 0x00, 0x00, 0x00, 0xba, 0x05, 0x00, 0x00, 0x63, 0x00,
    0x00, 0x00, 0xb0, 0x00, 0x00, 0x00, 0x3d, 0x00, 0x04, 0x00,
    0x07, 0x00, 0x00, 0x00, 0xbb, 0x05, 0x00, 0x00, 0xba, 0x05,
    0x00, 0x00, 0x3d, 0x00, 0x04, 0x00, 0x07, 0x00, 0x00, 0x00,
    0xbc, 0x05, 0x00, 0x00, 0x3b, 0x04, 0x00, 0x00, 0x83, 0x00,
    0x05, 0x00, 0x07, 0x00, 0x00, 0x00, 0xbd, 0x05, 0x00, 0x00,
    0xbb, 0x05, 0x00, 0x00, 0xbc, 0x05, 0x00, 0x00, 0x0c, 0x00,
    0x06, 0x00, 0x06, 0x00, 0x00, 0x00, 0xbe, 0x05, 0x00, 0x00,
    0x01, 0x00, 0x00, 0x00, 0x42, 0x00, 0x00, 0x00, 0xbd, 0x05,
    0x00, 0x00, 0x41, 0x00, 0x05, 0x00, 0x2a, 0x00, 0x00, 0x00,
    0xbf, 0x05, 0x00, 0x00, 0x63, 0x00, 0x00, 0x00, 0x87, 0x00,
    0x00, 0x00, 0x3e, 0x00, 0x03, 0x00, 0xbf, 0x05, 0x00, 0x00,
    0xbe, 0x05, 0x00, 0x00, 0x41, 0x00, 0x05, 0x00, 0x08, 0x00,
    0x00, 0x00, 0xc1, 0x05, 0x00, 0x00, 0x63, 0x00, 0x00, 0x00,
    0x1a, 0x01, 0x00, 0x00, 0x3d, 0x00, 0x04, 0x00, 0x07, 0x00,
    0x00, 0x00, 0xc2, 0x05, 0x00, 0x00, 0xc1, 0x05, 0x00, 0x00,
    0x3e, 0x00, 0x03, 0x00, 0xc0, 0x05, 0x00, 0x00, 0xc2, 0x05,
    0x00, 0x00, 0x41, 0x00, 0x05, 0x00, 0x32, 0x00, 0x00, 0x00,
    0xc4, 0x05, 0x00, 0x00, 0x60, 0x00, 0x00, 0x00, 0x87, 0x00,
    0x00, 0x00, 0x3d, 0x00, 0x04, 0x00, 0x31, 0x00, 0x00, 0x00,
    0xc5, 0x05, 0x00, 0x00, 0xc4, 0x05, 0x00, 0x00, 0x3e, 0x00,
    0x03, 0x00, 0xc3, 0x05, 0x00, 0x00, 0xc5, 0x05, 0x00, 0x00,
    0x3e, 0x00, 0x03, 0x00, 0xc6, 0x05, 0x00, 0x00, 0x46, 0x03,
    0x00, 0x00, 0x39, 0x00, 0x07, 0x00, 0x07, 0x00, 0x00, 0x00,
    0xc7, 0x05, 0x00, 0x00, 0x38, 0x00, 0x00, 0x00, 0xc0, 0x05,
    0x00, 0x00, 0xc3, 0x05, 0x00, 0x00, 0xc6, 0x05, 0x00, 0x00,
    0x0c, 0x00, 0x06, 0x00, 0x07, 0x00, 0x00, 0x00, 0xc8, 0x05,
    0x00, 0x00, 0x01, 0x00, 0x00, 0x00, 0x45, 0x00, 0x00, 0x00,
    0xc7, 0x05, 0x00, 0x00, 0x41, 0x00, 0x05, 0x00, 0x08, 0x00,
    0x00, 0x00, 0xc9, 0x05, 0x00, 0x00, 0x63, 0x00, 0x00, 0x00,
    0x1a, 0x01, 0x00, 0x00, 0x3e, 0x00, 0x03, 0x00, 0xc9, 0x05,
    0x00, 0x00, 0xc8, 0x05, 0x00, 0x00, 0x41, 0x00, 0x05, 0x00,
    0x08, 0x00, 0x00, 0x00, 0xcb, 0x05, 0x00, 0x00, 0x63, 0x00,
    0x00, 0x00, 0xc4, 0x00, 0x00, 0x00, 0x3d, 0x00, 0x04, 0x00,
    0x07, 0x00, 0x00, 0x00, 0xcc, 0x05, 0x00, 0x00, 0xcb, 0x05,
    0x00, 0x00, 0x3e, 0x00, 0x03, 0x00, 0xca, 0x05, 0x00, 0x00,
    0xcc, 0x05, 0x00, 0x00, 0x41, 0x00, 0x05, 0x00, 0x32, 0x00,
    0x00, 0x00, 0xce, 0x05, 0x00, 0x00, 0x60, 0x00, 0x00, 0x00,
    0x87, 0x00, 0x00, 0x00, 0x3d, 0x00, 0x04, 0x00, 0x31, 0x00,
    0x00, 0x00, 0xcf, 0x05, 0x00, 0x00, 0xce, 0x05, 0x00, 0x00,
    0x3e, 0x00, 0x03, 0x00, 0xcd, 0x05, 0x00, 0x00, 0xcf, 0x05,
    0x00, 0x00, 0x3e, 0x00, 0x03, 0x00, 0xd0, 0x05, 0x00, 0x00,
    0x46, 0x03, 0x00, 0x00, 0x39, 0x00, 0x07, 0x00, 0x07, 0x00,
    0x00, 0x00, 0xd1, 0x05, 0x00, 0x00, 0x38, 0x00, 0x00, 0x00,
    0xca, 0x05, 0x00, 0x00, 0xcd, 0x05, 0x00, 0x00, 0xd0, 0x05,
    0x00, 0x00, 0x0c, 0x00, 0x06, 0x00, 0x07, 0x00, 0x00, 0x00,
    0xd2, 0x05, 0x00, 0x00, 0x01, 0x00, 0x00, 0x00, 0x45, 0x00,
    0x00, 0x00, 0xd1, 0x05, 0x00, 0x00, 0x41, 0x00, 0x05, 0x00,
    0x08, 0x00, 0x00, 0x00, 0xd3, 0x05, 0x00, 0x00, 0x63, 0x00,
    0x00, 0x00, 0xc4, 0x00, 0x00, 0x00, 0x3e, 0x00, 0x03, 0x00,
    0xd3, 0x05, 0x00, 0x00, 0xd2, 0x05, 0x00, 0x00, 0x41, 0x00,
    0x05, 0x00, 0x08, 0x00, 0x00, 0x00, 0xd5, 0x05, 0x00, 0x00,
    0x63, 0x00, 0x00, 0x00, 0x4b, 0x01, 0x00, 0x00, 0x3d, 0x00,
    0x04, 0x00, 0x07, 0x00, 0x00, 0x00, 0xd6, 0x05, 0x00, 0x00,
    0xd5, 0x05, 0x00, 0x00, 0x3e, 0x00, 0x03, 0x00, 0xd4, 0x05,
    0x00, 0x00, 0xd6, 0x05, 0x00, 0x00, 0x41, 0x00, 0x05, 0x00,
    0x32, 0x00, 0x00, 0x00, 0xd8, 0x05, 0x00, 0x00, 0x60, 0x00,
    0x00, 0x00, 0x87, 0x00, 0x00, 0x00, 0x3d, 0x00, 0x04, 0x00,
    0x31, 0x00, 0x00, 0x00, 0xd9, 0x05, 0x00, 0x00, 0xd8, 0x05,
    0x00, 0x00, 0x3e, 0x00, 0x03, 0x00, 0xd7, 0x05, 0x00, 0x00,
    0xd9, 0x05, 0x00, 0x00, 0x3e, 0x00, 0x03, 0x00, 0xda, 0x05,
    0x00, 0x00, 0x46, 0x03, 0x00, 0x00, 0x39, 0x00, 0x07, 0x00,
    0x07, 0x00, 0x00, 0x00, 0xdb, 0x05, 0x00, 0x00, 0x38, 0x00,
    0x00, 0x00, 0xd4, 0x05, 0x00, 0x00, 0xd7, 0x05, 0x00, 0x00,
    0xda, 0x05, 0x00, 0x00, 0x0c, 0x00, 0x06, 0x00, 0x07, 0x00,
    0x00, 0x00, 0xdc, 0x05, 0x00, 0x00, 0x01, 0x00, 0x00, 0x00,
    0x45, 0x00, 0x00, 0x00, 0xdb, 0x05, 0x00, 0x00, 0x41, 0x00,
    0x05, 0x00, 0x08, 0x00, 0x00, 0x00, 0xdd, 0x05, 0x00, 0x00,
    0x63, 0x00, 0x00, 0x00, 0x4b, 0x01, 0x00, 0x00, 0x3e, 0x00,
    0x03, 0x00, 0xdd, 0x05, 0x00, 0x00, 0xdc, 0x05, 0x00, 0x00,
    0xfe, 0x00, 0x02, 0x00, 0xf3, 0x03, 0x00, 0x00, 0xf8, 0x00,
    0x02, 0x00, 0xb0, 0x05, 0x00, 0x00, 0xfe, 0x00, 0x02, 0x00,
    0x46, 0x03, 0x00, 0x00, 0x38, 0x00, 0x01, 0x00, 0x36, 0x00,
    0x05, 0x00, 0x16, 0x00, 0x00, 0x00, 0x6b, 0x00, 0x00, 0x00,
    0x00, 0x00, 0x00, 0x00, 0x66, 0x00, 0x00, 0x00, 0x37, 0x00,
    0x03, 0x00, 0x0e, 0x00, 0x00, 0x00, 0x67, 0x00, 0x00, 0x00,
    0x37, 0x00, 0x03, 0x00, 0x2a, 0x00, 0x00, 0x00, 0x68, 0x00,
    0x00, 0x00, 0x37, 0x00, 0x03, 0x00, 0x2a, 0x00, 0x00, 0x00,
    0x69, 0x00, 0x00, 0x00, 0x37, 0x00, 0x03, 0x00, 0x18, 0x00,
    0x00, 0x00, 0x6a, 0x00, 0x00, 0x00, 0xf8, 0x00, 0x02, 0x00,
    0x6c, 0x00, 0x00, 0x00, 0x3b, 0x00, 0x04, 0x00, 0x48, 0x00,
    0x00, 0x00, 0xe3, 0x05, 0x00, 0x00, 0x07, 0x00, 0x00, 0x00,
    0x3b, 0x00, 0x04, 0x00, 0x48, 0x00, 0x00, 0x00, 0xf1, 0x05,
    0x00, 0x00, 0x07, 0x00, 0x00, 0x00, 0x3b, 0x00, 0x04, 0x00,
    0x2a, 0x00, 0x00, 0x00, 0xf6, 0x05, 0x00, 0x00, 0x07, 0x00,
    0x00, 0x00, 0x3b, 0x00, 0x04, 0x00, 0x91, 0x04, 0x00, 0x00,
    0xfb, 0x05, 0x00, 0x00, 0x07, 0x00, 0x00, 0x00, 0x3b, 0x00,
    0x04, 0x00, 0x48, 0x00, 0x00, 0x00, 0x1b, 0x06, 0x00, 0x00,
    0x07, 0x00, 0x00, 0x00, 0x3b, 0x00, 0x04, 0x00, 0x48, 0x00,
    0x00, 0x00, 0x1e, 0x06, 0x00, 0x00, 0x07, 0x00, 0x00, 0x00,
    0x3b, 0x00, 0x04, 0x00, 0x5d, 0x00, 0x00, 0x00, 0x2b, 0x06,
    0x00, 0x00, 0x07, 0x00, 0x00, 0x00, 0x3b, 0x00, 0x04, 0x00,
    0x18, 0x00, 0x00, 0x00, 0x41, 0x06, 0x00, 0x00, 0x07, 0x00,
    0x00, 0x00, 0x3b, 0x00, 0x04, 0x00, 0x0e, 0x00, 0x00, 0x00,
    0x42, 0x06, 0x00, 0x00, 0x07, 0x00, 0x00, 0x00, 0x3b, 0x00,
    0x04, 0x00, 0x5d, 0x00, 0x00, 0x00, 0x44, 0x06, 0x00, 0x00,
    0x07, 0x00, 0x00, 0x00, 0x3b, 0x00, 0x04, 0x00, 0x2a, 0x00,
    0x00, 0x00, 0x46, 0x06, 0x00, 0x00, 0x07, 0x00, 0x00, 0x00,
    0x3b, 0x00, 0x04, 0x00, 0x2a, 0x00, 0x00, 0x00, 0x48, 0x06,
    0x00, 0x00, 0x07, 0x00, 0x00, 0x00, 0x3b, 0x00, 0x04, 0x00,
    0x18, 0x00, 0x00, 0x00, 0x4b, 0x06, 0x00, 0x00, 0x07, 0x00,
    0x00, 0x00, 0x3b, 0x00, 0x04, 0x00, 0x91, 0x04, 0x00, 0x00,
    0x54, 0x06, 0x00, 0x00, 0x07, 0x00, 0x00, 0x00, 0x3b, 0x00,
    0x04, 0x00, 0x91, 0x04, 0x00, 0x00, 0x65, 0x06, 0x00, 0x00,
    0x07, 0x00, 0x00, 0x00, 0x3b, 0x00, 0x04, 0x00, 0x33, 0x00,
    0x00, 0x00, 0x78, 0x06, 0x00, 0x00, 0x07, 0x00, 0x00, 0x00,
    0x3b, 0x00, 0x04, 0x00, 0x40, 0x01, 0x00, 0x00, 0x79, 0x06,
    0x00, 0x00, 0x07, 0x00, 0x00, 0x00, 0x3b, 0x00, 0x04, 0x00,
    0x0e, 0x00, 0x00, 0x00, 0x7a, 0x06, 0x00, 0x00, 0x07, 0x00,
    0x00, 0x00, 0x3b, 0x00, 0x04, 0x00, 0x08, 0x00, 0x00, 0x00,
    0x7c, 0x06, 0x00, 0x00, 0x07, 0x00, 0x00, 0x00, 0x3b, 0x00,
    0x04, 0x00, 0x08, 0x00, 0x00, 0x00, 0x80, 0x06, 0x00, 0x00,
    0x07, 0x00, 0x00, 0x00, 0x3b, 0x00, 0x04, 0x00, 0x2a, 0x00,
    0x00, 0x00, 0x84, 0x06, 0x00, 0x00, 0x07, 0x00, 0x00, 0x00,
    0x3b, 0x00, 0x04, 0x00, 0x2a, 0x00, 0x00, 0x00, 0x85, 0x06,
    0x00, 0x00, 0x07, 0x00, 0x00, 0x00, 0x3b, 0x00, 0x04, 0x00,
    0x33, 0x00, 0x00, 0x00, 0x8b, 0x06, 0x00, 0x00, 0x07, 0x00,
    0x00, 0x00, 0x3b, 0x00, 0x04, 0x00, 0x0e, 0x00, 0x00, 0x00,
    0x8c, 0x06, 0x00, 0x00, 0x07, 0x00, 0x00, 0x00, 0x3b, 0x00,
    0x04, 0x00, 0x08, 0x00, 0x00, 0x00, 0x8e, 0x06, 0x00, 0x00,
    0x07, 0x00, 0x00, 0x00, 0x3b, 0x00, 0x04, 0x00, 0x08, 0x00,
    0x00, 0x00, 0x92, 0x06, 0x00, 0x00, 0x07, 0x00, 0x00, 0x00,
    0x3b, 0x00, 0x04, 0x00, 0x2a, 0x00, 0x00, 0x00, 0x96, 0x06,
    0x00, 0x00, 0x07, 0x00, 0x00, 0x00, 0x3b, 0x00, 0x04, 0x00,
    0x2a, 0x00, 0x00, 0x00, 0x97, 0x06, 0x00, 0x00, 0x07, 0x00,
    0x00, 0x00, 0x3b, 0x00, 0x04, 0x00, 0x5f, 0x05, 0x00, 0x00,
    0xa2, 0x06, 0x00, 0x00, 0x07, 0x00, 0x00, 0x00, 0x3d, 0x00,
    0x04, 0x00, 0x06, 0x00, 0x00, 0x00, 0xe1, 0x05, 0x00, 0x00,
    0x69, 0x00, 0x00, 0x00, 0x41, 0x00, 0x05, 0x00, 0x2a, 0x00,
    0x00, 0x00, 0xe2, 0x05, 0x00, 0x00, 0x6a, 0x00, 0x00, 0x00,
    0x87, 0x00, 0x00, 0x00, 0x3e, 0x00, 0x03, 0x00, 0xe2, 0x05,
    0x00, 0x00, 0xe1, 0x05, 0x00, 0x00, 0x3d, 0x00, 0x04, 0x00,
    0x15, 0x00, 0x00, 0x00, 0xe4, 0x05, 0x00, 0x00, 0x86, 0x00,
    0x00, 0x00, 0x3e, 0x00, 0x03, 0x00, 0xe3, 0x05, 0x00, 0x00,
    0xe4, 0x05, 0x00, 0x00, 0x3d, 0x00, 0x04, 0x00, 0x15, 0x00,
    0x00, 0x00, 0xe5, 0x05, 0x00, 0x00, 0x86, 0x00, 0x00, 0x00,
    0x80, 0x00, 0x05, 0x00, 0x15, 0x00, 0x00, 0x00, 0xe6, 0x05,
    0x00, 0x00, 0xe5, 0x05, 0x00, 0x00, 0xb0, 0x00, 0x00, 0x00,
    0x3e, 0x00, 0x03, 0x00, 0x86, 0x00, 0x00, 0x00, 0xe6, 0x05,
    0x00, 0x00, 0x41, 0x00, 0x05, 0x00, 0xa7, 0x00, 0x00, 0x00,
    0xe8, 0x05, 0x00, 0x00, 0x75, 0x04, 0x00, 0x00, 0xe6, 0x05,
    0x00, 0x00, 0x3e, 0x00, 0x03, 0x00, 0xe8, 0x05, 0x00, 0x00,
    0xe7, 0x05, 0x00, 0x00, 0xf9, 0x00, 0x02, 0x00, 0xe9, 0x05,
    0x00, 0x00, 0xf8, 0x00, 0x02, 0x00, 0xe9, 0x05, 0x00, 0x00,
    0xf6, 0x00, 0x04, 0x00, 0xeb, 0x05, 0x00, 0x00, 0xec, 0x05,
    0x00, 0x00, 0x00, 0x00, 0x00, 0x00, 0xf9, 0x00, 0x02, 0x00,
    0xed, 0x05, 0x00, 0x00, 0xf8, 0x00, 0x02, 0x00, 0xed, 0x05,
    0x00, 0x00, 0x3d, 0x00, 0x04, 0x00, 0x15, 0x00, 0x00, 0x00,
    0xee, 0x05, 0x00, 0x00, 0x86, 0x00, 0x00, 0x00, 0x3d, 0x00,
    0x04, 0x00, 0x15, 0x00, 0x00, 0x00, 0xef, 0x05, 0x00, 0x00,
    0xe3, 0x05, 0x00, 0x00, 0xad, 0x00, 0x05, 0x00, 0x16, 0x00,
    0x00, 0x00, 0xf0, 0x05, 0x00, 0x00, 0xee, 0x05, 0x00, 0x00,
    0xef, 0x05, 0x00, 0x00, 0xfa, 0x00, 0x04, 0x00, 0xf0, 0x05,
    0x00, 0x00, 0xea, 0x05, 0x00, 0x00, 0xeb, 0x05, 0x00, 0x00,
    0xf8, 0x00, 0x02, 0x00, 0xea, 0x05, 0x00, 0x00, 0x3d, 0x00,
    0x04, 0x00, 0x15, 0x00, 0x00, 0x00, 0xf2, 0x05, 0x00, 0x00,
    0x86, 0x00, 0x00, 0x00, 0x41, 0x00, 0x06, 0x00, 0x87, 0x04,
    0x00, 0x00, 0xf3, 0x05, 0x00, 0x00, 0x75, 0x04, 0x00, 0x00,
    0xf2, 0x05, 0x00, 0x00, 0xa9, 0x00, 0x00, 0x00, 0x3d, 0x00,
    0x04, 0x00, 0x06, 0x00, 0x00, 0x00, 0xf4, 0x05, 0x00, 0x00,
    0xf3, 0x05, 0x00, 0x00, 0x6e, 0x00, 0x04, 0x00, 0x15, 0x00,
    0x00, 0x00, 0xf5, 0x05, 0x00, 0x00, 0xf4, 0x05, 0x00, 0x00,
    0x3e, 0x00, 0x03, 0x00, 0xf1, 0x05, 0x00, 0x00, 0xf5, 0x05,
    0x00, 0x00, 0x3d, 0x00, 0x04, 0x00, 0x15, 0x00, 0x00, 0x00,
    0xf7, 0x05, 0x00, 0x00, 0x86, 0x00, 0x00, 0x00, 0x82, 0x00,
    0x05, 0x00, 0x15, 0x00, 0x00, 0x00, 0xf8, 0x05, 0x00, 0x00,
    0xf7, 0x05, 0x00, 0x00, 0xb0, 0x00, 0x00, 0x00, 0x3e, 0x00,
    0x03, 0x00, 0x86, 0x00, 0x00, 0x00, 0xf8, 0x05, 0x00, 0x00,
    0x41, 0x00, 0x06, 0x00, 0x87, 0x04, 0x00, 0x00, 0xf9, 0x05,
    0x00, 0x00, 0x75, 0x04, 0x00, 0x00, 0xf7, 0x05, 0x00, 0x00,
    0xad, 0x00, 0x00, 0x00, 0x3d, 0x00, 0x04, 0x00, 0x06, 0x00,
    0x00, 0x00, 0xfa, 0x05, 0x00, 0x00, 0xf9, 0x05, 0x00, 0x00,
    0x3e, 0x00, 0x03, 0x00, 0xf6, 0x05, 0x00, 0x00, 0xfa, 0x05,
    0x00, 0x00, 0x3d, 0x00, 0x04, 0x00, 0x15, 0x00, 0x00, 0x00,
    0x00, 0x06, 0x00, 0x00, 0xf1, 0x05, 0x00, 0x00, 0x41, 0x00,
    0x06, 0x00, 0x99, 0x04, 0x00, 0x00, 0x01, 0x06, 0x00, 0x00,
    0xff, 0x05, 0x00, 0x00, 0x87, 0x00, 0x00, 0x00, 0x00, 0x06,
    0x00, 0x00, 0x3d, 0x00, 0x04, 0x00, 0x93, 0x04, 0x00, 0x00,
    0x02, 0x06, 0x00, 0x00, 0x01, 0x06, 0x00, 0x00, 0x51, 0x00,
    0x05, 0x00, 0x0f, 0x00, 0x00, 0x00, 0x03, 0x06, 0x00, 0x00,
    0x02, 0x06, 0x00, 0x00, 0x00, 0x00, 0x00, 0x00, 0x41, 0x00,
    0x05, 0x00, 0x40, 0x01, 0x00, 0x00, 0x04, 0x06, 0x00, 0x00,
    0xfb, 0x05, 0x00, 0x00, 0x87, 0x00, 0x00, 0x00, 0x3e, 0x00,
    0x03, 0x00, 0x04, 0x06, 0x00, 0x00, 0x03, 0x06, 0x00, 0x00,
    0x51, 0x00, 0x05, 0x00, 0x0f, 0x00, 0x00, 0x00, 0x05, 0x06,
    0x00, 0x00, 0x02, 0x06, 0x00, 0x00, 0x01, 0x00, 0x00, 0x00,
    0x41, 0x00, 0x05, 0x00, 0x40, 0x01, 0x00, 0x00, 0x06, 0x06,
    0x00, 0x00, 0xfb, 0x05, 0x00, 0x00, 0xb0, 0x00, 0x00, 0x00,
    0x3e, 0x00, 0x03, 0x00, 0x06, 0x06, 0x00, 0x00, 0x05, 0x06,
    0x00, 0x00, 0x51, 0x00, 0x05, 0x00, 0x15, 0x00, 0x00, 0x00,
    0x07, 0x06, 0x00, 0x00, 0x02, 0x06, 0x00, 0x00, 0x02, 0x00,
    0x00, 0x00, 0x41, 0x00, 0x05, 0x00, 0x48, 0x00, 0x00, 0x00,
    0x08, 0x06, 0x00, 0x00, 0xfb, 0x05, 0x00, 0x00, 0xc0, 0x00,
    0x00, 0x00, 0x3e, 0x00, 0x03, 0x00, 0x08, 0x06, 0x00, 0x00,
    0x07, 0x06, 0x00, 0x00, 0x51, 0x00, 0x05, 0x00, 0x15, 0x00,
    0x00, 0x00, 0x09, 0x06, 0x00, 0x00, 0x02, 0x06, 0x00, 0x00,
    0x03, 0x00, 0x00, 0x00, 0x41, 0x00, 0x05, 0x00, 0x48, 0x00,
    0x00, 0x00, 0x0a, 0x06, 0x00, 0x00, 0xfb, 0x05, 0x00, 0x00,
    0x1a, 0x01, 0x00, 0x00, 0x3e, 0x00, 0x03, 0x00, 0x0a, 0x06,
    0x00, 0x00, 0x09, 0x06, 0x00, 0x00, 0x51, 0x00, 0x05, 0x00,
    0x15, 0x00, 0x00, 0x00, 0x0b, 0x06, 0x00, 0x00, 0x02, 0x06,
    0x00, 0x00, 0x04, 0x00, 0x00, 0x00, 0x41, 0x00, 0x05, 0x00,
    0x48, 0x00, 0x00, 0x00, 0x0c, 0x06, 0x00, 0x00, 0xfb, 0x05,
    0x00, 0x00, 0xc4, 0x00, 0x00, 0x00, 0x3e, 0x00, 0x03, 0x00,
    0x0c, 0x06, 0x00, 0x00, 0x0b, 0x06, 0x00, 0x00, 0x51, 0x00,
    0x05, 0x00, 0x15, 0x00, 0x00, 0x00, 0x0d, 0x06, 0x00, 0x00,
    0x02, 0x06, 0x00, 0x00, 0x05, 0x00, 0x00, 0x00, 0x41, 0x00,
    0x05, 0x00, 0x48, 0x00, 0x00, 0x00, 0x0e, 0x06, 0x00, 0x00,
    0xfb, 0x05, 0x00, 0x00, 0x4b, 0x01, 0x00, 0x00, 0x3e, 0x00,
    0x03, 0x00, 0x0e, 0x06, 0x00, 0x00, 0x0d, 0x06, 0x00, 0x00,
    0x3d, 0x00, 0x04, 0x00, 0x06, 0x00, 0x00, 0x00, 0x0f, 0x06,
    0x00, 0x00, 0xf6, 0x05, 0x00, 0x00, 0x41, 0x00, 0x05, 0x00,
    0x2a, 0x00, 0x00, 0x00, 0x10, 0x06, 0x00, 0x00, 0x6a, 0x00,
    0x00, 0x00, 0x87, 0x00, 0x00, 0x00, 0x3d, 0x00, 0x04, 0x00,
    0x06, 0x00, 0x00, 0x00, 0x11, 0x06, 0x00, 0x00, 0x10, 0x06,
    0x00, 0x00, 0xba, 0x00, 0x05, 0x00, 0x16, 0x00, 0x00, 0x00,
    0x12, 0x06, 0x00, 0x00, 0x0f, 0x06, 0x00, 0x00, 0x11, 0x06,
    0x00, 0x00, 0xf7, 0x00, 0x03, 0x00, 0x14, 0x06, 0x00, 0x00,
    0x00, 0x00, 0x00, 0x00, 0xfa, 0x00, 0x04, 0x00, 0x12, 0x06,
    0x00, 0x00, 0x13, 0x06, 0x00, 0x00, 0x14, 0x06, 0x00, 0x00,
    0xf8, 0x00, 0x02, 0x00, 0x13, 0x06, 0x00, 0x00, 0xf9, 0x00,
    0x02, 0x00, 0xec, 0x05, 0x00, 0x00, 0xf8, 0x00, 0x02, 0x00,
    0x14, 0x06, 0x00, 0x00, 0x41, 0x00, 0x05, 0x00, 0x48, 0x00,
    0x00, 0x00, 0x16, 0x06, 0x00, 0x00, 0xfb, 0x05, 0x00, 0x00,
    0xc4, 0x00, 0x00, 0x00, 0x3d, 0x00, 0x04, 0x00, 0x15, 0x00,
    0x00, 0x00, 0x17, 0x06, 0x00, 0x00, 0x16, 0x06, 0x00, 0x00,
    0xaa, 0x00, 0x05, 0x00, 0x16, 0x00, 0x00, 0x00, 0x18, 0x06,
    0x00, 0x00, 0x17, 0x06, 0x00, 0x00, 0x87, 0x00, 0x00, 0x00,
    0xf7, 0x00, 0x03, 0x00, 0x1a, 0x06, 0x00, 0x00, 0x00, 0x00,
    0x00, 0x00, 0xfa, 0x00, 0x04, 0x00, 0x18, 0x06, 0x00, 0x00,
    0x19, 0x06, 0x00, 0x00, 0x53, 0x06, 0x00, 0x00, 0xf8, 0x00,
    0x02, 0x00, 0x19, 0x06, 0x00, 0x00, 0x41, 0x00, 0x05, 0x00,
    0x48, 0x00, 0x00, 0x00, 0x1c, 0x06, 0x00, 0x00, 0xfb, 0x05,
    0x00, 0x00, 0xc0, 0x00, 0x00, 0x00, 0x3d, 0x00, 0x04, 0x00,
    0x15, 0x00, 0x00, 0x00, 0x1d, 0x06, 0x00, 0x00, 0x1c, 0x06,
    0x00, 0x00, 0x3e, 0x00, 0x03, 0x00, 0x1b, 0x06, 0x00, 0x00,
    0x1d, 0x06, 0x00, 0x00, 0x3d, 0x00, 0x04, 0x00, 0x15, 0x00,
    0x00, 0x00, 0x1f, 0x06, 0x00, 0x00, 0x1b, 0x06, 0x00, 0x00,
    0x41, 0x00, 0x05, 0x00, 0x48, 0x00, 0x00, 0x00, 0x20, 0x06,
    0x00, 0x00, 0xfb, 0x05, 0x00, 0x00, 0x1a, 0x01, 0x00, 0x00,
    0x3d, 0x00, 0x04, 0x00, 0x15, 0x00, 0x00, 0x00, 0x21, 0x06,
    0x00, 0x00, 0x20, 0x06, 0x00, 0x00, 0x80, 0x00, 0x05, 0x00,
    0x15, 0x00, 0x00, 0x00, 0x22, 0x06, 0x00, 0x00, 0x1f, 0x06,
    0x00, 0x00, 0x21, 0x06, 0x00, 0x00, 0x3e, 0x00, 0x03, 0x00,
    0x1e, 0x06, 0x00, 0x00, 0x22, 0x06, 0x00, 0x00, 0xf9, 0x00,
    0x02, 0x00, 0x23, 0x06, 0x00, 0x00, 0xf8, 0x00, 0x02, 0x00,
    0x23, 0x06, 0x00, 0x00, 0xf6, 0x00, 0x04, 0x00, 0x25, 0x06,
    0x00, 0x00, 0x26, 0x06, 0x00, 0x00, 0x00, 0x00, 0x00, 0x00,
    0xf9, 0x00, 0x02, 0x00, 0x27, 0x06, 0x00, 0x00, 0xf8, 0x00,
    0x02, 0x00, 0x27, 0x06, 0x00, 0x00, 0x3d, 0x00, 0x04, 0x00,
    0x15, 0x00, 0x00, 0x00, 0x28, 0x06, 0x00, 0x00, 0x1b, 0x06,
    0x00, 0x00, 0x3d, 0x00, 0x04, 0x00, 0x15, 0x00, 0x00, 0x00,
    0x29, 0x06, 0x00, 0x00, 0x1e, 0x06, 0x00, 0x00, 0xb1, 0x00,
    0x05, 0x00, 0x16, 0x00, 0x00, 0x00, 0x2a, 0x06, 0x00, 0x00,
    0x28, 0x06, 0x00, 0x00, 0x29, 0x06, 0x00, 0x00, 0xfa, 0x00,
    0x04, 0x00, 0x2a, 0x06, 0x00, 0x00, 0x24, 0x06, 0x00, 0x00,
    0x25, 0x06, 0x00, 0x00, 0xf8, 0x00, 0x02, 0x00, 0x24, 0x06,
    0x00, 0x00, 0x3d, 0x00, 0x04, 0x00, 0x15, 0x00, 0x00, 0x00,
    0x31, 0x06, 0x00, 0x00, 0x1b, 0x06, 0x00, 0x00, 0x41, 0x00,
    0x06, 0x00, 0x32, 0x06, 0x00, 0x00, 0x33, 0x06, 0x00, 0x00,
    0x30, 0x06, 0x00, 0x00, 0x87, 0x00, 0x00, 0x00, 0x31, 0x06,
    0x00, 0x00, 0x3d, 0x00, 0x04, 0x00, 0x2c, 0x06, 0x00, 0x00,
    0x34, 0x06, 0x00, 0x00, 0x33, 0x06, 0x00, 0x00, 0x51, 0x00,
    0x05, 0x00, 0x31, 0x00, 0x00, 0x00, 0x35, 0x06, 0x00, 0x00,
    0x34, 0x06, 0x00, 0x00, 0x00, 0x00, 0x00, 0x00, 0x41, 0x00,
    0x05, 0x00, 0x32, 0x00, 0x00, 0x00, 0x36, 0x06, 0x00, 0x00,
    0x2b, 0x06, 0x00, 0x00, 0x87, 0x00, 0x00, 0x00, 0x3e, 0x00,
    0x03, 0x00, 0x36, 0x06, 0x00, 0x00, 0x35, 0x06, 0x00, 0x00,
    0x51, 0x00, 0x05, 0x00, 0x31, 0x00, 0x00, 0x00, 0x37, 0x06,
    0x00, 0x00, 0x34, 0x06, 0x00, 0x00, 0x01, 0x00, 0x00, 0x00,
    0x41, 0x00, 0x05, 0x00, 0x32, 0x00, 0x00, 0x00, 0x38, 0x06,
    0x00, 0x00, 0x2b, 0x06, 0x00, 0x00, 0xb0, 0x00, 0x00, 0x00,
    0x3e, 0x00, 0x03, 0x00, 0x38, 0x06, 0x00, 0x00, 0x37, 0x06,
    0x00, 0x00, 0x51, 0x00, 0x05, 0x00, 0x15, 0x00, 0x00, 0x00,
    0x39, 0x06, 0x00, 0x00, 0x34, 0x06, 0x00, 0x00, 0x02, 0x00,
    0x00, 0x00, 0x41, 0x00, 0x05, 0x00, 0x48, 0x00, 0x00, 0x00,
    0x3a, 0x06, 0x00, 0x00, 0x2b, 0x06, 0x00, 0x00, 0xc0, 0x00,
    0x00, 0x00, 0x3e, 0x00, 0x03, 0x00, 0x3a, 0x06, 0x00, 0x00,
    0x39, 0x06, 0x00, 0x00, 0x51, 0x00, 0x05, 0x00, 0x15, 0x00,
    0x00, 0x00, 0x3b, 0x06, 0x00, 0x00, 0x34, 0x06, 0x00, 0x00,
    0x03, 0x00, 0x00, 0x00, 0x41, 0x00, 0x05, 0x00, 0x48, 0x00,
    0x00, 0x00, 0x3c, 0x06, 0x00, 0x00, 0x2b, 0x06, 0x00, 0x00,
    0x1a, 0x01, 0x00, 0x00, 0x3e, 0x00, 0x03, 0x00, 0x3c, 0x06,
    0x00, 0x00, 0x3b, 0x06, 0x00, 0x00, 0x51, 0x00, 0x05, 0x00,
    0x15, 0x00, 0x00, 0x00, 0x3d, 0x06, 0x00, 0x00, 0x34, 0x06,
    0x00, 0x00, 0x04, 0x00, 0x00, 0x00, 0x41, 0x00, 0x05, 0x00,
    0x48, 0x00, 0x00, 0x00, 0x3e, 0x06, 0x00, 0x00, 0x2b, 0x06,
    0x00, 0x00, 0xc4, 0x00, 0x00, 0x00, 0x3e, 0x00, 0x03, 0x00,
    0x3e, 0x06, 0x00, 0x00, 0x3d, 0x06, 0x00, 0x00, 0x51, 0x00,
    0x05, 0x00, 0x15, 0x00, 0x00, 0x00, 0x3f, 0x06, 0x00, 0x00,
    0x34, 0x06, 0x00, 0x00, 0x05, 0x00, 0x00, 0x00, 0x41, 0x00,
    0x05, 0x00, 0x48, 0x00, 0x00, 0x00, 0x40, 0x06, 0x00, 0x00,
    0x2b, 0x06, 0x00, 0x00, 0x4b, 0x01, 0x00, 0x00, 0x3e, 0x00,
    0x03, 0x00, 0x40, 0x06, 0x00, 0x00, 0x3f, 0x06, 0x00, 0x00,
    0x3d, 0x00, 0x04, 0x00, 0x0d, 0x00, 0x00, 0x00, 0x43, 0x06,
    0x00, 0x00, 0x67, 0x00, 0x00, 0x00, 0x3e, 0x00, 0x03, 0x00,
    0x42, 0x06, 0x00, 0x00, 0x43, 0x06, 0x00, 0x00, 0x3d, 0x00,
    0x04, 0x00, 0x5c, 0x00, 0x00, 0x00, 0x45, 0x06, 0x00, 0x00,
    0x2b, 0x06, 0x00, 0x00, 0x3e, 0x00, 0x03, 0x00, 0x44, 0x06,
    0x00, 0x00, 0x45, 0x06, 0x00, 0x00, 0x3d, 0x00, 0x04, 0x00,
    0x06, 0x00, 0x00, 0x00, 0x47, 0x06, 0x00, 0x00, 0x68, 0x00,
    0x00, 0x00, 0x3e, 0x00, 0x03, 0x00, 0x46, 0x06, 0x00, 0x00,
    0x47, 0x06, 0x00, 0x00, 0x41, 0x00, 0x05, 0x00, 0x2a, 0x00,
    0x00, 0x00, 0x49, 0x06, 0x00, 0x00, 0x6a, 0x00, 0x00, 0x00,
    0x87, 0x00, 0x00, 0x00, 0x3d, 0x00, 0x04, 0x00, 0x06, 0x00,
    0x00, 0x00, 0x4a, 0x06, 0x00, 0x00, 0x49, 0x06, 0x00, 0x00,
    0x3e, 0x00, 0x03, 0x00, 0x48, 0x06, 0x00, 0x00, 0x4a, 0x06,
    0x00, 0x00, 0x39, 0x00, 0x09, 0x00, 0x16, 0x00, 0x00, 0x00,
    0x4c, 0x06, 0x00, 0x00, 0x64, 0x00, 0x00, 0x00, 0x42, 0x06,
    0x00, 0x00, 0x44, 0x06, 0x00, 0x00, 0x46, 0x06, 0x00, 0x00,
    0x48, 0x06, 0x00, 0x00, 0x4b, 0x06, 0x00, 0x00, 0x3d, 0x00,
    0x04, 0x00, 0x17, 0x00, 0x00, 0x00, 0x4d, 0x06, 0x00, 0x00,
    0x4b, 0x06, 0x00, 0x00, 0x3e, 0x00, 0x03, 0x00, 0x41, 0x06,
    0x00, 0x00, 0x4d, 0x06, 0x00, 0x00, 0xf7, 0x00, 0x03, 0x00,
    0x4f, 0x06, 0x00, 0x00, 0x00, 0x00, 0x00, 0x00, 0xfa, 0x00,
    0x04, 0x00, 0x4c, 0x06, 0x00, 0x00, 0x4e, 0x06, 0x00, 0x00,
    0x4f, 0x06, 0x00, 0x00, 0xf8, 0x00, 0x02, 0x00, 0x4e, 0x06,
    0x00, 0x00, 0x3d, 0x00, 0x04, 0x00, 0x17, 0x00, 0x00, 0x00,
    0x50, 0x06, 0x00, 0x00, 0x41, 0x06, 0x00, 0x00, 0x3e, 0x00,
    0x03, 0x00, 0x6a, 0x00, 0x00, 0x00, 0x50, 0x06, 0x00, 0x00,
    0xf9, 0x00, 0x02, 0x00, 0x4f, 0x06, 0x00, 0x00, 0xf8, 0x00,
    0x02, 0x00, 0x4f, 0x06, 0x00, 0x00, 0xf9, 0x00, 0x02, 0x00,
    0x26, 0x06, 0x00, 0x00, 0xf8, 0x00, 0x02, 0x00, 0x26, 0x06,
    0x00, 0x00, 0x3d, 0x00, 0x04, 0x00, 0x15, 0x00, 0x00, 0x00,
    0x51, 0x06, 0x00, 0x00, 0x1b, 0x06, 0x00, 0x00, 0x80, 0x00,
    0x05, 0x00, 0x15, 0x00, 0x00, 0x00, 0x52, 0x06, 0x00, 0x00,
    0x51, 0x06, 0x00, 0x00, 0xb0, 0x00, 0x00, 0x00, 0x3e, 0x00,
    0x03, 0x00, 0x1b, 0x06, 0x00, 0x00, 0x52, 0x06, 0x00, 0x00,
    0xf9, 0x00, 0x02, 0x00, 0x23, 0x06, 0x00, 0x00, 0xf8, 0x00,
    0x02, 0x00, 0x25, 0x06, 0x00, 0x00, 0xf9, 0x00, 0x02, 0x00,
    0x1a, 0x06, 0x00, 0x00, 0xf8, 0x00, 0x02, 0x00, 0x53, 0x06,
    0x00, 0x00, 0x3d, 0x00, 0x04, 0x00, 0x15, 0x00, 0x00, 0x00,
    0x55, 0x06, 0x00, 0x00, 0xf1, 0x05, 0x00, 0x00, 0x80, 0x00,
    0x05, 0x00, 0x15, 0x00, 0x00, 0x00, 0x56, 0x06, 0x00, 0x00,
    0x55, 0x06, 0x00, 0x00, 0xb0, 0x00, 0x00, 0x00, 0x41, 0x00,
    0x06, 0x00, 0x99, 0x04, 0x00, 0x00, 0x57, 0x06, 0x00, 0x00,
    0xff, 0x05, 0x00, 0x00, 0x87, 0x00, 0x00, 0x00, 0x56, 0x06,
    0x00, 0x00, 0x3d, 0x00, 0x04, 0x00, 0x93, 0x04, 0x00, 0x00,
    0x58, 0x06, 0x00, 0x00, 0x57, 0x06, 0x00, 0x00, 0x51, 0x00,
    0x05, 0x00, 0x0f, 0x00, 0x00, 0x00, 0x59, 0x06, 0x00, 0x00,
    0x58, 0x06, 0x00, 0x00, 0x00, 0x00, 0x00, 0x00, 0x41, 0x00,
    0x05, 0x00, 0x40, 0x01, 0x00, 0x00, 0x5a, 0x06, 0x00, 0x00,
    0x54, 0x06, 0x00, 0x00, 0x87, 0x00, 0x00, 0x00, 0x3e, 0x00,
    0x03, 0x00, 0x5a, 0x06, 0x00, 0x00, 0x59, 0x06, 0x00, 0x00,
    0x51, 0x00, 0x05, 0x00, 0x0f, 0x00, 0x00, 0x00, 0x5b, 0x06,
    0x00, 0x00, 0x58, 0x06, 0x00, 0x00, 0x01, 0x00, 0x00, 0x00,
    0x41, 0x00, 0x05, 0x00, 0x40, 0x01, 0x00, 0x00, 0x5c, 0x06,
    0x00, 0x00, 0x54, 0x06, 0x00, 0x00, 0xb0, 0x00, 0x00, 0x00,
    0x3e, 0x00, 0x03, 0x00, 0x5c, 0x06, 0x00, 0x00, 0x5b, 0x06,
    0x00, 0x00, 0x51, 0x00, 0x05, 0x00, 0x15, 0x00, 0x00, 0x00,
    0x5d, 0x06, 0x00, 0x00, 0x58, 0x06, 0x00, 0x00, 0x02, 0x00,
    0x00, 0x00, 0x41, 0x00, 0x05, 0x00, 0x48, 0x00, 0x00, 0x00,
    0x5e, 0x06, 0x00, 0x00, 0x54, 0x06, 0x00, 0x00, 0xc0, 0x00,
    0x00, 0x00, 0x3e, 0x00, 0x03, 0x00, 0x5e, 0x06, 0x00, 0x00,
    0x5d, 0x06, 0x00, 0x00, 0x51, 0x00, 0x05, 0x00, 0x15, 0x00,
    0x00, 0x00, 0x5f, 0x06, 0x00, 0x00, 0x58, 0x06, 0x00, 0x00,
    0x03, 0x00, 0x00, 0x00, 0x41, 0x00, 0x05, 0x00, 0x48, 0x00,
    0x00, 0x00, 0x60, 0x06, 0x00, 0x00, 0x54, 0x06, 0x00, 0x00,
    0x1a, 0x01, 0x00, 0x00, 0x3e, 0x00, 0x03, 0x00, 0x60, 0x06,
    0x00, 0x00, 0x5f, 0x06, 0x00, 0x00, 0x51, 0x00, 0x05, 0x00,
    0x15, 0x00, 0x00, 0x00, 0x61, 0x06, 0x00, 0x00, 0x58, 0x06,
    0x00, 0x00, 0x04, 0x00, 0x00, 0x00, 0x41, 0x00, 0x05, 0x00,
    0x48, 0x00, 0x00, 0x00, 0x62, 0x06, 0x00, 0x00, 0x54, 0x06,
    0x00, 0x00, 0xc4, 0x00, 0x00, 0x00, 0x3e, 0x00, 0x03, 0x00,
    0x62, 0x06, 0x00, 0x00, 0x61, 0x06, 0x00, 0x00, 0x51, 0x00,
    0x05, 0x00, 0x15, 0x00, 0x00, 0x00, 0x63, 0x06, 0x00, 0x00,
    0x58, 0x06, 0x00, 0x00, 0x05, 0x00, 0x00, 0x00, 0x41, 0x00,
    0x05, 0x00, 0x48, 0x00, 0x00, 0x00, 0x64, 0x06, 0x00, 0x00,
    0x54, 0x06, 0x00, 0x00, 0x4b, 0x01, 0x00, 0x00, 0x3e, 0x00,
    0x03, 0x00, 0x64, 0x06, 0x00, 0x00, 0x63, 0x06, 0x00, 0x00,
    0x3d, 0x00, 0x04, 0x00, 0x15, 0x00, 0x00, 0x00, 0x66, 0x06,
    0x00, 0x00, 0xf1, 0x05, 0x00, 0x00, 0x41, 0x00, 0x05, 0x00,
    0x48, 0x00, 0x00, 0x00, 0x67, 0x06, 0x00, 0x00, 0xfb, 0x05,
    0x00, 0x00, 0xc4, 0x00, 0x00, 0x00, 0x3d, 0x00, 0x04, 0x00,
    0x15, 0x00, 0x00, 0x00, 0x68, 0x06, 0x00, 0x00, 0x67, 0x06,
    0x00, 0x00, 0x80, 0x00, 0x05, 0x00, 0x15, 0x00, 0x00, 0x00,
    0x69, 0x06, 0x00, 0x00, 0x66, 0x06, 0x00, 0x00, 0x68, 0x06,
    0x00, 0x00, 0x41, 0x00, 0x06, 0x00, 0x99, 0x04, 0x00, 0x00,
    0x6a, 0x06, 0x00, 0x00, 0xff, 0x05, 0x00, 0x00, 0x87, 0x00,
    0x00, 0x00, 0x69, 0x06, 0x00, 0x00, 0x3d, 0x00, 0x04, 0x00,
    0x93, 0x04, 0x00, 0x00, 0x6b, 0x06, 0x00, 0x00, 0x6a, 0x06,
    0x00, 0x00, 0x51, 0x00, 0x05, 0x00, 0x0f, 0x00, 0x00, 0x00,
    0x6c, 0x06, 0x00, 0x00, 0x6b, 0x06, 0x00, 0x00, 0x00, 0x00,
    0x00, 0x00, 0x41, 0x00, 0x05, 0x00, 0x40, 0x01, 0x00, 0x00,
    0x6d, 0x06, 0x00, 0x00, 0x65, 0x06, 0x00, 0x00, 0x87, 0x00,
    0x00, 0x00, 0x3e, 0x00, 0x03, 0x00, 0x6d, 0x06, 0x00, 0x00,
    0x6c, 0x06, 0x00, 0x00, 0x51, 0x00, 0x05, 0x00, 0x0f, 0x00,
    0x00, 0x00, 0x6e, 0x06, 0x00, 0x00, 0x6b, 0x06, 0x00, 0x00,
    0x01, 0x00, 0x00, 0x00, 0x41, 0x00, 0x05, 0x00, 0x40, 0x01,
    0x00, 0x00, 0x6f, 0x06, 0x00, 0x00, 0x65, 0x06, 0x00, 0x00,
    0xb0, 0x00, 0x00, 0x00, 0x3e, 0x00, 0x03, 0x00, 0x6f, 0x06,
    0x00, 0x00, 0x6e, 0x06, 0x00, 0x00, 0x51, 0x00, 0x05, 0x00,
    0x15, 0x00, 0x00, 0x00, 0x70, 0x06, 0x00, 0x00, 0x6b, 0x06,
    0x00, 0x00, 0x02, 0x00, 0x00, 0x00, 0x41, 0x00, 0x05, 0x00,
    0x48, 0x00, 0x00, 0x00, 0x71, 0x06, 0x00, 0x00, 0x65, 0x06,
    0x00, 0x00, 0xc0, 0x00, 0x00, 0x00, 0x3e, 0x00, 0x03, 0x00,
    0x71, 0x06, 0x00, 0x00, 0x70, 0x06, 0x00, 0x00, 0x51, 0x00,
    0x05, 0x00, 0x15, 0x00, 0x00, 0x00, 0x72, 0x06, 0x00, 0x00,
    0x6b, 0x06, 0x00, 0x00, 0x03, 0x00, 0x00, 0x00, 0x41, 0x00,
    0x05, 0x00, 0x48, 0x00, 0x00, 0x00, 0x73, 0x06, 0x00, 0x00,
    0x65, 0x06, 0x00, 0x00, 0x1a, 0x01, 0x00, 0x00, 0x3e, 0x00,
    0x03, 0x00, 0x73, 0x06, 0x00, 0x00, 0x72, 0x06, 0x00, 0x00,
    0x51, 0x00, 0x05, 0x00, 0x15, 0x00, 0x00, 0x00, 0x74, 0x06,
    0x00, 0x00, 0x6b, 0x06, 0x00, 0x00, 0x04, 0x00, 0x00, 0x00,
    0x41, 0x00, 0x05, 0x00, 0x48, 0x00, 0x00, 0x00, 0x75, 0x06,
    0x00, 0x00, 0x65, 0x06, 0x00, 0x00, 0xc4, 0x00, 0x00, 0x00,
    0x3e, 0x00, 0x03, 0x00, 0x75, 0x06, 0x00, 0x00, 0x74, 0x06,
    0x00, 0x00, 0x51, 0x00, 0x05, 0x00, 0x15, 0x00, 0x00, 0x00,
    0x76, 0x06, 0x00, 0x00, 0x6b, 0x06, 0x00, 0x00, 0x05, 0x00,
    0x00, 0x00, 0x41, 0x00, 0x05, 0x00, 0x48, 0x00, 0x00, 0x00,
    0x77, 0x06, 0x00, 0x00, 0x65, 0x06, 0x00, 0x00, 0x4b, 0x01,
    0x00, 0x00, 0x3e, 0x00, 0x03, 0x00, 0x77, 0x06, 0x00, 0x00,
    0x76, 0x06, 0x00, 0x00, 0x3d, 0x00, 0x04, 0x00, 0x0d, 0x00,
    0x00, 0x00, 0x7b, 0x06, 0x00, 0x00, 0x67, 0x00, 0x00, 0x00,
    0x3e, 0x00, 0x03, 0x00, 0x7a, 0x06, 0x00, 0x00, 0x7b, 0x06,
    0x00, 0x00, 0x41, 0x00, 0x05, 0x00, 0x40, 0x01, 0x00, 0x00,
    0x7d, 0x06, 0x00, 0x00, 0x54, 0x06, 0x00, 0x00, 0x87, 0x00,
    0x00, 0x00, 0x3d, 0x00, 0x04, 0x00, 0x0f, 0x00, 0x00, 0x00,
    0x7e, 0x06, 0x00, 0x00, 0x7d, 0x06, 0x00, 0x00, 0x4f, 0x00,
    0x08, 0x00, 0x07, 0x00, 0x00, 0x00, 0x7f, 0x06, 0x00, 0x00,
    0x7e, 0x06, 0x00, 0x00, 0x7e, 0x06, 0x00, 0x00, 0x00, 0x00,
    0x00, 0x00, 0x01, 0x00, 0x00, 0x00, 0x02, 0x00, 0x00, 0x00,
    0x3e, 0x00, 0x03, 0x00, 0x7c, 0x06, 0x00, 0x00, 0x7f, 0x06,
    0x00, 0x00, 0x41, 0x00, 0x05, 0x00, 0x40, 0x01, 0x00, 0x00,
    0x81, 0x06, 0x00, 0x00, 0x54, 0x06, 0x00, 0x00, 0xb0, 0x00,
    0x00, 0x00, 0x3d, 0x00, 0x04, 0x00, 0x0f, 0x00, 0x00, 0x00,
    0x82, 0x06, 0x00, 0x00, 0x81, 0x06, 0x00, 0x00, 0x4f, 0x00,
    0x08, 0x00, 0x07, 0x00, 0x00, 0x00, 0x83, 0x06, 0x00, 0x00,
    0x82, 0x06, 0x00, 0x00, 0x82, 0x06, 0x00, 0x00, 0x00, 0x00,
    0x00, 0x00, 0x01, 0x00, 0x00, 0x00, 0x02, 0x00, 0x00, 0x00,
    0x3e, 0x00, 0x03, 0x00, 0x80, 0x06, 0x00, 0x00, 0x83, 0x06,
    0x00, 0x00, 0x39, 0x00, 0x09, 0x00, 0x16, 0x00, 0x00, 0x00,
    0x86, 0x06, 0x00, 0x00, 0x5a, 0x00, 0x00, 0x00, 0x7a, 0x06,
    0x00, 0x00, 0x7c, 0x06, 0x00, 0x00, 0x80, 0x06, 0x00, 0x00,
    0x84, 0x06, 0x00, 0x00, 0x85, 0x06, 0x00, 0x00, 0x3d, 0x00,
    0x04, 0x00, 0x06, 0x00, 0x00, 0x00, 0x87, 0x06, 0x00, 0x00,
    0x84, 0x06, 0x00, 0x00, 0x41, 0x00, 0x05, 0x00, 0x2a, 0x00,
    0x00, 0x00, 0x88, 0x06, 0x00, 0x00, 0x79, 0x06, 0x00, 0x00,
    0xa9, 0x00, 0x00, 0x00, 0x3e, 0x00, 0x03, 0x00, 0x88, 0x06,
    0x00, 0x00, 0x87, 0x06, 0x00, 0x00, 0x3d, 0x00, 0x04, 0x00,
    0x06, 0x00, 0x00, 0x00, 0x89, 0x06, 0x00, 0x00, 0x85, 0x06,
    0x00, 0x00, 0x41, 0x00, 0x05, 0x00, 0x2a, 0x00, 0x00, 0x00,
    0x8a, 0x06, 0x00, 0x00, 0x79, 0x06, 0x00, 0x00, 0xad, 0x00,
    0x00, 0x00, 0x3e, 0x00, 0x03, 0x00, 0x8a, 0x06, 0x00, 0x00,
    0x89, 0x06, 0x00, 0x00, 0x3e, 0x00, 0x03, 0x00, 0x78, 0x06,
    0x00, 0x00, 0x86, 0x06, 0x00, 0x00, 0x3d, 0x00, 0x04, 0x00,
    0x0d, 0x00, 0x00, 0x00, 0x8d, 0x06, 0x00, 0x00, 0x67, 0x00,
    0x00, 0x00, 0x3e, 0x00, 0x03, 0x00, 0x8c, 0x06, 0x00, 0x00,
    0x8d, 0x06, 0x00, 0x00, 0x41, 0x00, 0x05, 0x00, 0x40, 0x01,
    0x00, 0x00, 0x8f, 0x06, 0x00, 0x00, 0x65, 0x06, 0x00, 0x00,
    0x87, 0x00, 0x00, 0x00, 0x3d, 0x00, 0x04, 0x00, 0x0f, 0x00,
    0x00, 0x00, 0x90, 0x06, 0x00, 0x00, 0x8f, 0x06, 0x00, 0x00,
    0x4f, 0x00, 0x08, 0x00, 0x07, 0x00, 0x00, 0x00, 0x91, 0x06,
    0x00, 0x00, 0x90, 0x06, 0x00, 0x00, 0x90, 0x06, 0x00, 0x00,
    0x00, 0x00, 0x00, 0x00, 0x01, 0x00, 0x00, 0x00, 0x02, 0x00,
    0x00, 0x00, 0x3e, 0x00, 0x03, 0x00, 0x8e, 0x06, 0x00, 0x00,
    0x91, 0x06, 0x00, 0x00, 0x41, 0x00, 0x05, 0x00, 0x40, 0x01,
    0x00, 0x00, 0x93, 0x06, 0x00, 0x00, 0x65, 0x06, 0x00, 0x00,
    0xb0, 0x00, 0x00, 0x00, 0x3d, 0x00, 0x04, 0x00, 0x0f, 0x00,
    0x00, 0x00, 0x94, 0x06, 0x00, 0x00, 0x93, 0x06, 0x00, 0x00,
    0x4f, 0x00, 0x08, 0x00, 0x07, 0x00, 0x00, 0x00, 0x95, 0x06,
    0x00, 0x00, 0x94, 0x06, 0x00, 0x00, 0x94, 0x06, 0x00, 0x00,
    0x00, 0x00, 0x00, 0x00, 0x01, 0x00, 0x00, 0x00, 0x02, 0x00,
    0x00, 0x00, 0x3e, 0x00, 0x03, 0x00, 0x92, 0x06, 0x00, 0x00,
    0x95, 0x06, 0x00, 0x00, 0x39, 0x00, 0x09, 0x00, 0x16, 0x00,
    0x00, 0x00, 0x98, 0x06, 0x00, 0x00, 0x5a, 0x00, 0x00, 0x00,
    0x8c, 0x06, 0x00, 0x00, 0x8e, 0x06, 0x00, 0x00, 0x92, 0x06,
    0x00, 0x00, 0x96, 0x06, 0x00, 0x00, 0x97, 0x06, 0x00, 0x00,
    0x3d, 0x00, 0x04, 0x00, 0x06, 0x00, 0x00, 0x00, 0x99, 0x06,
    0x00, 0x00, 0x96, 0x06, 0x00, 0x00, 0x41, 0x00, 0x05, 0x00,
    0x2a, 0x00, 0x00, 0x00, 0x9a, 0x06, 0x00, 0x00, 0x79, 0x06,
    0x00, 0x00, 0xe5, 0x00, 0x00, 0x00, 0x3e, 0x00, 0x03, 0x00,
    0x9a, 0x06, 0x00, 0x00, 0x99, 0x06, 0x00, 0x00, 0x3d, 0x00,
    0x04, 0x00, 0x06, 0x00, 0x00, 0x00, 0x9b, 0x06, 0x00, 0x00,
    0x97, 0x06, 0x00, 0x00, 0x41, 0x00, 0x05, 0x00, 0x2a, 0x00,
    0x00, 0x00, 0x9c, 0x06, 0x00, 0x00, 0x79, 0x06, 0x00, 0x00,
    0x0e, 0x02, 0x00, 0x00, 0x3e, 0x00, 0x03, 0x00, 0x9c, 0x06,
    0x00, 0x00, 0x9b, 0x06, 0x00, 0x00, 0x3e, 0x00, 0x03, 0x00,
    0x8b, 0x06, 0x00, 0x00, 0x98, 0x06, 0x00, 0x00, 0x3d, 0x00,
    0x04, 0x00, 0x16, 0x00, 0x00, 0x00, 0x9d, 0x06, 0x00, 0x00,
    0x78, 0x06, 0x00, 0x00, 0x3d, 0x00, 0x04, 0x00, 0x16, 0x00,
    0x00, 0x00, 0x9e, 0x06, 0x00, 0x00, 0x8b, 0x06, 0x00, 0x00,
    0xa7, 0x00, 0x05, 0x00, 0x16, 0x00, 0x00, 0x00, 0x9f, 0x06,
    0x00, 0x00, 0x9d, 0x06, 0x00, 0x00, 0x9e, 0x06, 0x00, 0x00,
    0xf7, 0x00, 0x03, 0x00, 0xa1, 0x06, 0x00, 0x00, 0x00, 0x00,
    0x00, 0x00, 0xfa, 0x00, 0x04, 0x00, 0x9f, 0x06, 0x00, 0x00,
    0xa0, 0x06, 0x00, 0x00, 0xd1, 0x06, 0x00, 0x00, 0xf8, 0x00,
    0x02, 0x00, 0xa0, 0x06, 0x00, 0x00, 0x3d, 0x00, 0x04, 0x00,
    0x15, 0x00, 0x00, 0x00, 0xa3, 0x06, 0x00, 0x00, 0xf1, 0x05,
    0x00, 0x00, 0x80, 0x00, 0x05, 0x00, 0x15, 0x00, 0x00, 0x00,
    0xa4, 0x06, 0x00, 0x00, 0xa3, 0x06, 0x00, 0x00, 0xb0, 0x00,
    0x00, 0x00, 0x3d, 0x00, 0x04, 0x00, 0x15, 0x00, 0x00, 0x00,
    0xa5, 0x06, 0x00, 0x00, 0xf1, 0x05, 0x00, 0x00, 0x41, 0x00,
    0x05, 0x00, 0x48, 0x00, 0x00, 0x00, 0xa6, 0x06, 0x00, 0x00,
    0xfb, 0x05, 0x00, 0x00, 0xc4, 0x00, 0x00, 0x00, 0x3d, 0x00,
    0x04, 0x00, 0x15, 0x00, 0x00, 0x00, 0xa7, 0x06, 0x00, 0x00,
    0xa6, 0x06, 0x00, 0x00, 0x80, 0x00, 0x05, 0x00, 0x15, 0x00,
    0x00, 0x00, 0xa8, 0x06, 0x00, 0x00, 0xa5, 0x06, 0x00, 0x00,
    0xa7, 0x06, 0x00, 0x00, 0x50, 0x00, 0x05, 0x00, 0x88, 0x00,
    0x00, 0x00, 0xa9, 0x06, 0x00, 0x00, 0xa4, 0x06, 0x00, 0x00,
    0xa8, 0x06, 0x00, 0x00, 0x3e, 0x00, 0x03, 0x00, 0xa2, 0x06,
    0x00, 0x00, 0xa9, 0x06, 0x00, 0x00, 0x41, 0x00, 0x05, 0x00,
    0x2a, 0x00, 0x00, 0x00, 0xaa, 0x06, 0x00, 0x00, 0x79, 0x06,
    0x00, 0x00, 0xe5, 0x00, 0x00, 0x00, 0x3d, 0x00, 0x04, 0x00,
    0x06, 0x00, 0x00, 0x00, 0xab, 0x06, 0x00, 0x00, 0xaa, 0x06,
    0x00, 0x00, 0x41, 0x00, 0x05, 0x00, 0x2a, 0x00, 0x00, 0x00,
    0xac, 0x06, 0x00, 0x00, 0x79, 0x06, 0x00, 0x00, 0xa9, 0x00,
    0x00, 0x00, 0x3d, 0x00, 0x04, 0x00, 0x06, 0x00, 0x00, 0x00,
    0xad, 0x06, 0x00, 0x00, 0xac, 0x06, 0x00, 0x00, 0xb8, 0x00,
    0x05, 0x00, 0x16, 0x00, 0x00, 0x00, 0xae, 0x06, 0x00, 0x00,
    0xab, 0x06, 0x00, 0x00, 0xad, 0x06, 0x00, 0x00, 0xf7, 0x00,
    0x03, 0x00, 0xb0, 0x06, 0x00, 0x00, 0x00, 0x00, 0x00, 0x00,
    0xfa, 0x00, 0x04, 0x00, 0xae, 0x06, 0x00, 0x00, 0xaf, 0x06,
    0x00, 0x00, 0xb0, 0x06, 0x00, 0x00, 0xf8, 0x00, 0x02, 0x00,
    0xaf, 0x06, 0x00, 0x00, 0x3d, 0x00, 0x04, 0x00, 0x0f, 0x00,
    0x00, 0x00, 0xb1, 0x06, 0x00, 0x00, 0x79, 0x06, 0x00, 0x00,
    0x4f, 0x00, 0x07, 0x00, 0x14, 0x00, 0x00, 0x00, 0xb2, 0x06,
    0x00, 0x00, 0xb1, 0x06, 0x00, 0x00, 0xb1, 0x06, 0x00, 0x00,
    0x02, 0x00, 0x00, 0x00, 0x00, 0x00, 0x00, 0x00, 0x41, 0x00,
    0x05, 0x00, 0x2a, 0x00, 0x00, 0x00, 0xb3, 0x06, 0x00, 0x00,
    0x79, 0x06, 0x00, 0x00, 0xa9, 0x00, 0x00, 0x00, 0x51, 0x00,
    0x05, 0x00, 0x06, 0x00, 0x00, 0x00, 0xb4, 0x06, 0x00, 0x00,
    0xb2, 0x06, 0x00, 0x00, 0x00, 0x00, 0x00, 0x00, 0x3e, 0x00,
    0x03, 0x00, 0xb3, 0x06, 0x00, 0x00, 0xb4, 0x06, 0x00, 0x00,
    0x41, 0x00, 0x05, 0x00, 0x2a, 0x00, 0x00, 0x00, 0xb5, 0x06,
    0x00, 0x00, 0x79, 0x06, 0x00, 0x00, 0xe5, 0x00, 0x00, 0x00,
    0x51, 0x00, 0x05, 0x00, 0x06, 0x00, 0x00, 0x00, 0xb6, 0x06,
    0x00, 0x00, 0xb2, 0x06, 0x00, 0x00, 0x01, 0x00, 0x00, 0x00,
    0x3e, 0x00, 0x03, 0x00, 0xb5, 0x06, 0x00, 0x00, 0xb6, 0x06,
    0x00, 0x00, 0x3d, 0x00, 0x04, 0x00, 0x0f, 0x00, 0x00, 0x00,
    0xb7, 0x06, 0x00, 0x00, 0x79, 0x06, 0x00, 0x00, 0x4f, 0x00,
    0x07, 0x00, 0x14, 0x00, 0x00, 0x00, 0xb8, 0x06, 0x00, 0x00,
    0xb7, 0x06, 0x00, 0x00, 0xb7, 0x06, 0x00, 0x00, 0x03, 0x00,
    0x00, 0x00, 0x01, 0x00, 0x00, 0x00, 0x41, 0x00, 0x05, 0x00,
    0x2a, 0x00, 0x00, 0x00, 0xb9, 0x06, 0x00, 0x00, 0x79, 0x06,
    0x00, 0x00, 0xad, 0x00, 0x00, 0x00, 0x51, 0x00, 0x05, 0x00,
    0x06, 0x00, 0x00, 0x00, 0xba, 0x06, 0x00, 0x00, 0xb8, 0x06,
    0x00, 0x00, 0x00, 0x00, 0x00, 0x00, 0x3e, 0x00, 0x03, 0x00,
    0xb9, 0x06, 0x00, 0x00, 0xba, 0x06, 0x00, 0x00, 0x41, 0x00,
    0x05, 0x00, 0x2a, 0x00, 0x00, 0x00, 0xbb, 0x06, 0x00, 0x00,
    0x79, 0x06, 0x00, 0x00, 0x0e, 0x02, 0x00, 0x00, 0x51, 0x00,
    0x05, 0x00, 0x06, 0x00, 0x00, 0x00, 0xbc, 0x06, 0x00, 0x00,
    0xb8, 0x06, 0x00, 0x00, 0x01, 0x00, 0x00, 0x00, 0x3e, 0x00,
    0x03, 0x00, 0xbb, 0x06, 0x00, 0x00, 0xbc, 0x06, 0x00, 0x00,
    0x3d, 0x00, 0x04, 0x00, 0x88, 0x00, 0x00, 0x00, 0xbd, 0x06,
    0x00, 0x00, 0xa2, 0x06, 0x00, 0x00, 0x4f, 0x00, 0x07, 0x00,
    0x88, 0x00, 0x00, 0x00, 0xbe, 0x06, 0x00, 0x00, 0xbd, 0x06,
    0x00, 0x00, 0xbd, 0x06, 0x00, 0x00, 0x01, 0x00, 0x00, 0x00,
    0x00, 0x00, 0x00, 0x00, 0x3e, 0x00, 0x03, 0x00, 0xa2, 0x06,
    0x00, 0x00, 0xbe, 0x06, 0x00, 0x00, 0xf9, 0x00, 0x02, 0x00,
    0xb0, 0x06, 0x00, 0x00, 0xf8, 0x00, 0x02, 0x00, 0xb0, 0x06,
    0x00, 0x00, 0x3d, 0x00, 0x04, 0x00, 0x15, 0x00, 0x00, 0x00,
    0xbf, 0x06, 0x00, 0x00, 0x86, 0x00, 0x00, 0x00, 0x80, 0x00,
    0x05, 0x00, 0x15, 0x00, 0x00, 0x00, 0xc0, 0x06, 0x00, 0x00,
    0xbf, 0x06, 0x00, 0x00, 0xb0, 0x00, 0x00, 0x00, 0x3e, 0x00,
    0x03, 0x00, 0x86, 0x00, 0x00, 0x00, 0xc0, 0x06, 0x00, 0x00,
    0x41, 0x00, 0x05, 0x00, 0x48, 0x00, 0x00, 0x00, 0xc1, 0x06,
    0x00, 0x00, 0xa2, 0x06, 0x00, 0x00, 0xad, 0x00, 0x00, 0x00,
    0x3d, 0x00, 0x04, 0x00, 0x15, 0x00, 0x00, 0x00, 0xc2, 0x06,
    0x00, 0x00, 0xc1, 0x06, 0x00, 0x00, 0x6f, 0x00, 0x04, 0x00,
    0x06, 0x00, 0x00, 0x00, 0xc3, 0x06, 0x00, 0x00, 0xc2, 0x06,
    0x00, 0x00, 0x41, 0x00, 0x05, 0x00, 0x2a, 0x00, 0x00, 0x00,
    0xc4, 0x06, 0x00, 0x00, 0x79, 0x06, 0x00, 0x00, 0xe5, 0x00,
    0x00, 0x00, 0x3d, 0x00, 0x04, 0x00, 0x06, 0x00, 0x00, 0x00,
    0xc5, 0x06, 0x00, 0x00, 0xc4, 0x06, 0x00, 0x00, 0x50, 0x00,
    0x05, 0x00, 0x14, 0x00, 0x00, 0x00, 0xc6, 0x06, 0x00, 0x00,
    0xc3, 0x06, 0x00, 0x00, 0xc5, 0x06, 0x00, 0x00, 0x41, 0x00,
    0x05, 0x00, 0xa7, 0x00, 0x00, 0x00, 0xc7, 0x06, 0x00, 0x00,
    0x75, 0x04, 0x00, 0x00, 0xc0, 0x06, 0x00, 0x00, 0x3e, 0x00,
    0x03, 0x00, 0xc7, 0x06, 0x00, 0x00, 0xc6, 0x06, 0x00, 0x00,
    0x3d, 0x00, 0x04, 0x00, 0x15, 0x00, 0x00, 0x00, 0xc8, 0x06,
    0x00, 0x00, 0x86, 0x00, 0x00, 0x00, 0x80, 0x00, 0x05, 0x00,
    0x15, 0x00, 0x00, 0x00, 0xc9, 0x06, 0x00, 0x00, 0xc8, 0x06,
    0x00, 0x00, 0xb0, 0x00, 0x00, 0x00, 0x3e, 0x00, 0x03, 0x00,
    0x86, 0x00, 0x00, 0x00, 0xc9, 0x06, 0x00, 0x00, 0x41, 0x00,
    0x05, 0x00, 0x48, 0x00, 0x00, 0x00, 0xca, 0x06, 0x00, 0x00,
    0xa2, 0x06, 0x00, 0x00, 0xa9, 0x00, 0x00, 0x00, 0x3d, 0x00,
    0x04, 0x00, 0x15, 0x00, 0x00, 0x00, 0xcb, 0x06, 0x00, 0x00,
    0xca, 0x06, 0x00, 0x00, 0x6f, 0x00, 0x04, 0x00, 0x06, 0x00,
    0x00, 0x00, 0xcc, 0x06, 0x00, 0x00, 0xcb, 0x06, 0x00, 0x00,
    0x41, 0x00, 0x05, 0x00, 0x2a, 0x00, 0x00, 0x00, 0xcd, 0x06,
    0x00, 0x00, 0x79, 0x06, 0x00, 0x00, 0xa9, 0x00, 0x00, 0x00,
    0x3d, 0x00, 0x04, 0x00, 0x06, 0x00, 0x00, 0x00, 0xce, 0x06,
    0x00, 0x00, 0xcd, 0x06, 0x00, 0x00, 0x50, 0x00, 0x05, 0x00,
    0x14, 0x00, 0x00, 0x00, 0xcf, 0x06, 0x00, 0x00, 0xcc, 0x06,
    0x00, 0x00, 0xce, 0x06, 0x00, 0x00, 0x41, 0x00, 0x05, 0x00,
    0xa7, 0x00, 0x00, 0x00, 0xd0, 0x06, 0x00, 0x00, 0x75, 0x04,
    0x00, 0x00, 0xc9, 0x06, 0x00, 0x00, 0x3e, 0x00, 0x03, 0x00,
    0xd0, 0x06, 0x00, 0x00, 0xcf, 0x06, 0x00, 0x00, 0xf9, 0x00,
    0x02, 0x00, 0xa1, 0x06, 0x00, 0x00, 0xf8, 0x00, 0x02, 0x00,
    0xd1, 0x06, 0x00, 0x00, 0x3d, 0x00, 0x04, 0x00, 0x16, 0x00,
    0x00, 0x00, 0xd2, 0x06, 0x00, 0x00, 0x78, 0x06, 0x00, 0x00,
    0xf7, 0x00, 0x03, 0x00, 0xd4, 0x06, 0x00, 0x00, 0x00, 0x00,
    0x00, 0x00, 0xfa, 0x00, 0x04, 0x00, 0xd2, 0x06, 0x00, 0x00,
    0xd3, 0x06, 0x00, 0x00, 0xde, 0x06, 0x00, 0x00, 0xf8, 0x00,
    0x02, 0x00, 0xd3, 0x06, 0x00, 0x00, 0x3d, 0x00, 0x04, 0x00,
    0x15, 0x00, 0x00, 0x00, 0xd5, 0x06, 0x00, 0x00, 0x86, 0x00,
    0x00, 0x00, 0x80, 0x00, 0x05, 0x00, 0x15, 0x00, 0x00, 0x00,
    0xd6, 0x06, 0x00, 0x00, 0xd5, 0x06, 0x00, 0x00, 0xb0, 0x00,
    0x00, 0x00, 0x3e, 0x00, 0x03, 0x00, 0x86, 0x00, 0x00, 0x00,
    0xd6, 0x06, 0x00, 0x00, 0x3d, 0x00, 0x04, 0x00, 0x15, 0x00,
    0x00, 0x00, 0xd7, 0x06, 0x00, 0x00, 0xf1, 0x05, 0x00, 0x00,
    0x80, 0x00, 0x05, 0x00, 0x15, 0x00, 0x00, 0x00, 0xd8, 0x06,
    0x00, 0x00, 0xd7, 0x06, 0x00, 0x00, 0xb0, 0x00, 0x00, 0x00,
    0x6f, 0x00, 0x04, 0x00, 0x06, 0x00, 0x00, 0x00, 0xd9, 0x06,
    0x00, 0x00, 0xd8, 0x06, 0x00, 0x00, 0x41, 0x00, 0x05, 0x00,
    0x2a, 0x00, 0x00, 0x00, 0xda, 0x06, 0x00, 0x00, 0x79, 0x06,
    0x00, 0x00, 0xa9, 0x00, 0x00, 0x00, 0x3d, 0x00, 0x04, 0x00,
    0x06, 0x00, 0x00, 0x00, 0xdb, 0x06, 0x00, 0x00, 0xda, 0x06,
    0x00, 0x00, 0x50, 0x00, 0x05, 0x00, 0x14, 0x00, 0x00, 0x00,
    0xdc, 0x06, 0x00, 0x00, 0xd9, 0x06, 0x00, 0x00, 0xdb, 0x06,
    0x00, 0x00, 0x41, 0x00, 0x05, 0x00, 0xa7, 0x00, 0x00, 0x00,
    0xdd, 0x06, 0x00, 0x00, 0x75, 0x04, 0x00, 0x00, 0xd6, 0x06,
    0x00, 0x00, 0x3e, 0x00, 0x03, 0x00, 0xdd, 0x06, 0x00, 0x00,
    0xdc, 0x06, 0x00, 0x00, 0xf9, 0x00, 0x02, 0x00, 0xd4, 0x06,
    0x00, 0x00, 0xf8, 0x00, 0x02, 0x00, 0xde, 0x06, 0x00, 0x00,
    0x3d, 0x00, 0x04, 0x00, 0x16, 0x00, 0x00, 0x00, 0xdf, 0x06,
    0x00, 0x00, 0x8b, 0x06, 0x00, 0x00, 0xf7, 0x00, 0x03, 0x00,
    0xe1, 0x06, 0x00, 0x00, 0x00, 0x00, 0x00, 0x00, 0xfa, 0x00,
    0x04, 0x00, 0xdf, 0x06, 0x00, 0x00, 0xe0, 0x06, 0x00, 0x00,
    0xe1, 0x06, 0x00, 0x00, 0xf8, 0x00, 0x02, 0x00, 0xe0, 0x06,
    0x00, 0x00, 0x3d, 0x00, 0x04, 0x00, 0x15, 0x00, 0x00, 0x00,
    0xe2, 0x06, 0x00, 0x00, 0x86, 0x00, 0x00, 0x00, 0x80, 0x00,
    0x05, 0x00, 0x15, 0x00, 0x00, 0x00, 0xe3, 0x06, 0x00, 0x00,
    0xe2, 0x06, 0x00, 0x00, 0xb0, 0x00, 0x00, 0x00, 0x3e, 0x00,
    0x03, 0x00, 0x86, 0x00, 0x00, 0x00, 0xe3, 0x06, 0x00, 0x00,
    0x3d, 0x00, 0x04, 0x00, 0x15, 0x00, 0x00, 0x00, 0xe4, 0x06,
    0x00, 0x00, 0xf1, 0x05, 0x00, 0x00, 0x41, 0x00, 0x05, 0x00,
    0x48, 0x00, 0x00, 0x00, 0xe5, 0x06, 0x00, 0x00, 0xfb, 0x05,
    0x00, 0x00, 0xc4, 0x00, 0x00, 0x00, 0x3d, 0x00, 0x04, 0x00,
    0x15, 0x00, 0x00, 0x00, 0xe6, 0x06, 0x00, 0x00, 0xe5, 0x06,
    0x00, 0x00, 0x80, 0x00, 0x05, 0x00, 0x15, 0x00, 0x00, 0x00,
    0xe7, 0x06, 0x00, 0x00, 0xe4, 0x06, 0x00, 0x00, 0xe6, 0x06,
    0x00, 0x00, 0x6f, 0x00, 0x04, 0x00, 0x06, 0x00, 0x00, 0x00,
    0xe8, 0x06, 0x00, 0x00, 0xe7, 0x06, 0x00, 0x00, 0x41, 0x00,
    0x05, 0x00, 0x2a, 0x00, 0x00, 0x00, 0xe9, 0x06, 0x00, 0x00,
    0x79, 0x06, 0x00, 0x00, 0xe5, 0x00, 0x00, 0x00, 0x3d, 0x00,
    0x04, 0x00, 0x06, 0x00, 0x00, 0x00, 0xea, 0x06, 0x00, 0x00,
    0xe9, 0x06, 0x00, 0x00, 0x50, 0x00, 0x05, 0x00, 0x14, 0x00,
    0x00, 0x00, 0xeb, 0x06, 0x00, 0x00, 0xe8, 0x06, 0x00, 0x00,
    0xea, 0x06, 0x00, 0x00, 0x41, 0x00, 0x05, 0x00, 0xa7, 0x00,
    0x00, 0x00, 0xec, 0x06, 0x00, 0x00, 0x75, 0x04, 0x00, 0x00,
    0xe3, 0x06, 0x00, 0x00, 0x3e, 0x00, 0x03, 0x00, 0xec, 0x06,
    0x00, 0x00, 0xeb, 0x06, 0x00, 0x00, 0xf9, 0x00, 0x02, 0x00,
    0xe1, 0x06, 0x00, 0x00, 0xf8, 0x00, 0x02, 0x00, 0xe1, 0x06,
    0x00, 0x00, 0xf9, 0x00, 0x02, 0x00, 0xd4, 0x06, 0x00, 0x00,
    0xf8, 0x00, 0x02, 0x00, 0xd4, 0x06, 0x00, 0x00, 0xf9, 0x00,
    0x02, 0x00, 0xa1, 0x06, 0x00, 0x00, 0xf8, 0x00, 0x02, 0x00,
    0xa1, 0x06, 0x00, 0x00, 0xf9, 0x00, 0x02, 0x00, 0x1a, 0x06,
    0x00, 0x00, 0xf8, 0x00, 0x02, 0x00, 0x1a, 0x06, 0x00, 0x00,
    0xf9, 0x00, 0x02, 0x00, 0xec, 0x05, 0x00, 0x00, 0xf8, 0x00,
    0x02, 0x00, 0xec, 0x05, 0x00, 0x00, 0xf9, 0x00, 0x02, 0x00,
    0xe9, 0x05, 0x00, 0x00, 0xf8, 0x00, 0x02, 0x00, 0xeb, 0x05,
    0x00, 0x00, 0x41, 0x00, 0x05, 0x00, 0x2a, 0x00, 0x00, 0x00,
    0xed, 0x06, 0x00, 0x00, 0x6a, 0x00, 0x00, 0x00, 0x87, 0x00,
    0x00, 0x00, 0x3d, 0x00, 0x04, 0x00, 0x06, 0x00, 0x00, 0x00,
    0xee, 0x06, 0x00, 0x00, 0xed, 0x06, 0x00, 0x00, 0x3d, 0x00,
    0x04, 0x00, 0x06, 0x00, 0x00, 0x00, 0xef, 0x06, 0x00, 0x00,
    0x69, 0x00, 0x00, 0x00, 0xb8, 0x00, 0x05, 0x00, 0x16, 0x00,
    0x00, 0x00, 0xf0, 0x06, 0x00, 0x00, 0xee, 0x06, 0x00, 0x00,
    0xef, 0x06, 0x00, 0x00, 0xfe, 0x00, 0x02, 0x00, 0xf0, 0x06,
    0x00, 0x00, 0x38, 0x00, 0x01, 0x00, 0x36, 0x00, 0x05, 0x00,
    0x06, 0x00, 0x00, 0x00, 0x70, 0x00, 0x00, 0x00, 0x00, 0x00,
    0x00, 0x00, 0x6d, 0x00, 0x00, 0x00, 0x37, 0x00, 0x03, 0x00,
    0x2a, 0x00, 0x00, 0x00, 0x6e, 0x00, 0x00, 0x00, 0x37, 0x00,
    0x03, 0x00, 0x2a, 0x00, 0x00, 0x00, 0x6f, 0x00, 0x00, 0x00,
    0xf8, 0x00, 0x02, 0x00, 0x71, 0x00, 0x00, 0x00, 0x3b, 0x00,
    0x04, 0x00, 0x2a, 0x00, 0x00, 0x00, 0xf3, 0x06, 0x00, 0x00,
    0x07, 0x00, 0x00, 0x00, 0x3d, 0x00, 0x04, 0x00, 0x06, 0x00,
    0x00, 0x00, 0xf4, 0x06, 0x00, 0x00, 0x6e, 0x00, 0x00, 0x00,
    0x3d, 0x00, 0x04, 0x00, 0x06, 0x00, 0x00, 0x00, 0xf5, 0x06,
    0x00, 0x00, 0x6e, 0x00, 0x00, 0x00, 0x85, 0x00, 0x05, 0x00,
    0x06, 0x00, 0x00, 0x00, 0xf6, 0x06, 0x00, 0x00, 0xf4, 0x06,
    0x00, 0x00, 0xf5, 0x06, 0x00, 0x00, 0x3e, 0x00, 0x03, 0x00,
    0xf3, 0x06, 0x00, 0x00, 0xf6, 0x06, 0x00, 0x00, 0x3d, 0x00,
    0x04, 0x00, 0x06, 0x00, 0x00, 0x00, 0xf7, 0x06, 0x00, 0x00,
    0xf3, 0x06, 0x00, 0x00, 0x3d, 0x00, 0x04, 0x00, 0x06, 0x00,
    0x00, 0x00, 0xf8, 0x06, 0x00, 0x00, 0x6f, 0x00, 0x00, 0x00,
    0x3d, 0x00, 0x04, 0x00, 0x06, 0x00, 0x00, 0x00, 0xf9, 0x06,
    0x00, 0x00, 0x6f, 0x00, 0x00, 0x00, 0x85, 0x00, 0x05, 0x00,
    0x06, 0x00, 0x00, 0x00, 0xfa, 0x06, 0x00, 0x00, 0xf8, 0x06,
    0x00, 0x00, 0xf9, 0x06, 0x00, 0x00, 0x3d, 0x00, 0x04, 0x00,
    0x06, 0x00, 0x00, 0x00, 0xfb, 0x06, 0x00, 0x00, 0xf3, 0x06,
    0x00, 0x00, 0x81, 0x00, 0x05, 0x00, 0x06, 0x00, 0x00, 0x00,
    0xfc, 0x06, 0x00, 0x00, 0xfa, 0x06, 0x00, 0x00, 0xfb, 0x06,
    0x00, 0x00, 0x88, 0x00, 0x05, 0x00, 0x06, 0x00, 0x00, 0x00,
    0xfd, 0x06, 0x00, 0x00, 0xf7, 0x06, 0x00, 0x00, 0xfc, 0x06,
    0x00, 0x00, 0xfe, 0x00, 0x02, 0x00, 0xfd, 0x06, 0x00, 0x00,
    0x38, 0x00, 0x01, 0x00, 0x36, 0x00, 0x05, 0x00, 0x16, 0x00,
    0x00, 0x00, 0x75, 0x00, 0x00, 0x00, 0x00, 0x00, 0x00, 0x00,
    0x73, 0x00, 0x00, 0x00, 0x37, 0x00, 0x03, 0x00, 0x72, 0x00,
    0x00, 0x00, 0x74, 0x00, 0x00, 0x00, 0xf8, 0x00, 0x02, 0x00,
    0x76, 0x00, 0x00, 0x00, 0x41, 0x00, 0x05, 0x00, 0x66, 0x01,
    0x00, 0x00, 0x00, 0x07, 0x00, 0x00, 0x74, 0x00, 0x00, 0x00,
    0x65, 0x01, 0x00, 0x00, 0x3d, 0x00, 0x04, 0x00, 0x19, 0x00,
    0x00, 0x00, 0x01, 0x07, 0x00, 0x00, 0x00, 0x07, 0x00, 0x00,
    0xf7, 0x00, 0x03, 0x00, 0x05, 0x07, 0x00, 0x00, 0x00, 0x00,
    0x00, 0x00, 0xfb, 0x00, 0x09, 0x00, 0x01, 0x07, 0x00, 0x00,
    0x05, 0x07, 0x00, 0x00, 0x00, 0x00, 0x00, 0x00, 0x02, 0x07,
    0x00, 0x00, 0x01, 0x00, 0x00, 0x00, 0x03, 0x07, 0x00, 0x00,
    0x02, 0x00, 0x00, 0x00, 0x04, 0x07, 0x00, 0x00, 0xf8, 0x00,
    0x02, 0x00, 0x02, 0x07, 0x00, 0x00, 0xfe, 0x00, 0x02, 0x00,
    0xf3, 0x03, 0x00, 0x00, 0xf8, 0x00, 0x02, 0x00, 0x03, 0x07,
    0x00, 0x00, 0x41, 0x00, 0x06, 0x00, 0x2a, 0x00, 0x00, 0x00,
    0x07, 0x07, 0x00, 0x00, 0x74, 0x00, 0x00, 0x00, 0x87, 0x00,
    0x00, 0x00, 0x0e, 0x02, 0x00, 0x00, 0x3d, 0x00, 0x04, 0x00,
    0x06, 0x00, 0x00, 0x00, 0x08, 0x07, 0x00, 0x00, 0x07, 0x07,
    0x00, 0x00, 0x39, 0x00, 0x04, 0x00, 0x06, 0x00, 0x00, 0x00,
    0x09, 0x07, 0x00, 0x00, 0x20, 0x00, 0x00, 0x00, 0xba, 0x00,
    0x05, 0x00, 0x16, 0x00, 0x00, 0x00, 0x0a, 0x07, 0x00, 0x00,
    0x08, 0x07, 0x00, 0x00, 0x09, 0x07, 0x00, 0x00, 0xfe, 0x00,
    0x02, 0x00, 0x0a, 0x07, 0x00, 0x00, 0xf8, 0x00, 0x02, 0x00,
    0x04, 0x07, 0x00, 0x00, 0x41, 0x00, 0x06, 0x00, 0x2a, 0x00,
    0x00, 0x00, 0x0c, 0x07, 0x00, 0x00, 0x74, 0x00, 0x00, 0x00,
    0x87, 0x00, 0x00, 0x00, 0x0e, 0x02, 0x00, 0x00, 0x3d, 0x00,
    0x04, 0x00, 0x06, 0x00, 0x00, 0x00, 0x0d, 0x07, 0x00, 0x00,
    0x0c, 0x07, 0x00, 0x00, 0x41, 0x00, 0x05, 0x00, 0x2a, 0x00,
    0x00, 0x00, 0x0e, 0x07, 0x00, 0x00, 0x74, 0x00, 0x00, 0x00,
    0x69, 0x01, 0x00, 0x00, 0x3d, 0x00, 0x04, 0x00, 0x06, 0x00,
    0x00, 0x00, 0x0f, 0x07, 0x00, 0x00, 0x0e, 0x07, 0x00, 0x00,
    0xba, 0x00, 0x05, 0x00, 0x16, 0x00, 0x00, 0x00, 0x10, 0x07,
    0x00, 0x00, 0x0d, 0x07, 0x00, 0x00, 0x0f, 0x07, 0x00, 0x00,
    0xfe, 0x00, 0x02, 0x00, 0x10, 0x07, 0x00, 0x00, 0xf8, 0x00,
    0x02, 0x00, 0x05, 0x07, 0x00, 0x00, 0xfe, 0x00, 0x02, 0x00,
    0xf3, 0x03, 0x00, 0x00, 0x38, 0x00, 0x01, 0x00, 0x36, 0x00,
    0x05, 0x00, 0x16, 0x00, 0x00, 0x00, 0x7c, 0x00, 0x00, 0x00,
    0x00, 0x00, 0x00, 0x00, 0x77, 0x00, 0x00, 0x00, 0x37, 0x00,
    0x03, 0x00, 0x0e, 0x00, 0x00, 0x00, 0x78, 0x00, 0x00, 0x00,
    0x37, 0x00, 0x03, 0x00, 0x08, 0x00, 0x00, 0x00, 0x79, 0x00,
    0x00, 0x00, 0x37, 0x00, 0x03, 0x00, 0x08, 0x00, 0x00, 0x00,
    0x7a, 0x00, 0x00, 0x00, 0x37, 0x00, 0x03, 0x00, 0x18, 0x00,
    0x00, 0x00, 0x7b, 0x00, 0x00, 0x00, 0xf8, 0x00, 0x02, 0x00,
    0x7d, 0x00, 0x00, 0x00, 0x3b, 0x00, 0x04, 0x00, 0x72, 0x00,
    0x00, 0x00, 0x15, 0x07, 0x00, 0x00, 0x07, 0x00, 0x00, 0x00,
    0x3b, 0x00, 0x04, 0x00, 0x18, 0x00, 0x00, 0x00, 0x16, 0x07,
    0x00, 0x00, 0x07, 0x00, 0x00, 0x00, 0x3b, 0x00, 0x04, 0x00,
    0x72, 0x00, 0x00, 0x00, 0x1a, 0x07, 0x00, 0x00, 0x07, 0x00,
    0x00, 0x00, 0x3b, 0x00, 0x04, 0x00, 0x08, 0x00, 0x00, 0x00,
    0x21, 0x07, 0x00, 0x00, 0x07, 0x00, 0x00, 0x00, 0x3b, 0x00,
    0x04, 0x00, 0x08, 0x00, 0x00, 0x00, 0x27, 0x07, 0x00, 0x00,
    0x07, 0x00, 0x00, 0x00, 0x3b, 0x00, 0x04, 0x00, 0x2a, 0x00,
    0x00, 0x00, 0x63, 0x07, 0x00, 0x00, 0x07, 0x00, 0x00, 0x00,
    0x3b, 0x00, 0x04, 0x00, 0x08, 0x00, 0x00, 0x00, 0x92, 0x07,
    0x00, 0x00, 0x07, 0x00, 0x00, 0x00, 0x3b, 0x00, 0x04, 0x00,
    0x2a, 0x00, 0x00, 0x00, 0x99, 0x07, 0x00, 0x00, 0x07, 0x00,
    0x00, 0x00, 0x3b, 0x00, 0x04, 0x00, 0x08, 0x00, 0x00, 0x00,
    0xc0, 0x07, 0x00, 0x00, 0x07, 0x00, 0x00, 0x00, 0x3b, 0x00,
    0x04, 0x00, 0x08, 0x00, 0x00, 0x00, 0xc2, 0x07, 0x00, 0x00,
    0x07, 0x00, 0x00, 0x00, 0x3b, 0x00, 0x04, 0x00, 0x2a, 0x00,
    0x00, 0x00, 0xc4, 0x07, 0x00, 0x00, 0x07, 0x00, 0x00, 0x00,
    0x3d, 0x00, 0x04, 0x00, 0x17, 0x00, 0x00, 0x00, 0x17, 0x07,
    0x00, 0x00, 0x7b, 0x00, 0x00, 0x00, 0x3e, 0x00, 0x03, 0x00,
    0x16, 0x07, 0x00, 0x00, 0x17, 0x07, 0x00, 0x00, 0x39, 0x00,
    0x05, 0x00, 0x1a, 0x00, 0x00, 0x00, 0x18, 0x07, 0x00, 0x00,
    0x1d, 0x00, 0x00, 0x00, 0x16, 0x07, 0x00, 0x00, 0x3d, 0x00,
    0x04, 0x00, 0x17, 0x00, 0x00, 0x00, 0x19, 0x07, 0x00, 0x00,
    0x16, 0x07, 0x00, 0x00, 0x3e, 0x00, 0x03, 0x00, 0x7b, 0x00,
    0x00, 0x00, 0x19, 0x07, 0x00, 0x00, 0x3e, 0x00, 0x03, 0x00,
    0x15, 0x07, 0x00, 0x00, 0x18, 0x07, 0x00, 0x00, 0x3d, 0x00,
    0x04, 0x00, 0x1a, 0x00, 0x00, 0x00, 0x1b, 0x07, 0x00, 0x00,
    0x15, 0x07, 0x00, 0x00, 0x3e, 0x00, 0x03, 0x00, 0x1a, 0x07,
    0x00, 0x00, 0x1b, 0x07, 0x00, 0x00, 0x39, 0x00, 0x05, 0x00,
    0x16, 0x00, 0x00, 0x00, 0x1c, 0x07, 0x00, 0x00, 0x75, 0x00,
    0x00, 0x00, 0x1a, 0x07, 0x00, 0x00, 0xa8, 0x00, 0x04, 0x00,
    0x16, 0x00, 0x00, 0x00, 0x1d, 0x07, 0x00, 0x00, 0x1c, 0x07,
    0x00, 0x00, 0xf7, 0x00, 0x03, 0x00, 0x1f, 0x07, 0x00, 0x00,
    0x00, 0x00, 0x00, 0x00, 0xfa, 0x00, 0x04, 0x00, 0x1d, 0x07,
    0x00, 0x00, 0x1e, 0x07, 0x00, 0x00, 0x1f, 0x07, 0x00, 0x00,
    0xf8, 0x00, 0x02, 0x00, 0x1e, 0x07, 0x00, 0x00, 0xfe, 0x00,
    0x02, 0x00, 0x46, 0x03, 0x00, 0x00, 0xf8, 0x00, 0x02, 0x00,
    0x1f, 0x07, 0x00, 0x00, 0x41, 0x00, 0x05, 0x00, 0x08, 0x00,
    0x00, 0x00, 0x22, 0x07, 0x00, 0x00, 0x78, 0x00, 0x00, 0x00,
    0xb0, 0x00, 0x00, 0x00, 0x3d, 0x00, 0x04, 0x00, 0x07, 0x00,
    0x00, 0x00, 0x23, 0x07, 0x00, 0x00, 0x22, 0x07, 0x00, 0x00,
    0x41, 0x00, 0x05, 0x00, 0x08, 0x00, 0x00, 0x00, 0x24, 0x07,
    0x00, 0x00, 0x7b, 0x00, 0x00, 0x00, 0x1a, 0x01, 0x00, 0x00,
    0x3d, 0x00, 0x04, 0x00, 0x07, 0x00, 0x00, 0x00, 0x25, 0x07,
    0x00, 0x00, 0x24, 0x07, 0x00, 0x00, 0x0c, 0x00, 0x07, 0x00,
    0x07, 0x00, 0x00, 0x00, 0x26, 0x07, 0x00, 0x00, 0x01, 0x00,
    0x00, 0x00, 0x47, 0x00, 0x00, 0x00, 0x23, 0x07, 0x00, 0x00,
    0x25, 0x07, 0x00, 0x00, 0x3e, 0x00, 0x03, 0x00, 0x21, 0x07,
    0x00, 0x00, 0x26, 0x07, 0x00, 0x00, 0x39, 0x00, 0x04, 0x00,
    0x07, 0x00, 0x00, 0x00, 0x28, 0x07, 0x00, 0x00, 0x28, 0x00,
    0x00, 0x00, 0x41, 0x00, 0x05, 0x00, 0x08, 0x00, 0x00, 0x00,
    0x29, 0x07, 0x00, 0x00, 0x7b, 0x00, 0x00, 0x00, 0x1a, 0x01,
    0x00, 0x00, 0x3d, 0x00, 0x04, 0x00, 0x07, 0x00, 0x00, 0x00,
    0x2a, 0x07, 0x00, 0x00, 0x29, 0x07, 0x00, 0x00, 0x81, 0x00,
    0x05, 0x00, 0x07, 0x00, 0x00, 0x00, 0x2b, 0x07, 0x00, 0x00,
    0x28, 0x07, 0x00, 0x00, 0x2a, 0x07, 0x00, 0x00, 0x0c, 0x00,
    0x06, 0x00, 0x07, 0x00, 0x00, 0x00, 0x2c, 0x07, 0x00, 0x00,
    0x01, 0x00, 0x00, 0x00, 0x45, 0x00, 0x00, 0x00, 0x2b, 0x07,
    0x00, 0x00, 0x3e, 0x00, 0x03, 0x00, 0x27, 0x07, 0x00, 0x00,
    0x2c, 0x07, 0x00, 0x00, 0x41, 0x00, 0x05, 0x00, 0x2a, 0x00,
    0x00, 0x00, 0x2d, 0x07, 0x00, 0x00, 0x15, 0x07, 0x00, 0x00,
    0x39, 0x01, 0x00, 0x00, 0x3d, 0x00, 0x04, 0x00, 0x06, 0x00,
    0x00, 0x00, 0x2e, 0x07, 0x00, 0x00, 0x2d, 0x07, 0x00, 0x00,
    0x39, 0x00, 0x04, 0x00, 0x06, 0x00, 0x00, 0x00, 0x2f, 0x07,
    0x00, 0x00, 0x20, 0x00, 0x00, 0x00, 0xbc, 0x00, 0x05, 0x00,
    0x16, 0x00, 0x00, 0x00, 0x30, 0x07, 0x00, 0x00, 0x2e, 0x07,
    0x00, 0x00, 0x2f, 0x07, 0x00, 0x00, 0xf7, 0x00, 0x03, 0x00,
    0x32, 0x07, 0x00, 0x00, 0x00, 0x00, 0x00, 0x00, 0xfa, 0x00,
    0x04, 0x00, 0x30, 0x07, 0x00, 0x00, 0x31, 0x07, 0x00, 0x00,
    0x32, 0x07, 0x00, 0x00, 0xf8, 0x00, 0x02, 0x00, 0x31, 0x07,
    0x00, 0x00, 0x39, 0x00, 0x04, 0x00, 0x06, 0x00, 0x00, 0x00,
    0x33, 0x07, 0x00, 0x00, 0x20, 0x00, 0x00, 0x00, 0xbe, 0x00,
    0x05, 0x00, 0x16, 0x00, 0x00, 0x00, 0x35, 0x07, 0x00, 0x00,
    0x33, 0x07, 0x00, 0x00, 0x34, 0x07, 0x00, 0x00, 0xf9, 0x00,
    0x02, 0x00, 0x32, 0x07, 0x00, 0x00, 0xf8, 0x00, 0x02, 0x00,
    0x32, 0x07, 0x00, 0x00, 0xf5, 0x00, 0x07, 0x00, 0x16, 0x00,
    0x00, 0x00, 0x36, 0x07, 0x00, 0x00, 0x30, 0x07, 0x00, 0x00,
    0x1f, 0x07, 0x00, 0x00, 0x35, 0x07, 0x00, 0x00, 0x31, 0x07,
    0x00, 0x00, 0xf7, 0x00, 0x03, 0x00, 0x38, 0x07, 0x00, 0x00,
    0x00, 0x00, 0x00, 0x00, 0xfa, 0x00, 0x04, 0x00, 0x36, 0x07,
    0x00, 0x00, 0x37, 0x07, 0x00, 0x00, 0x38, 0x07, 0x00, 0x00,
    0xf8, 0x00, 0x02, 0x00, 0x37, 0x07, 0x00, 0x00, 0x41, 0x00,
    0x05, 0x00, 0x2a, 0x00, 0x00, 0x00, 0x39, 0x07, 0x00, 0x00,
    0x15, 0x07, 0x00, 0x00, 0x4b, 0x01, 0x00, 0x00, 0x3e, 0x00,
    0x03, 0x00, 0x39, 0x07, 0x00, 0x00, 0xd9, 0x01, 0x00, 0x00,
    0xf9, 0x00, 0x02, 0x00, 0x38, 0x07, 0x00, 0x00, 0xf8, 0x00,
    0x02, 0x00, 0x38, 0x07, 0x00, 0x00, 0x41, 0x00, 0x05, 0x00,
    0x2a, 0x00, 0x00, 0x00, 0x3a, 0x07, 0x00, 0x00, 0x15, 0x07,
    0x00, 0x00, 0xc4, 0x00, 0x00, 0x00, 0x3d, 0x00, 0x04, 0x00,
    0x06, 0x00, 0x00, 0x00, 0x3b, 0x07, 0x00, 0x00, 0x3a, 0x07,
    0x00, 0x00, 0xba, 0x00, 0x05, 0x00, 0x16, 0x00, 0x00, 0x00,
    0x3c, 0x07, 0x00, 0x00, 0x3b, 0x07, 0x00, 0x00, 0x0f, 0x01,
    0x00, 0x00, 0xf7, 0x00, 0x03, 0x00, 0x3e, 0x07, 0x00, 0x00,
    0x00, 0x00, 0x00, 0x00, 0xfa, 0x00, 0x04, 0x00, 0x3c, 0x07,
    0x00, 0x00, 0x3d, 0x07, 0x00, 0x00, 0x3e, 0x07, 0x00, 0x00,
    0xf8, 0x00, 0x02, 0x00, 0x3d, 0x07, 0x00, 0x00, 0x41, 0x00,
    0x05, 0x00, 0x08, 0x00, 0x00, 0x00, 0x3f, 0x07, 0x00, 0x00,
    0x7b, 0x00, 0x00, 0x00, 0x1a, 0x01, 0x00, 0x00, 0x3d, 0x00,
    0x04, 0x00, 0x07, 0x00, 0x00, 0x00, 0x40, 0x07, 0x00, 0x00,
    0x3f, 0x07, 0x00, 0x00, 0x41, 0x00, 0x05, 0x00, 0x08, 0x00,
    0x00, 0x00, 0x41, 0x07, 0x00, 0x00, 0x78, 0x00, 0x00, 0x00,
    0xb0, 0x00, 0x00, 0x00, 0x3d, 0x00, 0x04, 0x00, 0x07, 0x00,
    0x00, 0x00, 0x42, 0x07, 0x00, 0x00, 0x41, 0x07, 0x00, 0x00,
    0x7f, 0x00, 0x04, 0x00, 0x07, 0x00, 0x00, 0x00, 0x43, 0x07,
    0x00, 0x00, 0x42, 0x07, 0x00, 0x00, 0x94, 0x00, 0x05, 0x00,
    0x06, 0x00, 0x00, 0x00, 0x44, 0x07, 0x00, 0x00, 0x40, 0x07,
    0x00, 0x00, 0x43, 0x07, 0x00, 0x00, 0x41, 0x00, 0x05, 0x00,
    0x2a, 0x00, 0x00, 0x00, 0x45, 0x07, 0x00, 0x00, 0x15, 0x07,
    0x00, 0x00, 0xc4, 0x00, 0x00, 0x00, 0x3d, 0x00, 0x04, 0x00,
    0x06, 0x00, 0x00, 0x00, 0x46, 0x07, 0x00, 0x00, 0x45, 0x07,
    0x00, 0x00, 0x0c, 0x00, 0x07, 0x00, 0x06, 0x00, 0x00, 0x00,
    0x47, 0x07, 0x00, 0x00, 0x01, 0x00, 0x00, 0x00, 0x1a, 0x00,
    0x00, 0x00, 0x44, 0x07, 0x00, 0x00, 0x46, 0x07, 0x00, 0x00,
    0x83, 0x00, 0x05, 0x00, 0x06, 0x00, 0x00, 0x00, 0x48, 0x07,
    0x00, 0x00, 0xd9, 0x01, 0x00, 0x00, 0x47, 0x07, 0x00, 0x00,
    0x39, 0x00, 0x04, 0x00, 0x06, 0x00, 0x00, 0x00, 0x49, 0x07,
    0x00, 0x00, 0x20, 0x00, 0x00, 0x00, 0xbe, 0x00, 0x05, 0x00,
    0x16, 0x00, 0x00, 0x00, 0x4a, 0x07, 0x00, 0x00, 0x48, 0x07,
    0x00, 0x00, 0x49, 0x07, 0x00, 0x00, 0xf9, 0x00, 0x02, 0x00,
    0x3e, 0x07, 0x00, 0x00, 0xf8, 0x00, 0x02, 0x00, 0x3e, 0x07,
    0x00, 0x00, 0xf5, 0x00, 0x07, 0x00, 0x16, 0x00, 0x00, 0x00,
    0x4b, 0x07, 0x00, 0x00, 0x3c, 0x07, 0x00, 0x00, 0x38, 0x07,
    0x00, 0x00, 0x4a, 0x07, 0x00, 0x00, 0x3d, 0x07, 0x00, 0x00,
    0xf7, 0x00, 0x03, 0x00, 0x4d, 0x07, 0x00, 0x00, 0x00, 0x00,
    0x00, 0x00, 0xfa, 0x00, 0x04, 0x00, 0x4b, 0x07, 0x00, 0x00,
    0x4c, 0x07, 0x00, 0x00, 0x4d, 0x07, 0x00, 0x00, 0xf8, 0x00,
    0x02, 0x00, 0x4c, 0x07, 0x00, 0x00, 0x41, 0x00, 0x05, 0x00,
    0x08, 0x00, 0x00, 0x00, 0x4e, 0x07, 0x00, 0x00, 0x7b, 0x00,
    0x00, 0x00, 0xb0, 0x00, 0x00, 0x00, 0x3d, 0x00, 0x04, 0x00,
    0x07, 0x00, 0x00, 0x00, 0x4f, 0x07, 0x00, 0x00, 0x4e, 0x07,
    0x00, 0x00, 0x41, 0x00, 0x05, 0x00, 0x08, 0x00, 0x00, 0x00,
    0x50, 0x07, 0x00, 0x00, 0x78, 0x00, 0x00, 0x00, 0x87, 0x00,
    0x00, 0x00, 0x3e, 0x00, 0x03, 0x00, 0x50, 0x07, 0x00, 0x00,
    0x4f, 0x07, 0x00, 0x00, 0x3d, 0x00, 0x04, 0x00, 0x07, 0x00,
    0x00, 0x00, 0x51, 0x07, 0x00, 0x00, 0x21, 0x07, 0x00, 0x00,
    0x41, 0x00, 0x05, 0x00, 0x08, 0x00, 0x00, 0x00, 0x52, 0x07,
    0x00, 0x00, 0x78, 0x00, 0x00, 0x00, 0xb0, 0x00, 0x00, 0x00,
    0x3e, 0x00, 0x03, 0x00, 0x52, 0x07, 0x00, 0x00, 0x51, 0x07,
    0x00, 0x00, 0x41, 0x00, 0x05, 0x00, 0x08, 0x00, 0x00, 0x00,
    0x53, 0x07, 0x00, 0x00, 0x15, 0x07, 0x00, 0x00, 0xb0, 0x00,
    0x00, 0x00, 0x3d, 0x00, 0x04, 0x00, 0x07, 0x00, 0x00, 0x00,
    0x54, 0x07, 0x00, 0x00, 0x53, 0x07, 0x00, 0x00, 0x3d, 0x00,
    0x04, 0x00, 0x07, 0x00, 0x00, 0x00, 0x55, 0x07, 0x00, 0x00,
    0x79, 0x00, 0x00, 0x00, 0x85, 0x00, 0x05, 0x00, 0x07, 0x00,
    0x00, 0x00, 0x56, 0x07, 0x00, 0x00, 0x54, 0x07, 0x00, 0x00,
    0x55, 0x07, 0x00, 0x00, 0x3d, 0x00, 0x04, 0x00, 0x07, 0x00,
    0x00, 0x00, 0x57, 0x07, 0x00, 0x00, 0x7a, 0x00, 0x00, 0x00,
    0x81, 0x00, 0x05, 0x00, 0x07, 0x00, 0x00, 0x00, 0x58, 0x07,
    0x00, 0x00, 0x57, 0x07, 0x00, 0x00, 0x56, 0x07, 0x00, 0x00,
    0x3e, 0x00, 0x03, 0x00, 0x7a, 0x00, 0x00, 0x00, 0x58, 0x07,
    0x00, 0x00, 0x41, 0x00, 0x05, 0x00, 0x08, 0x00, 0x00, 0x00,
    0x59, 0x07, 0x00, 0x00, 0x15, 0x07, 0x00, 0x00, 0x1a, 0x01,
    0x00, 0x00, 0x3d, 0x00, 0x04, 0x00, 0x07, 0x00, 0x00, 0x00,
    0x5a, 0x07, 0x00, 0x00, 0x59, 0x07, 0x00, 0x00, 0x3d, 0x00,
    0x04, 0x00, 0x07, 0x00, 0x00, 0x00, 0x5b, 0x07, 0x00, 0x00,
    0x79, 0x00, 0x00, 0x00, 0x85, 0x00, 0x05, 0x00, 0x07, 0x00,
    0x00, 0x00, 0x5c, 0x07, 0x00, 0x00, 0x5b, 0x07, 0x00, 0x00,
    0x5a, 0x07, 0x00, 0x00, 0x3e, 0x00, 0x03, 0x00, 0x79, 0x00,
    0x00, 0x00, 0x5c, 0x07, 0x00, 0x00, 0xfe, 0x00, 0x02, 0x00,
    0xf3, 0x03, 0x00, 0x00, 0xf8, 0x00, 0x02, 0x00, 0x4d, 0x07,
    0x00, 0x00, 0x41, 0x00, 0x05, 0x00, 0x2a, 0x00, 0x00, 0x00,
    0x5e, 0x07, 0x00, 0x00, 0x15, 0x07, 0x00, 0x00, 0x53, 0x01,
    0x00, 0x00, 0x3d, 0x00, 0x04, 0x00, 0x06, 0x00, 0x00, 0x00,
    0x5f, 0x07, 0x00, 0x00, 0x5e, 0x07, 0x00, 0x00, 0xba, 0x00,
    0x05, 0x00, 0x16, 0x00, 0x00, 0x00, 0x60, 0x07, 0x00, 0x00,
    0x5f, 0x07, 0x00, 0x00, 0x0f, 0x01, 0x00, 0x00, 0xf7, 0x00,
    0x03, 0x00, 0x62, 0x07, 0x00, 0x00, 0x00, 0x00, 0x00, 0x00,
    0xfa, 0x00, 0x04, 0x00, 0x60, 0x07, 0x00, 0x00, 0x61, 0x07,
    0x00, 0x00, 0x62, 0x07, 0x00, 0x00, 0xf8, 0x00, 0x02, 0x00,
    0x61, 0x07, 0x00, 0x00, 0x39, 0x00, 0x04, 0x00, 0x06, 0x00,
    0x00, 0x00, 0x64, 0x07, 0x00, 0x00, 0x20, 0x00, 0x00, 0x00,
    0x0c, 0x00, 0x06, 0x00, 0x06, 0x00, 0x00, 0x00, 0x65, 0x07,
    0x00, 0x00, 0x01, 0x00, 0x00, 0x00, 0x1c, 0x00, 0x00, 0x00,
    0x64, 0x07, 0x00, 0x00, 0x7f, 0x00, 0x04, 0x00, 0x06, 0x00,
    0x00, 0x00, 0x66, 0x07, 0x00, 0x00, 0x65, 0x07, 0x00, 0x00,
    0x41, 0x00, 0x05, 0x00, 0x2a, 0x00, 0x00, 0x00, 0x67, 0x07,
    0x00, 0x00, 0x15, 0x07, 0x00, 0x00, 0x53, 0x01, 0x00, 0x00,
    0x3d, 0x00, 0x04, 0x00, 0x06, 0x00, 0x00, 0x00, 0x68, 0x07,
    0x00, 0x00, 0x67, 0x07, 0x00, 0x00, 0x88, 0x00, 0x05, 0x00,
    0x06, 0x00, 0x00, 0x00, 0x69, 0x07, 0x00, 0x00, 0x66, 0x07,
    0x00, 0x00, 0x68, 0x07, 0x00, 0x00, 0x3e, 0x00, 0x03, 0x00,
    0x63, 0x07, 0x00, 0x00, 0x69, 0x07, 0x00, 0x00, 0x41, 0x00,
    0x05, 0x00, 0x33, 0x00, 0x00, 0x00, 0x6a, 0x07, 0x00, 0x00,
    0x7b, 0x00, 0x00, 0x00, 0x50, 0x01, 0x00, 0x00, 0x3d, 0x00,
    0x04, 0x00, 0x16, 0x00, 0x00, 0x00, 0x6b, 0x07, 0x00, 0x00,
    0x6a, 0x07, 0x00, 0x00, 0xa8, 0x00, 0x04, 0x00, 0x16, 0x00,
    0x00, 0x00, 0x6c, 0x07, 0x00, 0x00, 0x6b, 0x07, 0x00, 0x00,
    0xf7, 0x00, 0x03, 0x00, 0x6e, 0x07, 0x00, 0x00, 0x00, 0x00,
    0x00, 0x00, 0xfa, 0x00, 0x04, 0x00, 0x6c, 0x07, 0x00, 0x00,
    0x6d, 0x07, 0x00, 0x00, 0x6e, 0x07, 0x00, 0x00, 0xf8, 0x00,
    0x02, 0x00, 0x6d, 0x07, 0x00, 0x00, 0x3d, 0x00, 0x04, 0x00,
    0x06, 0x00, 0x00, 0x00, 0x6f, 0x07, 0x00, 0x00, 0x63, 0x07,
    0x00, 0x00, 0x41, 0x00, 0x05, 0x00, 0x2a, 0x00, 0x00, 0x00,
    0x70, 0x07, 0x00, 0x00, 0x7b, 0x00, 0x00, 0x00, 0x87, 0x00,
    0x00, 0x00, 0x3d, 0x00, 0x04, 0x00, 0x06, 0x00, 0x00, 0x00,
    0x71, 0x07, 0x00, 0x00, 0x70, 0x07, 0x00, 0x00, 0xbe, 0x00,
    0x05, 0x00, 0x16, 0x00, 0x00, 0x00, 0x72, 0x07, 0x00, 0x00,
    0x6f, 0x07, 0x00, 0x00, 0x71, 0x07, 0x00, 0x00, 0xf9, 0x00,
    0x02, 0x00, 0x6e, 0x07, 0x00, 0x00, 0xf8, 0x00, 0x02, 0x00,
    0x6e, 0x07, 0x00, 0x00, 0xf5, 0x00, 0x07, 0x00, 0x16, 0x00,
    0x00, 0x00, 0x73, 0x07, 0x00, 0x00, 0x6b, 0x07, 0x00, 0x00,
    0x61, 0x07, 0x00, 0x00, 0x72, 0x07, 0x00, 0x00, 0x6d, 0x07,
    0x00, 0x00, 0xf7, 0x00, 0x03, 0x00, 0x75, 0x07, 0x00, 0x00,
    0x00, 0x00, 0x00, 0x00, 0xfa, 0x00, 0x04, 0x00, 0x73, 0x07,
    0x00, 0x00, 0x74, 0x07, 0x00, 0x00, 0x75, 0x07, 0x00, 0x00,
    0xf8, 0x00, 0x02, 0x00, 0x74, 0x07, 0x00, 0x00, 0xfe, 0x00,
    0x02, 0x00, 0x46, 0x03, 0x00, 0x00, 0xf8, 0x00, 0x02, 0x00,
    0x75, 0x07, 0x00, 0x00, 0x41, 0x00, 0x05, 0x00, 0x08, 0x00,
    0x00, 0x00, 0x77, 0x07, 0x00, 0x00, 0x78, 0x00, 0x00, 0x00,
    0xb0, 0x00, 0x00, 0x00, 0x3d, 0x00, 0x04, 0x00, 0x07, 0x00,
    0x00, 0x00, 0x78, 0x07, 0x00, 0x00, 0x77, 0x07, 0x00, 0x00,
    0x3d, 0x00, 0x04, 0x00, 0x06, 0x00, 0x00, 0x00, 0x79, 0x07,
    0x00, 0x00, 0x63, 0x07, 0x00, 0x00, 0x8e, 0x00, 0x05, 0x00,
    0x07, 0x00, 0x00, 0x00, 0x7a, 0x07, 0x00, 0x00, 0x78, 0x07,
    0x00, 0x00, 0x79, 0x07, 0x00, 0x00, 0x41, 0x00, 0x05, 0x00,
    0x08, 0x00, 0x00, 0x00, 0x7b, 0x07, 0x00, 0x00, 0x78, 0x00,
    0x00, 0x00, 0x87, 0x00, 0x00, 0x00, 0x3d, 0x00, 0x04, 0x00,
    0x07, 0x00, 0x00, 0x00, 0x7c, 0x07, 0x00, 0x00, 0x7b, 0x07,
    0x00, 0x00, 0x81, 0x00, 0x05, 0x00, 0x07, 0x00, 0x00, 0x00,
    0x7d, 0x07, 0x00, 0x00, 0x7c, 0x07, 0x00, 0x00, 0x7a, 0x07,
    0x00, 0x00, 0x41, 0x00, 0x05, 0x00, 0x08, 0x00, 0x00, 0x00,
    0x7e, 0x07, 0x00, 0x00, 0x78, 0x00, 0x00, 0x00, 0x87, 0x00,
    0x00, 0x00, 0x3e, 0x00, 0x03, 0x00, 0x7e, 0x07, 0x00, 0x00,
    0x7d, 0x07, 0x00, 0x00, 0x39, 0x00, 0x04, 0x00, 0x07, 0x00,
    0x00, 0x00, 0x7f, 0x07, 0x00, 0x00, 0x28, 0x00, 0x00, 0x00,
    0x41, 0x00, 0x05, 0x00, 0x08, 0x00, 0x00, 0x00, 0x80, 0x07,
    0x00, 0x00, 0x78, 0x00, 0x00, 0x00, 0xb0, 0x00, 0x00, 0x00,
    0x3e, 0x00, 0x03, 0x00, 0x80, 0x07, 0x00, 0x00, 0x7f, 0x07,
    0x00, 0x00, 0x41, 0x00, 0x05, 0x00, 0x08, 0x00, 0x00, 0x00,
    0x81, 0x07, 0x00, 0x00, 0x15, 0x07, 0x00, 0x00, 0xb0, 0x00,
    0x00, 0x00, 0x3d, 0x00, 0x04, 0x00, 0x07, 0x00, 0x00, 0x00,
    0x82, 0x07, 0x00, 0x00, 0x81, 0x07, 0x00, 0x00, 0x3d, 0x00,
    0x04, 0x00, 0x07, 0x00, 0x00, 0x00, 0x83, 0x07, 0x00, 0x00,
    0x79, 0x00, 0x00, 0x00, 0x85, 0x00, 0x05, 0x00, 0x07, 0x00,
    0x00, 0x00, 0x84, 0x07, 0x00, 0x00, 0x82, 0x07, 0x00, 0x00,
    0x83, 0x07, 0x00, 0x00, 0x3d, 0x00, 0x04, 0x00, 0x07, 0x00,
    0x00, 0x00, 0x85, 0x07, 0x00, 0x00, 0x7a, 0x00, 0x00, 0x00,
    0x81, 0x00, 0x05, 0x00, 0x07, 0x00, 0x00, 0x00, 0x86, 0x07,
    0x00, 0x00, 0x85, 0x07, 0x00, 0x00, 0x84, 0x07, 0x00, 0x00,
    0x3e, 0x00, 0x03, 0x00, 0x7a, 0x00, 0x00, 0x00, 0x86, 0x07,
    0x00, 0x00, 0x41, 0x00, 0x05, 0x00, 0x40, 0x01, 0x00, 0x00,
    0x87, 0x07, 0x00, 0x00, 0x15, 0x07, 0x00, 0x00, 0x87, 0x00,
    0x00, 0x00, 0x3d, 0x00, 0x04, 0x00, 0x0f, 0x00, 0x00, 0x00,
    0x88, 0x07, 0x00, 0x00, 0x87, 0x07, 0x00, 0x00, 0x4f, 0x00,
    0x08, 0x00, 0x07, 0x00, 0x00, 0x00, 0x89, 0x07, 0x00, 0x00,
    0x88, 0x07, 0x00, 0x00, 0x88, 0x07, 0x00, 0x00, 0x00, 0x00,
    0x00, 0x00, 0x01, 0x00, 0x00, 0x00, 0x02, 0x00, 0x00, 0x00,
    0x3d, 0x00, 0x04, 0x00, 0x07, 0x00, 0x00, 0x00, 0x8a, 0x07,
    0x00, 0x00, 0x79, 0x00, 0x00, 0x00, 0x85, 0x00, 0x05, 0x00,
    0x07, 0x00, 0x00, 0x00, 0x8b, 0x07, 0x00, 0x00, 0x8a, 0x07,
    0x00, 0x00, 0x89, 0x07, 0x00, 0x00, 0x3e, 0x00, 0x03, 0x00,
    0x79, 0x00, 0x00, 0x00, 0x8b, 0x07, 0x00, 0x00, 0xfe, 0x00,
    0x02, 0x00, 0xf3, 0x03, 0x00, 0x00, 0xf8, 0x00, 0x02, 0x00,
    0x62, 0x07, 0x00, 0x00, 0x41, 0x00, 0x05, 0x00, 0x2a, 0x00,
    0x00, 0x00, 0x8d, 0x07, 0x00, 0x00, 0x15, 0x07, 0x00, 0x00,
    0x50, 0x01, 0x00, 0x00, 0x3d, 0x00, 0x04, 0x00, 0x06, 0x00,
    0x00, 0x00, 0x8e, 0x07, 0x00, 0x00, 0x8d, 0x07, 0x00, 0x00,
    0xba, 0x00, 0x05, 0x00, 0x16, 0x00, 0x00, 0x00, 0x8f, 0x07,
    0x00, 0x00, 0x8e, 0x07, 0x00, 0x00, 0x0f, 0x01, 0x00, 0x00,
    0xf7, 0x00, 0x03, 0x00, 0x91, 0x07, 0x00, 0x00, 0x00, 0x00,
    0x00, 0x00, 0xfa, 0x00, 0x04, 0x00, 0x8f, 0x07, 0x00, 0x00,
    0x90, 0x07, 0x00, 0x00, 0x91, 0x07, 0x00, 0x00, 0xf8, 0x00,
    0x02, 0x00, 0x90, 0x07, 0x00, 0x00, 0x41, 0x00, 0x05, 0x00,
    0x08, 0x00, 0x00, 0x00, 0x93, 0x07, 0x00, 0x00, 0x78, 0x00,
    0x00, 0x00, 0xb0, 0x00, 0x00, 0x00, 0x3d, 0x00, 0x04, 0x00,
    0x07, 0x00, 0x00, 0x00, 0x94, 0x07, 0x00, 0x00, 0x93, 0x07,
    0x00, 0x00, 0x41, 0x00, 0x05, 0x00, 0x08, 0x00, 0x00, 0x00,
    0x95, 0x07, 0x00, 0x00, 0x7b, 0x00, 0x00, 0x00, 0x1a, 0x01,
    0x00, 0x00, 0x3d, 0x00, 0x04, 0x00, 0x07, 0x00, 0x00, 0x00,
    0x96, 0x07, 0x00, 0x00, 0x95, 0x07, 0x00, 0x00, 0x41, 0x00,
    0x05, 0x00, 0x33, 0x00, 0x00, 0x00, 0x97, 0x07, 0x00, 0x00,
    0x7b, 0x00, 0x00, 0x00, 0x50, 0x01, 0x00, 0x00, 0x3d, 0x00,
    0x04, 0x00, 0x16, 0x00, 0x00, 0x00, 0x98, 0x07, 0x00, 0x00,
    0x97, 0x07, 0x00, 0x00, 0xf7, 0x00, 0x03, 0x00, 0x9b, 0x07,
    0x00, 0x00, 0x00, 0x00, 0x00, 0x00, 0xfa, 0x00, 0x04, 0x00,
    0x98, 0x07, 0x00, 0x00, 0x9a, 0x07, 0x00, 0x00, 0x9f, 0x07,
    0x00, 0x00, 0xf8, 0x00, 0x02, 0x00, 0x9a, 0x07, 0x00, 0x00,
    0x41, 0x00, 0x05, 0x00, 0x2a, 0x00, 0x00, 0x00, 0x9c, 0x07,
    0x00, 0x00, 0x15, 0x07, 0x00, 0x00, 0x50, 0x01, 0x00, 0x00,
    0x3d, 0x00, 0x04, 0x00, 0x06, 0x00, 0x00, 0x00, 0x9d, 0x07,
    0x00, 0x00, 0x9c, 0x07, 0x00, 0x00, 0x88, 0x00, 0x05, 0x00,
    0x06, 0x00, 0x00, 0x00, 0x9e, 0x07, 0x00, 0x00, 0xd9, 0x01,
    0x00, 0x00, 0x9d, 0x07, 0x00, 0x00, 0x3e, 0x00, 0x03, 0x00,
    0x99, 0x07, 0x00, 0x00, 0x9e, 0x07, 0x00, 0x00, 0xf9, 0x00,
    0x02, 0x00, 0x9b, 0x07, 0x00, 0x00, 0xf8, 0x00, 0x02, 0x00,
    0x9f, 0x07, 0x00, 0x00, 0x41, 0x00, 0x05, 0x00, 0x2a, 0x00,
    0x00, 0x00, 0xa0, 0x07, 0x00, 0x00, 0x15, 0x07, 0x00, 0x00,
    0x50, 0x01, 0x00, 0x00, 0x3d, 0x00, 0x04, 0x00, 0x06, 0x00,
    0x00, 0x00, 0xa1, 0x07, 0x00, 0x00, 0xa0, 0x07, 0x00, 0x00,
    0x3e, 0x00, 0x03, 0x00, 0x99, 0x07, 0x00, 0x00, 0xa1, 0x07,
    0x00, 0x00, 0xf9, 0x00, 0x02, 0x00, 0x9b, 0x07, 0x00, 0x00,
    0xf8, 0x00, 0x02, 0x00, 0x9b, 0x07, 0x00, 0x00, 0x3d, 0x00,
    0x04, 0x00, 0x06, 0x00, 0x00, 0x00, 0xa2, 0x07, 0x00, 0x00,
    0x99, 0x07, 0x00, 0x00, 0x0c, 0x00, 0x08, 0x00, 0x07, 0x00,
    0x00, 0x00, 0xa3, 0x07, 0x00, 0x00, 0x01, 0x00, 0x00, 0x00,
    0x48, 0x00, 0x00, 0x00, 0x94, 0x07, 0x00, 0x00, 0x96, 0x07,
    0x00, 0x00, 0xa2, 0x07, 0x00, 0x00, 0x3e, 0x00, 0x03, 0x00,
    0x92, 0x07, 0x00, 0x00, 0xa3, 0x07, 0x00, 0x00, 0x3d, 0x00,
    0x04, 0x00, 0x07, 0x00, 0x00, 0x00, 0xa4, 0x07, 0x00, 0x00,
    0x92, 0x07, 0x00, 0x00, 0xb4, 0x00, 0x05, 0x00, 0xa6, 0x07,
    0x00, 0x00, 0xa7, 0x07, 0x00, 0x00, 0xa4, 0x07, 0x00, 0x00,
    0xa5, 0x07, 0x00, 0x00, 0x9b, 0x00, 0x04, 0x00, 0x16, 0x00,
    0x00, 0x00, 0xa8, 0x07, 0x00, 0x00, 0xa7, 0x07, 0x00, 0x00,
    0xf7, 0x00, 0x03, 0x00, 0xaa, 0x07, 0x00, 0x00, 0x00, 0x00,
    0x00, 0x00, 0xfa, 0x00, 0x04, 0x00, 0xa8, 0x07, 0x00, 0x00,
    0xa9, 0x07, 0x00, 0x00, 0xaa, 0x07, 0x00, 0x00, 0xf8, 0x00,
    0x02, 0x00, 0xa9, 0x07, 0x00, 0x00, 0x3d, 0x00, 0x04, 0x00,
    0x07, 0x00, 0x00, 0x00, 0xab, 0x07, 0x00, 0x00, 0x21, 0x07,
    0x00, 0x00, 0x3e, 0x00, 0x03, 0x00, 0x92, 0x07, 0x00, 0x00,
    0xab, 0x07, 0x00, 0x00, 0xf9, 0x00, 0x02, 0x00, 0xaa, 0x07,
    0x00, 0x00, 0xf8, 0x00, 0x02, 0x00, 0xaa, 0x07, 0x00, 0x00,
    0x41, 0x00, 0x05, 0x00, 0x08, 0x00, 0x00, 0x00, 0xac, 0x07,
    0x00, 0x00, 0x7b, 0x00, 0x00, 0x00, 0xb0, 0x00, 0x00, 0x00,
    0x3d, 0x00, 0x04, 0x00, 0x07, 0x00, 0x00, 0x00, 0xad, 0x07,
    0x00, 0x00, 0xac, 0x07, 0x00, 0x00, 0x41, 0x00, 0x05, 0x00,
    0x08, 0x00, 0x00, 0x00, 0xae, 0x07, 0x00, 0x00, 0x78, 0x00,
    0x00, 0x00, 0x87, 0x00, 0x00, 0x00, 0x3e, 0x00, 0x03, 0x00,
    0xae, 0x07, 0x00, 0x00, 0xad, 0x07, 0x00, 0x00, 0x3d, 0x00,
    0x04, 0x00, 0x07, 0x00, 0x00, 0x00, 0xaf, 0x07, 0x00, 0x00,
    0x92, 0x07, 0x00, 0x00, 0x41, 0x00, 0x05, 0x00, 0x08, 0x00,
    0x00, 0x00, 0xb0, 0x07, 0x00, 0x00, 0x78, 0x00, 0x00, 0x00,
    0xb0, 0x00, 0x00, 0x00, 0x3e, 0x00, 0x03, 0x00, 0xb0, 0x07,
    0x00, 0x00, 0xaf, 0x07, 0x00, 0x00, 0x41, 0x00, 0x05, 0x00,
    0x08, 0x00, 0x00, 0x00, 0xb1, 0x07, 0x00, 0x00, 0x15, 0x07,
    0x00, 0x00, 0xb0, 0x00, 0x00, 0x00, 0x3d, 0x00, 0x04, 0x00,
    0x07, 0x00, 0x00, 0x00, 0xb2, 0x07, 0x00, 0x00, 0xb1, 0x07,
    0x00, 0x00, 0x3d, 0x00, 0x04, 0x00, 0x07, 0x00, 0x00, 0x00,
    0xb3, 0x07, 0x00, 0x00, 0x79, 0x00, 0x00, 0x00, 0x85, 0x00,
    0x05, 0x00, 0x07, 0x00, 0x00, 0x00, 0xb4, 0x07, 0x00, 0x00,
    0xb2, 0x07, 0x00, 0x00, 0xb3, 0x07, 0x00, 0x00, 0x3d, 0x00,
    0x04, 0x00, 0x07, 0x00, 0x00, 0x00, 0xb5, 0x07, 0x00, 0x00,
    0x7a, 0x00, 0x00, 0x00, 0x81, 0x00, 0x05, 0x00, 0x07, 0x00,
    0x00, 0x00, 0xb6, 0x07, 0x00, 0x00, 0xb5, 0x07, 0x00, 0x00,
    0xb4, 0x07, 0x00, 0x00, 0x3e, 0x00, 0x03, 0x00, 0x7a, 0x00,
    0x00, 0x00, 0xb6, 0x07, 0x00, 0x00, 0x41, 0x00, 0x05, 0x00,
    0x40, 0x01, 0x00, 0x00, 0xb7, 0x07, 0x00, 0x00, 0x15, 0x07,
    0x00, 0x00, 0x87, 0x00, 0x00, 0x00, 0x3d, 0x00, 0x04, 0x00,
    0x0f, 0x00, 0x00, 0x00, 0xb8, 0x07, 0x00, 0x00, 0xb7, 0x07,
    0x00, 0x00, 0x4f, 0x00, 0x08, 0x00, 0x07, 0x00, 0x00, 0x00,
    0xb9, 0x07, 0x00, 0x00, 0xb8, 0x07, 0x00, 0x00, 0xb8, 0x07,
    0x00, 0x00, 0x00, 0x00, 0x00, 0x00, 0x01, 0x00, 0x00, 0x00,
    0x02, 0x00, 0x00, 0x00, 0x3d, 0x00, 0x04, 0x00, 0x07, 0x00,
    0x00, 0x00, 0xba, 0x07, 0x00, 0x00, 0x79, 0x00, 0x00, 0x00,
    0x85, 0x00, 0x05, 0x00, 0x07, 0x00, 0x00, 0x00, 0xbb, 0x07,
    0x00, 0x00, 0xba, 0x07, 0x00, 0x00, 0xb9, 0x07, 0x00, 0x00,
    0x3e, 0x00, 0x03, 0x00, 0x79, 0x00, 0x00, 0x00, 0xbb, 0x07,
    0x00, 0x00, 0xfe, 0x00, 0x02, 0x00, 0xf3, 0x03, 0x00, 0x00,
    0xf8, 0x00, 0x02, 0x00, 0x91, 0x07, 0x00, 0x00, 0x41, 0x00,
    0x05, 0x00, 0x08, 0x00, 0x00, 0x00, 0xbd, 0x07, 0x00, 0x00,
    0x7b, 0x00, 0x00, 0x00, 0xb0, 0x00, 0x00, 0x00, 0x3d, 0x00,
    0x04, 0x00, 0x07, 0x00, 0x00, 0x00, 0xbe, 0x07, 0x00, 0x00,
    0xbd, 0x07, 0x00, 0x00, 0x41, 0x00, 0x05, 0x00, 0x08, 0x00,
    0x00, 0x00, 0xbf, 0x07, 0x00, 0x00, 0x78, 0x00, 0x00, 0x00,
    0x87, 0x00, 0x00, 0x00, 0x3e, 0x00, 0x03, 0x00, 0xbf, 0x07,
    0x00, 0x00, 0xbe, 0x07, 0x00, 0x00, 0x3d, 0x00, 0x04, 0x00,
    0x07, 0x00, 0x00, 0x00, 0xc1, 0x07, 0x00, 0x00, 0x21, 0x07,
    0x00, 0x00, 0x3e, 0x00, 0x03, 0x00, 0xc0, 0x07, 0x00, 0x00,
    0xc1, 0x07, 0x00, 0x00, 0x3d, 0x00, 0x04, 0x00, 0x07, 0x00,
    0x00, 0x00, 0xc3, 0x07, 0x00, 0x00, 0x27, 0x07, 0x00, 0x00,
    0x3e, 0x00, 0x03, 0x00, 0xc2, 0x07, 0x00, 0x00, 0xc3, 0x07,
    0x00, 0x00, 0x41, 0x00, 0x05, 0x00, 0x2a, 0x00, 0x00, 0x00,
    0xc5, 0x07, 0x00, 0x00, 0x15, 0x07, 0x00, 0x00, 0x4b, 0x01,
    0x00, 0x00, 0x3d, 0x00, 0x04, 0x00, 0x06, 0x00, 0x00, 0x00,
    0xc6, 0x07, 0x00, 0x00, 0xc5, 0x07, 0x00, 0x00, 0x3e, 0x00,
    0x03, 0x00, 0xc4, 0x07, 0x00, 0x00, 0xc6, 0x07, 0x00, 0x00,
    0x39, 0x00, 0x07, 0x00, 0x07, 0x00, 0x00, 0x00, 0xc7, 0x07,
    0x00, 0x00, 0x2f, 0x00, 0x00, 0x00, 0xc0, 0x07, 0x00, 0x00,
    0xc2, 0x07, 0x00, 0x00, 0xc4, 0x07, 0x00, 0x00, 0x41, 0x00,
    0x05, 0x00, 0x08, 0x00, 0x00, 0x00, 0xc8, 0x07, 0x00, 0x00,
    0x78, 0x00, 0x00, 0x00, 0xb0, 0x00, 0x00, 0x00, 0x3e, 0x00,
    0x03, 0x00, 0xc8, 0x07, 0x00, 0x00, 0xc7, 0x07, 0x00, 0x00,
    0x41, 0x00, 0x05, 0x00, 0x08, 0x00, 0x00, 0x00, 0xc9, 0x07,
    0x00, 0x00, 0x15, 0x07, 0x00, 0x00, 0xb0, 0x00, 0x00, 0x00,
    0x3d, 0x00, 0x04, 0x00, 0x07, 0x00, 0x00, 0x00, 0xca, 0x07,
    0x00, 0x00, 0xc9, 0x07, 0x00, 0x00, 0x3d, 0x00, 0x04, 0x00,
    0x07, 0x00, 0x00, 0x00, 0xcb, 0x07, 0x00, 0x00, 0x79, 0x00,
    0x00, 0x00, 0x85, 0x00, 0x05, 0x00, 0x07, 0x00, 0x00, 0x00,
    0xcc, 0x07, 0x00, 0x00, 0xca, 0x07, 0x00, 0x00, 0xcb, 0x07,
    0x00, 0x00, 0x3d, 0x00, 0x04, 0x00, 0x07, 0x00, 0x00, 0x00,
    0xcd, 0x07, 0x00, 0x00, 0x7a, 0x00, 0x00, 0x00, 0x81, 0x00,
    0x05, 0x00, 0x07, 0x00, 0x00, 0x00, 0xce, 0x07, 0x00, 0x00,
    0xcd, 0x07, 0x00, 0x00, 0xcc, 0x07, 0x00, 0x00, 0x3e, 0x00,
    0x03, 0x00, 0x7a, 0x00, 0x00, 0x00, 0xce, 0x07, 0x00, 0x00,
    0x41, 0x00, 0x05, 0x00, 0x40, 0x01, 0x00, 0x00, 0xcf, 0x07,
    0x00, 0x00, 0x15, 0x07, 0x00, 0x00, 0x87, 0x00, 0x00, 0x00,
    0x3d, 0x00, 0x04, 0x00, 0x0f, 0x00, 0x00, 0x00, 0xd0, 0x07,
    0x00, 0x00, 0xcf, 0x07, 0x00, 0x00, 0x4f, 0x00, 0x08, 0x00,
    0x07, 0x00, 0x00, 0x00, 0xd1, 0x07, 0x00, 0x00, 0xd0, 0x07,
    0x00, 0x00, 0xd0, 0x07, 0x00, 0x00, 0x00, 0x00, 0x00, 0x00,
    0x01, 0x00, 0x00, 0x00, 0x02, 0x00, 0x00, 0x00, 0x3d, 0x00,
    0x04, 0x00, 0x07, 0x00, 0x00, 0x00, 0xd2, 0x07, 0x00, 0x00,
    0x79, 0x00, 0x00, 0x00, 0x85, 0x00, 0x05, 0x00, 0x07, 0x00,
    0x00, 0x00, 0xd3, 0x07, 0x00, 0x00, 0xd2, 0x07, 0x00, 0x00,
    0xd1, 0x07, 0x00, 0x00, 0x3e, 0x00, 0x03, 0x00, 0x79, 0x00,
    0x00, 0x00, 0xd3, 0x07, 0x00, 0x00, 0xfe, 0x00, 0x02, 0x00,
    0xf3, 0x03, 0x00, 0x00, 0x38, 0x00, 0x01, 0x00, 0x36, 0x00,
    0x05, 0x00, 0x0f, 0x00, 0x00, 0x00, 0x83, 0x00, 0x00, 0x00,
    0x00, 0x00, 0x00, 0x00, 0x7e, 0x00, 0x00, 0x00, 0x37, 0x00,
    0x03, 0x00, 0x0e, 0x00, 0x00, 0x00, 0x7f, 0x00, 0x00, 0x00,
    0x37, 0x00, 0x03, 0x00, 0x08, 0x00, 0x00, 0x00, 0x80, 0x00,
    0x00, 0x00, 0x37, 0x00, 0x03, 0x00, 0x08, 0x00, 0x00, 0x00,
    0x81, 0x00, 0x00, 0x00, 0x37, 0x00, 0x03, 0x00, 0x2a, 0x00,
    0x00, 0x00, 0x82, 0x00, 0x00, 0x00, 0xf8, 0x00, 0x02, 0x00,
    0x84, 0x00, 0x00, 0x00, 0x3b, 0x00, 0x04, 0x00, 0x08, 0x00,
    0x00, 0x00, 0xd6, 0x07, 0x00, 0x00, 0x07, 0x00, 0x00, 0x00,
    0x3b, 0x00, 0x04, 0x00, 0x08, 0x00, 0x00, 0x00, 0xd8, 0x07,
    0x00, 0x00, 0x07, 0x00, 0x00, 0x00, 0x3b, 0x00, 0x04, 0x00,
    0x33, 0x00, 0x00, 0x00, 0xd9, 0x07, 0x00, 0x00, 0x07, 0x00,
    0x00, 0x00, 0x3b, 0x00, 0x04, 0x00, 0x66, 0x01, 0x00, 0x00,
    0xda, 0x07, 0x00, 0x00, 0x07, 0x00, 0x00, 0x00, 0x3b, 0x00,
    0x04, 0x00, 0x2a, 0x00, 0x00, 0x00, 0xe6, 0x07, 0x00, 0x00,
    0x07, 0x00, 0x00, 0x00, 0x3b, 0x00, 0x04, 0x00, 0x2a, 0x00,
    0x00, 0x00, 0xee, 0x07, 0x00, 0x00, 0x07, 0x00, 0x00, 0x00,
    0x3b, 0x00, 0x04, 0x00, 0x18, 0x00, 0x00, 0x00, 0xf5, 0x07,
    0x00, 0x00, 0x07, 0x00, 0x00, 0x00, 0x3b, 0x00, 0x04, 0x00,
    0x0e, 0x00, 0x00, 0x00, 0xf6, 0x07, 0x00, 0x00, 0x07, 0x00,
    0x00, 0x00, 0x3b, 0x00, 0x04, 0x00, 0x2a, 0x00, 0x00, 0x00,
    0xf8, 0x07, 0x00, 0x00, 0x07, 0x00, 0x00, 0x00, 0x3b, 0x00,
    0x04, 0x00, 0x2a, 0x00, 0x00, 0x00, 0xfa, 0x07, 0x00, 0x00,
    0x07, 0x00, 0x00, 0x00, 0x3b, 0x00, 0x04, 0x00, 0x18, 0x00,
    0x00, 0x00, 0xfc, 0x07, 0x00, 0x00, 0x07, 0x00, 0x00, 0x00,
    0x3b, 0x00, 0x04, 0x00, 0x40, 0x01, 0x00, 0x00, 0x02, 0x08,
    0x00, 0x00, 0x07, 0x00, 0x00, 0x00, 0x3b, 0x00, 0x04, 0x00,
    0x0e, 0x00, 0x00, 0x00, 0x03, 0x08, 0x00, 0x00, 0x07, 0x00,
    0x00, 0x00, 0x3b, 0x00, 0x04, 0x00, 0x2a, 0x00, 0x00, 0x00,
    0x06, 0x08, 0x00, 0x00, 0x07, 0x00, 0x00, 0x00, 0x3b, 0x00,
    0x04, 0x00, 0x2a, 0x00, 0x00, 0x00, 0x09, 0x08, 0x00, 0x00,
    0x07, 0x00, 0x00, 0x00, 0x3b, 0x00, 0x04, 0x00, 0x2a, 0x00,
    0x00, 0x00, 0x0c, 0x08, 0x00, 0x00, 0x07, 0x00, 0x00, 0x00,
    0x3b, 0x00, 0x04, 0x00, 0x2a, 0x00, 0x00, 0x00, 0x0d, 0x08,
    0x00, 0x00, 0x07, 0x00, 0x00, 0x00, 0x3b, 0x00, 0x04, 0x00,
    0x72, 0x00, 0x00, 0x00, 0x35, 0x08, 0x00, 0x00, 0x07, 0x00,
    0x00, 0x00, 0x3b, 0x00, 0x04, 0x00, 0x18, 0x00, 0x00, 0x00,
    0x36, 0x08, 0x00, 0x00, 0x07, 0x00, 0x00, 0x00, 0x3b, 0x00,
    0x04, 0x00, 0x0e, 0x00, 0x00, 0x00, 0x3a, 0x08, 0x00, 0x00,
    0x07, 0x00, 0x00, 0x00, 0x3b, 0x00, 0x04, 0x00, 0x08, 0x00,
    0x00, 0x00, 0x3c, 0x08, 0x00, 0x00, 0x07, 0x00, 0x00, 0x00,
    0x3b, 0x00, 0x04, 0x00, 0x08, 0x00, 0x00, 0x00, 0x3e, 0x08,
    0x00, 0x00, 0x07, 0x00, 0x00, 0x00, 0x3b, 0x00, 0x04, 0x00,
    0x18, 0x00, 0x00, 0x00, 0x40, 0x08, 0x00, 0x00, 0x07, 0x00,
    0x00, 0x00, 0x3b, 0x00, 0x04, 0x00, 0x2a, 0x00, 0x00, 0x00,
    0x70, 0x08, 0x00, 0x00, 0x07, 0x00, 0x00, 0x00, 0x3e, 0x00,
    0x03, 0x00, 0x81, 0x00, 0x00, 0x00, 0xa5, 0x07, 0x00, 0x00,
    0x3e, 0x00, 0x03, 0x00, 0x80, 0x00, 0x00, 0x00, 0xa5, 0x07,
    0x00, 0x00, 0x3e, 0x00, 0x03, 0x00, 0x82, 0x00, 0x00, 0x00,
    0x0f, 0x01, 0x00, 0x00, 0x3e, 0x00, 0x03, 0x00, 0xd6, 0x07,
    0x00, 0x00, 0xd7, 0x07, 0x00, 0x00, 0x3e, 0x00, 0x03, 0x00,
    0xd8, 0x07, 0x00, 0x00, 0xa5, 0x07, 0x00, 0x00, 0x3e, 0x00,
    0x03, 0x00, 0xd9, 0x07, 0x00, 0x00, 0x46, 0x03, 0x00, 0x00,
    0x3e, 0x00, 0x03, 0x00, 0xda, 0x07, 0x00, 0x00, 0xa9, 0x00,
    0x00, 0x00, 0xf9, 0x00, 0x02, 0x00, 0xdb, 0x07, 0x00, 0x00,
    0xf8, 0x00, 0x02, 0x00, 0xdb, 0x07, 0x00, 0x00, 0xf6, 0x00,
    0x04, 0x00, 0xdd, 0x07, 0x00, 0x00, 0xde, 0x07, 0x00, 0x00,
    0x00, 0x00, 0x00, 0x00, 0xf9, 0x00, 0x02, 0x00, 0xdf, 0x07,
    0x00, 0x00, 0xf8, 0x00, 0x02, 0x00, 0xdf, 0x07, 0x00, 0x00,
    0x3d, 0x00, 0x04, 0x00, 0x19, 0x00, 0x00, 0x00, 0xe0, 0x07,
    0x00, 0x00, 0xda, 0x07, 0x00, 0x00, 0x41, 0x00, 0x05, 0x00,
    0xd1, 0x00, 0x00, 0x00, 0xe1, 0x07, 0x00, 0x00, 0xa2, 0x00,
    0x00, 0x00, 0x1a, 0x01, 0x00, 0x00, 0x3d, 0x00, 0x04, 0x00,
    0x19, 0x00, 0x00, 0x00, 0xe2, 0x07, 0x00, 0x00, 0xe1, 0x07,
    0x00, 0x00, 0xb2, 0x00, 0x05, 0x00, 0x16, 0x00, 0x00, 0x00,
    0xe3, 0x07, 0x00, 0x00, 0xe0, 0x07, 0x00, 0x00, 0xe2, 0x07,
    0x00, 0x00, 0xfa, 0x00, 0x04, 0x00, 0xe3, 0x07, 0x00, 0x00,
    0xdc, 0x07, 0x00, 0x00, 0xdd, 0x07, 0x00, 0x00, 0xf8, 0x00,
    0x02, 0x00, 0xdc, 0x07, 0x00, 0x00, 0x3d, 0x00, 0x04, 0x00,
    0x19, 0x00, 0x00, 0x00, 0xe4, 0x07, 0x00, 0x00, 0xda, 0x07,
    0x00, 0x00, 0xaa, 0x00, 0x05, 0x00, 0x16, 0x00, 0x00, 0x00,
    0xe5, 0x07, 0x00, 0x00, 0xe4, 0x07, 0x00, 0x00, 0xa9, 0x00,
    0x00, 0x00, 0xf7, 0x00, 0x03, 0x00, 0xe8, 0x07, 0x00, 0x00,
    0x00, 0x00, 0x00, 0x00, 0xfa, 0x00, 0x04, 0x00, 0xe5, 0x07,
    0x00, 0x00, 0xe7, 0x07, 0x00, 0x00, 0xeb, 0x07, 0x00, 0x00,
    0xf8, 0x00, 0x02, 0x00, 0xe7, 0x07, 0x00, 0x00, 0x41, 0x00,
    0x06, 0x00, 0x12, 0x01, 0x00, 0x00, 0xe9, 0x07, 0x00, 0x00,
    0xbf, 0x00, 0x00, 0x00, 0x87, 0x00, 0x00, 0x00, 0x50, 0x01,
    0x00, 0x00, 0x3d, 0x00, 0x04, 0x00, 0x06, 0x00, 0x00, 0x00,
    0xea, 0x07, 0x00, 0x00, 0xe9, 0x07, 0x00, 0x00, 0x3e, 0x00,
    0x03, 0x00, 0xe6, 0x07, 0x00, 0x00, 0xea, 0x07, 0x00, 0x00,
    0xf9, 0x00, 0x02, 0x00, 0xe8, 0x07, 0x00, 0x00, 0xf8, 0x00,
    0x02, 0x00, 0xeb, 0x07, 0x00, 0x00, 0x3e, 0x00, 0x03, 0x00,
    0xe6, 0x07, 0x00, 0x00, 0x41, 0x03, 0x00, 0x00, 0xf9, 0x00,
    0x02, 0x00, 0xe8, 0x07, 0x00, 0x00, 0xf8, 0x00, 0x02, 0x00,
    0xe8, 0x07, 0x00, 0x00, 0x3d, 0x00, 0x04, 0x00, 0x19, 0x00,
    0x00, 0x00, 0xec, 0x07, 0x00, 0x00, 0xda, 0x07, 0x00, 0x00,
    0xaa, 0x00, 0x05, 0x00, 0x16, 0x00, 0x00, 0x00, 0xed, 0x07,
    0x00, 0x00, 0xec, 0x07, 0x00, 0x00, 0xa9, 0x00, 0x00, 0x00,
    0xf7, 0x00, 0x03, 0x00, 0xf0, 0x07, 0x00, 0x00, 0x00, 0x00,
    0x00, 0x00, 0xfa, 0x00, 0x04, 0x00, 0xed, 0x07, 0x00, 0x00,
    0xef, 0x07, 0x00, 0x00, 0xf3, 0x07, 0x00, 0x00, 0xf8, 0x00,
    0x02, 0x00, 0xef, 0x07, 0x00, 0x00, 0x41, 0x00, 0x06, 0x00,
    0x12, 0x01, 0x00, 0x00, 0xf1, 0x07, 0x00, 0x00, 0xbf, 0x00,
    0x00, 0x00, 0x87, 0x00, 0x00, 0x00, 0x53, 0x01, 0x00, 0x00,
    0x3d, 0x00, 0x04, 0x00, 0x06, 0x00, 0x00, 0x00, 0xf2, 0x07,
    0x00, 0x00, 0xf1, 0x07, 0x00, 0x00, 0x3e, 0x00, 0x03, 0x00,
    0xee, 0x07, 0x00, 0x00, 0xf2, 0x07, 0x00, 0x00, 0xf9, 0x00,
    0x02, 0x00, 0xf0, 0x07, 0x00, 0x00, 0xf8, 0x00, 0x02, 0x00,
    0xf3, 0x07, 0x00, 0x00, 0x3e, 0x00, 0x03, 0x00, 0xee, 0x07,
    0x00, 0x00, 0xf4, 0x07, 0x00, 0x00, 0xf9, 0x00, 0x02, 0x00,
    0xf0, 0x07, 0x00, 0x00, 0xf8, 0x00, 0x02, 0x00, 0xf0, 0x07,
    0x00, 0x00, 0x3d, 0x00, 0x04, 0x00, 0x0d, 0x00, 0x00, 0x00,
    0xf7, 0x07, 0x00, 0x00, 0x7f, 0x00, 0x00, 0x00, 0x3e, 0x00,
    0x03, 0x00, 0xf6, 0x07, 0x00, 0x00, 0xf7, 0x07, 0x00, 0x00,
    0x3d, 0x00, 0x04, 0x00, 0x06, 0x00, 0x00, 0x00, 0xf9, 0x07,
    0x00, 0x00, 0xe6, 0x07, 0x00, 0x00, 0x3e, 0x00, 0x03, 0x00,
    0xf8, 0x07, 0x00, 0x00, 0xf9, 0x07, 0x00, 0x00, 0x3d, 0x00,
    0x04, 0x00, 0x06, 0x00, 0x00, 0x00, 0xfb, 0x07, 0x00, 0x00,
    0xee, 0x07, 0x00, 0x00, 0x3e, 0x00, 0x03, 0x00, 0xfa, 0x07,
    0x00, 0x00, 0xfb, 0x07, 0x00, 0x00, 0x39, 0x00, 0x08, 0x00,
    0x16, 0x00, 0x00, 0x00, 0xfd, 0x07, 0x00, 0x00, 0x6b, 0x00,
    0x00, 0x00, 0xf6, 0x07, 0x00, 0x00, 0xf8, 0x07, 0x00, 0x00,
    0xfa, 0x07, 0x00, 0x00, 0xfc, 0x07, 0x00, 0x00, 0x3d, 0x00,
    0x04, 0x00, 0x17, 0x00, 0x00, 0x00, 0xfe, 0x07, 0x00, 0x00,
    0xfc, 0x07, 0x00, 0x00, 0x3e, 0x00, 0x03, 0x00, 0xf5, 0x07,
    0x00, 0x00, 0xfe, 0x07, 0x00, 0x00, 0xa8, 0x00, 0x04, 0x00,
    0x16, 0x00, 0x00, 0x00, 0xff, 0x07, 0x00, 0x00, 0xfd, 0x07,
    0x00, 0x00, 0xf7, 0x00, 0x03, 0x00, 0x01, 0x08, 0x00, 0x00,
    0x00, 0x00, 0x00, 0x00, 0xfa, 0x00, 0x04, 0x00, 0xff, 0x07,
    0x00, 0x00, 0x00, 0x08, 0x00, 0x00, 0x01, 0x08, 0x00, 0x00,
    0xf8, 0x00, 0x02, 0x00, 0x00, 0x08, 0x00, 0x00, 0x3d, 0x00,
    0x04, 0x00, 0x0d, 0x00, 0x00, 0x00, 0x04, 0x08, 0x00, 0x00,
    0x7f, 0x00, 0x00, 0x00, 0x3e, 0x00, 0x03, 0x00, 0x03, 0x08,
    0x00, 0x00, 0x04, 0x08, 0x00, 0x00, 0x39, 0x00, 0x05, 0x00,
    0x0f, 0x00, 0x00, 0x00, 0x05, 0x08, 0x00, 0x00, 0x12, 0x00,
    0x00, 0x00, 0x03, 0x08, 0x00, 0x00, 0x3e, 0x00, 0x03, 0x00,
    0x02, 0x08, 0x00, 0x00, 0x05, 0x08, 0x00, 0x00, 0x3d, 0x00,
    0x04, 0x00, 0x19, 0x00, 0x00, 0x00, 0x07, 0x08, 0x00, 0x00,
    0xda, 0x07, 0x00, 0x00, 0xac, 0x00, 0x05, 0x00, 0x16, 0x00,
    0x00, 0x00, 0x08, 0x08, 0x00, 0x00, 0x07, 0x08, 0x00, 0x00,
    0xa9, 0x00, 0x00, 0x00, 0xf7, 0x00, 0x03, 0x00, 0x0b, 0x08,
    0x00, 0x00, 0x00, 0x00, 0x00, 0x00, 0xfa, 0x00, 0x04, 0x00,
    0x08, 0x08, 0x00, 0x00, 0x0a, 0x08, 0x00, 0x00, 0x11, 0x08,
    0x00, 0x00, 0xf8, 0x00, 0x02, 0x00, 0x0a, 0x08, 0x00, 0x00,
    0x3e, 0x00, 0x03, 0x00, 0x0c, 0x08, 0x00, 0x00, 0xd9, 0x01,
    0x00, 0x00, 0x41, 0x00, 0x05, 0x00, 0x2a, 0x00, 0x00, 0x00,
    0x0e, 0x08, 0x00, 0x00, 0x02, 0x08, 0x00, 0x00, 0x0e, 0x02,
    0x00, 0x00, 0x3d, 0x00, 0x04, 0x00, 0x06, 0x00, 0x00, 0x00,
    0x0f, 0x08, 0x00, 0x00, 0x0e, 0x08, 0x00, 0x00, 0x3e, 0x00,
    0x03, 0x00, 0x0d, 0x08, 0x00, 0x00, 0x0f, 0x08, 0x00, 0x00,
    0x39, 0x00, 0x06, 0x00, 0x06, 0x00, 0x00, 0x00, 0x10, 0x08,
    0x00, 0x00, 0x70, 0x00, 0x00, 0x00, 0x0c, 0x08, 0x00, 0x00,
    0x0d, 0x08, 0x00, 0x00, 0x3e, 0x00, 0x03, 0x00, 0x09, 0x08,
    0x00, 0x00, 0x10, 0x08, 0x00, 0x00, 0xf9, 0x00, 0x02, 0x00,
    0x0b, 0x08, 0x00, 0x00, 0xf8, 0x00, 0x02, 0x00, 0x11, 0x08,
    0x00, 0x00, 0x3e, 0x00, 0x03, 0x00, 0x09, 0x08, 0x00, 0x00,
    0xd9, 0x01, 0x00, 0x00, 0xf9, 0x00, 0x02, 0x00, 0x0b, 0x08,
    0x00, 0x00, 0xf8, 0x00, 0x02, 0x00, 0x0b, 0x08, 0x00, 0x00,
    0x3d, 0x00, 0x04, 0x00, 0x06, 0x00, 0x00, 0x00, 0x12, 0x08,
    0x00, 0x00, 0x09, 0x08, 0x00, 0x00, 0x3e, 0x00, 0x03, 0x00,
    0x06, 0x08, 0x00, 0x00, 0x12, 0x08, 0x00, 0x00, 0x3d, 0x00,
    0x04, 0x00, 0x06, 0x00, 0x00, 0x00, 0x13, 0x08, 0x00, 0x00,
    0x06, 0x08, 0x00, 0x00, 0x3d, 0x00, 0x04, 0x00, 0x0f, 0x00,
    0x00, 0x00, 0x14, 0x08, 0x00, 0x00, 0x02, 0x08, 0x00, 0x00,
    0x4f, 0x00, 0x08, 0x00, 0x07, 0x00, 0x00, 0x00, 0x15, 0x08,
    0x00, 0x00, 0x14, 0x08, 0x00, 0x00, 0x14, 0x08, 0x00, 0x00,
    0x00, 0x00, 0x00, 0x00, 0x01, 0x00, 0x00, 0x00, 0x02, 0x00,
    0x00, 0x00, 0x8e, 0x00, 0x05, 0x00, 0x07, 0x00, 0x00, 0x00,
    0x16, 0x08, 0x00, 0x00, 0x15, 0x08, 0x00, 0x00, 0x13, 0x08,
    0x00, 0x00, 0x3d, 0x00, 0x04, 0x00, 0x07, 0x00, 0x00, 0x00,
    0x17, 0x08, 0x00, 0x00, 0xd6, 0x07, 0x00, 0x00, 0x85, 0x00,
    0x05, 0x00, 0x07, 0x00, 0x00, 0x00, 0x18, 0x08, 0x00, 0x00,
    0x16, 0x08, 0x00, 0x00, 0x17, 0x08, 0x00, 0x00, 0x3d, 0x00,
    0x04, 0x00, 0x07, 0x00, 0x00, 0x00, 0x19, 0x08, 0x00, 0x00,
    0xd8, 0x07, 0x00, 0x00, 0x81, 0x00, 0x05, 0x00, 0x07, 0x00,
    0x00, 0x00, 0x1a, 0x08, 0x00, 0x00, 0x19, 0x08, 0x00, 0x00,
    0x18, 0x08, 0x00, 0x00, 0x3e, 0x00, 0x03, 0x00, 0xd8, 0x07,
    0x00, 0x00, 0x1a, 0x08, 0x00, 0x00, 0x3d, 0x00, 0x04, 0x00,
    0x16, 0x00, 0x00, 0x00, 0x1b, 0x08, 0x00, 0x00, 0xd9, 0x07,
    0x00, 0x00, 0xa8, 0x00, 0x04, 0x00, 0x16, 0x00, 0x00, 0x00,
    0x1c, 0x08, 0x00, 0x00, 0x1b, 0x08, 0x00, 0x00, 0xf7, 0x00,
    0x03, 0x00, 0x1e, 0x08, 0x00, 0x00, 0x00, 0x00, 0x00, 0x00,
    0xfa, 0x00, 0x04, 0x00, 0x1c, 0x08, 0x00, 0x00, 0x1d, 0x08,
    0x00, 0x00, 0x1e, 0x08, 0x00, 0x00, 0xf8, 0x00, 0x02, 0x00,
    0x1d, 0x08, 0x00, 0x00, 0x3d, 0x00, 0x04, 0x00, 0x07, 0x00,
    0x00, 0x00, 0x1f, 0x08, 0x00, 0x00, 0xd8, 0x07, 0x00, 0x00,
    0x3e, 0x00, 0x03, 0x00, 0x80, 0x00, 0x00, 0x00, 0x1f, 0x08,
    0x00, 0x00, 0x41, 0x00, 0x05, 0x00, 0x08, 0x00, 0x00, 0x00,
    0x20, 0x08, 0x00, 0x00, 0x7f, 0x00, 0x00, 0x00, 0xb0, 0x00,
    0x00, 0x00, 0x3d, 0x00, 0x04, 0x00, 0x07, 0x00, 0x00, 0x00,
    0x21, 0x08, 0x00, 0x00, 0x20, 0x08, 0x00, 0x00, 0x7f, 0x00,
    0x04, 0x00, 0x07, 0x00, 0x00, 0x00, 0x22, 0x08, 0x00, 0x00,
    0x21, 0x08, 0x00, 0x00, 0x3e, 0x00, 0x03, 0x00, 0x81, 0x00,
    0x00, 0x00, 0x22, 0x08, 0x00, 0x00, 0x41, 0x00, 0x06, 0x00,
    0x12, 0x01, 0x00, 0x00, 0x23, 0x08, 0x00, 0x00, 0xbf, 0x00,
    0x00, 0x00, 0x87, 0x00, 0x00, 0x00, 0x53, 0x01, 0x00, 0x00,
    0x3d, 0x00, 0x04, 0x00, 0x06, 0x00, 0x00, 0x00, 0x24, 0x08,
    0x00, 0x00, 0x23, 0x08, 0x00, 0x00, 0x3e, 0x00, 0x03, 0x00,
    0x82, 0x00, 0x00, 0x00, 0x24, 0x08, 0x00, 0x00, 0xf9, 0x00,
    0x02, 0x00, 0x1e, 0x08, 0x00, 0x00, 0xf8, 0x00, 0x02, 0x00,
    0x1e, 0x08, 0x00, 0x00, 0x3d, 0x00, 0x04, 0x00, 0x07, 0x00,
    0x00, 0x00, 0x25, 0x08, 0x00, 0x00, 0xd8, 0x07, 0x00, 0x00,
    0x3d, 0x00, 0x04, 0x00, 0x16, 0x00, 0x00, 0x00, 0x26, 0x08,
    0x00, 0x00, 0xd9, 0x07, 0x00, 0x00, 0xa8, 0x00, 0x04, 0x00,
    0x16, 0x00, 0x00, 0x00, 0x27, 0x08, 0x00, 0x00, 0x26, 0x08,
    0x00, 0x00, 0xf7, 0x00, 0x03, 0x00, 0x29, 0x08, 0x00, 0x00,
    0x00, 0x00, 0x00, 0x00, 0xfa, 0x00, 0x04, 0x00, 0x27, 0x08,
    0x00, 0x00, 0x28, 0x08, 0x00, 0x00, 0x29, 0x08, 0x00, 0x00,
    0xf8, 0x00, 0x02, 0x00, 0x28, 0x08, 0x00, 0x00, 0x41, 0x00,
    0x06, 0x00, 0xd1, 0x00, 0x00, 0x00, 0x2a, 0x08, 0x00, 0x00,
    0xf1, 0x00, 0x00, 0x00, 0x87, 0x00, 0x00, 0x00, 0xb0, 0x00,
    0x00, 0x00, 0x3d, 0x00, 0x04, 0x00, 0x19, 0x00, 0x00, 0x00,
    0x2b, 0x08, 0x00, 0x00, 0x2a, 0x08, 0x00, 0x00, 0xab, 0x00,
    0x05, 0x00, 0x16, 0x00, 0x00, 0x00, 0x2c, 0x08, 0x00, 0x00,
    0x2b, 0x08, 0x00, 0x00, 0xa9, 0x00, 0x00, 0x00, 0xf9, 0x00,
    0x02, 0x00, 0x29, 0x08, 0x00, 0x00, 0xf8, 0x00, 0x02, 0x00,
    0x29, 0x08, 0x00, 0x00, 0xf5, 0x00, 0x07, 0x00, 0x16, 0x00,
    0x00, 0x00, 0x2d, 0x08, 0x00, 0x00, 0x27, 0x08, 0x00, 0x00,
    0x1e, 0x08, 0x00, 0x00, 0x2c, 0x08, 0x00, 0x00, 0x28, 0x08,
    0x00, 0x00, 0xa9, 0x00, 0x06, 0x00, 0x15, 0x00, 0x00, 0x00,
    0x2e, 0x08, 0x00, 0x00, 0x2d, 0x08, 0x00, 0x00, 0x87, 0x00,
    0x00, 0x00, 0xb0, 0x00, 0x00, 0x00, 0x6f, 0x00, 0x04, 0x00,
    0x06, 0x00, 0x00, 0x00, 0x2f, 0x08, 0x00, 0x00, 0x2e, 0x08,
    0x00, 0x00, 0x51, 0x00, 0x05, 0x00, 0x06, 0x00, 0x00, 0x00,
    0x30, 0x08, 0x00, 0x00, 0x25, 0x08, 0x00, 0x00, 0x00, 0x00,
    0x00, 0x00, 0x51, 0x00, 0x05, 0x00, 0x06, 0x00, 0x00, 0x00,
    0x31, 0x08, 0x00, 0x00, 0x25, 0x08, 0x00, 0x00, 0x01, 0x00,
    0x00, 0x00, 0x51, 0x00, 0x05, 0x00, 0x06, 0x00, 0x00, 0x00,
    0x32, 0x08, 0x00, 0x00, 0x25, 0x08, 0x00, 0x00, 0x02, 0x00,
    0x00, 0x00, 0x50, 0x00, 0x07, 0x00, 0x0f, 0x00, 0x00, 0x00,
    0x33, 0x08, 0x00, 0x00, 0x30, 0x08, 0x00, 0x00, 0x31, 0x08,
    0x00, 0x00, 0x32, 0x08, 0x00, 0x00, 0x2f, 0x08, 0x00, 0x00,
    0xfe, 0x00, 0x02, 0x00, 0x33, 0x08, 0x00, 0x00, 0xf8, 0x00,
    0x02, 0x00, 0x01, 0x08, 0x00, 0x00, 0x3d, 0x00, 0x04, 0x00,
    0x17, 0x00, 0x00, 0x00, 0x37, 0x08, 0x00, 0x00, 0xf5, 0x07,
    0x00, 0x00, 0x3e, 0x00, 0x03, 0x00, 0x36, 0x08, 0x00, 0x00,
    0x37, 0x08, 0x00, 0x00, 0x39, 0x00, 0x05, 0x00, 0x1a, 0x00,
    0x00, 0x00, 0x38, 0x08, 0x00, 0x00, 0x1d, 0x00, 0x00, 0x00,
    0x36, 0x08, 0x00, 0x00, 0x3d, 0x00, 0x04, 0x00, 0x17, 0x00,
    0x00, 0x00, 0x39, 0x08, 0x00, 0x00, 0x36, 0x08, 0x00, 0x00,
    0x3e, 0x00, 0x03, 0x00, 0xf5, 0x07, 0x00, 0x00, 0x39, 0x08,
    0x00, 0x00, 0x3e, 0x00, 0x03, 0x00, 0x35, 0x08, 0x00, 0x00,
    0x38, 0x08, 0x00, 0x00, 0x3d, 0x00, 0x04, 0x00, 0x0d, 0x00,
    0x00, 0x00, 0x3b, 0x08, 0x00, 0x00, 0x7f, 0x00, 0x00, 0x00,
    0x3e, 0x00, 0x03, 0x00, 0x3a, 0x08, 0x00, 0x00, 0x3b, 0x08,
    0x00, 0x00, 0x3d, 0x00, 0x04, 0x00, 0x07, 0x00, 0x00, 0x00,
    0x3d, 0x08, 0x00, 0x00, 0xd6, 0x07, 0x00, 0x00, 0x3e, 0x00,
    0x03, 0x00, 0x3c, 0x08, 0x00, 0x00, 0x3d, 0x08, 0x00, 0x00,
    0x3d, 0x00, 0x04, 0x00, 0x07, 0x00, 0x00, 0x00, 0x3f, 0x08,
    0x00, 0x00, 0xd8, 0x07, 0x00, 0x00, 0x3e, 0x00, 0x03, 0x00,
    0x3e, 0x08, 0x00, 0x00, 0x3f, 0x08, 0x00, 0x00, 0x3d, 0x00,
    0x04, 0x00, 0x17, 0x00, 0x00, 0x00, 0x41, 0x08, 0x00, 0x00,
    0xf5, 0x07, 0x00, 0x00, 0x3e, 0x00, 0x03, 0x00, 0x40, 0x08,
    0x00, 0x00, 0x41, 0x08, 0x00, 0x00, 0x39, 0x00, 0x08, 0x00,
    0x16, 0x00, 0x00, 0x00, 0x42, 0x08, 0x00, 0x00, 0x7c, 0x00,
    0x00, 0x00, 0x3a, 0x08, 0x00, 0x00, 0x3c, 0x08, 0x00, 0x00,
    0x3e, 0x08, 0x00, 0x00, 0x40, 0x08, 0x00, 0x00, 0x3d, 0x00,
    0x04, 0x00, 0x0d, 0x00, 0x00, 0x00, 0x43, 0x08, 0x00, 0x00,
    0x3a, 0x08, 0x00, 0x00, 0x3e, 0x00, 0x03, 0x00, 0x7f, 0x00,
    0x00, 0x00, 0x43, 0x08, 0x00, 0x00, 0x3d, 0x00, 0x04, 0x00,
    0x07, 0x00, 0x00, 0x00, 0x44, 0x08, 0x00, 0x00, 0x3c, 0x08,
    0x00, 0x00, 0x3e, 0x00, 0x03, 0x00, 0xd6, 0x07, 0x00, 0x00,
    0x44, 0x08, 0x00, 0x00, 0x3d, 0x00, 0x04, 0x00, 0x07, 0x00,
    0x00, 0x00, 0x45, 0x08, 0x00, 0x00, 0x3e, 0x08, 0x00, 0x00,
    0x3e, 0x00, 0x03, 0x00, 0xd8, 0x07, 0x00, 0x00, 0x45, 0x08,
    0x00, 0x00, 0xf7, 0x00, 0x03, 0x00, 0x47, 0x08, 0x00, 0x00,
    0x00, 0x00, 0x00, 0x00, 0xfa, 0x00, 0x04, 0x00, 0x42, 0x08,
    0x00, 0x00, 0x46, 0x08, 0x00, 0x00, 0x58, 0x08, 0x00, 0x00,
    0xf8, 0x00, 0x02, 0x00, 0x46, 0x08, 0x00, 0x00, 0x41, 0x00,
    0x05, 0x00, 0x08, 0x00, 0x00, 0x00, 0x48, 0x08, 0x00, 0x00,
    0x7f, 0x00, 0x00, 0x00, 0xb0, 0x00, 0x00, 0x00, 0x3d, 0x00,
    0x04, 0x00, 0x07, 0x00, 0x00, 0x00, 0x49, 0x08, 0x00, 0x00,
    0x48, 0x08, 0x00, 0x00, 0x50, 0x00, 0x06, 0x00, 0x07, 0x00,
    0x00, 0x00, 0x4a, 0x08, 0x00, 0x00, 0xd9, 0x01, 0x00, 0x00,
    0xd9, 0x01, 0x00, 0x00, 0xd9, 0x01, 0x00, 0x00, 0x88, 0x00,
    0x05, 0x00, 0x07, 0x00, 0x00, 0x00, 0x4b, 0x08, 0x00, 0x00,
    0x4a, 0x08, 0x00, 0x00, 0x49, 0x08, 0x00, 0x00, 0x41, 0x00,
    0x05, 0x00, 0x08, 0x00, 0x00, 0x00, 0x4c, 0x08, 0x00, 0x00,
    0x7f, 0x00, 0x00, 0x00, 0xc0, 0x00, 0x00, 0x00, 0x3e, 0x00,
    0x03, 0x00, 0x4c, 0x08, 0x00, 0x00, 0x4b, 0x08, 0x00, 0x00,
    0x3d, 0x00, 0x04, 0x00, 0x16, 0x00, 0x00, 0x00, 0x4d, 0x08,
    0x00, 0x00, 0xd9, 0x07, 0x00, 0x00, 0xa8, 0x00, 0x04, 0x00,
    0x16, 0x00, 0x00, 0x00, 0x4e, 0x08, 0x00, 0x00, 0x4d, 0x08,
    0x00, 0x00, 0xf7, 0x00, 0x03, 0x00, 0x50, 0x08, 0x00, 0x00,
    0x00, 0x00, 0x00, 0x00, 0xfa, 0x00, 0x04, 0x00, 0x4e, 0x08,
    0x00, 0x00, 0x4f, 0x08, 0x00, 0x00, 0x50, 0x08, 0x00, 0x00,
    0xf8, 0x00, 0x02, 0x00, 0x4f, 0x08, 0x00, 0x00, 0x3d, 0x00,
    0x04, 0x00, 0x07, 0x00, 0x00, 0x00, 0x51, 0x08, 0x00, 0x00,
    0xd6, 0x07, 0x00, 0x00, 0x3e, 0x00, 0x03, 0x00, 0x80, 0x00,
    0x00, 0x00, 0x51, 0x08, 0x00, 0x00, 0x41, 0x00, 0x05, 0x00,
    0x08, 0x00, 0x00, 0x00, 0x52, 0x08, 0x00, 0x00, 0xf5, 0x07,
    0x00, 0x00, 0x1a, 0x01, 0x00, 0x00, 0x3d, 0x00, 0x04, 0x00,
    0x07, 0x00, 0x00, 0x00, 0x53, 0x08, 0x00, 0x00, 0x52, 0x08,
    0x00, 0x00, 0x3e, 0x00, 0x03, 0x00, 0x81, 0x00, 0x00, 0x00,
    0x53, 0x08, 0x00, 0x00, 0x41, 0x00, 0x05, 0x00, 0x2a, 0x00,
    0x00, 0x00, 0x54, 0x08, 0x00, 0x00, 0xf5, 0x07, 0x00, 0x00,
    0x87, 0x00, 0x00, 0x00, 0x3d, 0x00, 0x04, 0x00, 0x06, 0x00,
    0x00, 0x00, 0x55, 0x08, 0x00, 0x00, 0x54, 0x08, 0x00, 0x00,
    0x3d, 0x00, 0x04, 0x00, 0x06, 0x00, 0x00, 0x00, 0x56, 0x08,
    0x00, 0x00, 0x82, 0x00, 0x00, 0x00, 0x81, 0x00, 0x05, 0x00,
    0x06, 0x00, 0x00, 0x00, 0x57, 0x08, 0x00, 0x00, 0x56, 0x08,
    0x00, 0x00, 0x55, 0x08, 0x00, 0x00, 0x3e, 0x00, 0x03, 0x00,
    0x82, 0x00, 0x00, 0x00, 0x57, 0x08, 0x00, 0x00, 0xf9, 0x00,
    0x02, 0x00, 0x50, 0x08, 0x00, 0x00, 0xf8, 0x00, 0x02, 0x00,
    0x50, 0x08, 0x00, 0x00, 0x3e, 0x00, 0x03, 0x00, 0xd9, 0x07,
    0x00, 0x00, 0xf3, 0x03, 0x00, 0x00, 0xf9, 0x00, 0x02, 0x00,
    0x47, 0x08, 0x00, 0x00, 0xf8, 0x00, 0x02, 0x00, 0x58, 0x08,
    0x00, 0x00, 0x41, 0x00, 0x05, 0x00, 0x08, 0x00, 0x00, 0x00,
    0x59, 0x08, 0x00, 0x00, 0xf5, 0x07, 0x00, 0x00, 0xb0, 0x00,
    0x00, 0x00, 0x3d, 0x00, 0x04, 0x00, 0x07, 0x00, 0x00, 0x00,
    0x5a, 0x08, 0x00, 0x00, 0x59, 0x08, 0x00, 0x00, 0x41, 0x00,
    0x05, 0x00, 0x08, 0x00, 0x00, 0x00, 0x5b, 0x08, 0x00, 0x00,
    0x7f, 0x00, 0x00, 0x00, 0x87, 0x00, 0x00, 0x00, 0x3e, 0x00,
    0x03, 0x00, 0x5b, 0x08, 0x00, 0x00, 0x5a, 0x08, 0x00, 0x00,
    0x3d, 0x00, 0x04, 0x00, 0x16, 0x00, 0x00, 0x00, 0x5c, 0x08,
    0x00, 0x00, 0xd9, 0x07, 0x00, 0x00, 0xa8, 0x00, 0x04, 0x00,
    0x16, 0x00, 0x00, 0x00, 0x5d, 0x08, 0x00, 0x00, 0x5c, 0x08,
    0x00, 0x00, 0xf7, 0x00, 0x03, 0x00, 0x5f, 0x08, 0x00, 0x00,
    0x00, 0x00, 0x00, 0x00, 0xfa, 0x00, 0x04, 0x00, 0x5d, 0x08,
    0x00, 0x00, 0x5e, 0x08, 0x00, 0x00, 0x5f, 0x08, 0x00, 0x00,
    0xf8, 0x00, 0x02, 0x00, 0x5e, 0x08, 0x00, 0x00, 0x41, 0x00,
    0x05, 0x00, 0x2a, 0x00, 0x00, 0x00, 0x60, 0x08, 0x00, 0x00,
    0xf5, 0x07, 0x00, 0x00, 0x87, 0x00, 0x00, 0x00, 0x3d, 0x00,
    0x04, 0x00, 0x06, 0x00, 0x00, 0x00, 0x61, 0x08, 0x00, 0x00,
    0x60, 0x08, 0x00, 0x00, 0x3d, 0x00, 0x04, 0x00, 0x06, 0x00,
    0x00, 0x00, 0x62, 0x08, 0x00, 0x00, 0x82, 0x00, 0x00, 0x00,
    0x81, 0x00, 0x05, 0x00, 0x06, 0x00, 0x00, 0x00, 0x63, 0x08,
    0x00, 0x00, 0x62, 0x08, 0x00, 0x00, 0x61, 0x08, 0x00, 0x00,
    0x3e, 0x00, 0x03, 0x00, 0x82, 0x00, 0x00, 0x00, 0x63, 0x08,
    0x00, 0x00, 0xf9, 0x00, 0x02, 0x00, 0x5f, 0x08, 0x00, 0x00,
    0xf8, 0x00, 0x02, 0x00, 0x5f, 0x08, 0x00, 0x00, 0xf9, 0x00,
    0x02, 0x00, 0x47, 0x08, 0x00, 0x00, 0xf8, 0x00, 0x02, 0x00,
    0x47, 0x08, 0x00, 0x00, 0x41, 0x00, 0x05, 0x00, 0xd1, 0x00,
    0x00, 0x00, 0x64, 0x08, 0x00, 0x00, 0xa2, 0x00, 0x00, 0x00,
    0xc4, 0x00, 0x00, 0x00, 0x3d, 0x00, 0x04, 0x00, 0x19, 0x00,
    0x00, 0x00, 0x65, 0x08, 0x00, 0x00, 0x64, 0x08, 0x00, 0x00,
    0xac, 0x00, 0x05, 0x00, 0x16, 0x00, 0x00, 0x00, 0x66, 0x08,
    0x00, 0x00, 0x65, 0x08, 0x00, 0x00, 0xa9, 0x00, 0x00, 0x00,
    0xf7, 0x00, 0x03, 0x00, 0x68, 0x08, 0x00, 0x00, 0x00, 0x00,
    0x00, 0x00, 0xfa, 0x00, 0x04, 0x00, 0x66, 0x08, 0x00, 0x00,
    0x67, 0x08, 0x00, 0x00, 0x68, 0x08, 0x00, 0x00, 0xf8, 0x00,
    0x02, 0x00, 0x67, 0x08, 0x00, 0x00, 0x3d, 0x00, 0x04, 0x00,
    0x19, 0x00, 0x00, 0x00, 0x69, 0x08, 0x00, 0x00, 0xda, 0x07,
    0x00, 0x00, 0x41, 0x00, 0x05, 0x00, 0xd1, 0x00, 0x00, 0x00,
    0x6a, 0x08, 0x00, 0x00, 0xa2, 0x00, 0x00, 0x00, 0xc4, 0x00,
    0x00, 0x00, 0x3d, 0x00, 0x04, 0x00, 0x19, 0x00, 0x00, 0x00,
    0x6b, 0x08, 0x00, 0x00, 0x6a, 0x08, 0x00, 0x00, 0xae, 0x00,
    0x05, 0x00, 0x16, 0x00, 0x00, 0x00, 0x6c, 0x08, 0x00, 0x00,
    0x69, 0x08, 0x00, 0x00, 0x6b, 0x08, 0x00, 0x00, 0xf9, 0x00,
    0x02, 0x00, 0x68, 0x08, 0x00, 0x00, 0xf8, 0x00, 0x02, 0x00,
    0x68, 0x08, 0x00, 0x00, 0xf5, 0x00, 0x07, 0x00, 0x16, 0x00,
    0x00, 0x00, 0x6d, 0x08, 0x00, 0x00, 0x66, 0x08, 0x00, 0x00,
    0x47, 0x08, 0x00, 0x00, 0x6c, 0x08, 0x00, 0x00, 0x67, 0x08,
    0x00, 0x00, 0xf7, 0x00, 0x03, 0x00, 0x6f, 0x08, 0x00, 0x00,
    0x00, 0x00, 0x00, 0x00, 0xfa, 0x00, 0x04, 0x00, 0x6d, 0x08,
    0x00, 0x00, 0x6e, 0x08, 0x00, 0x00, 0x6f, 0x08, 0x00, 0x00,
    0xf8, 0x00, 0x02, 0x00, 0x6e, 0x08, 0x00, 0x00, 0x41, 0x00,
    0x05, 0x00, 0x2a, 0x00, 0x00, 0x00, 0x71, 0x08, 0x00, 0x00,
    0xd6, 0x07, 0x00, 0x00, 0xa9, 0x00, 0x00, 0x00, 0x3d, 0x00,
    0x04, 0x00, 0x06, 0x00, 0x00, 0x00, 0x72, 0x08, 0x00, 0x00,
    0x71, 0x08, 0x00, 0x00, 0x41, 0x00, 0x05, 0x00, 0x2a, 0x00,
    0x00, 0x00, 0x73, 0x08, 0x00, 0x00, 0xd6, 0x07, 0x00, 0x00,
    0xad, 0x00, 0x00, 0x00, 0x3d, 0x00, 0x04, 0x00, 0x06, 0x00,
    0x00, 0x00, 0x74, 0x08, 0x00, 0x00, 0x73, 0x08, 0x00, 0x00,
    0x41, 0x00, 0x05, 0x00, 0x2a, 0x00, 0x00, 0x00, 0x75, 0x08,
    0x00, 0x00, 0xd6, 0x07, 0x00, 0x00, 0xe5, 0x00, 0x00, 0x00,
    0x3d, 0x00, 0x04, 0x00, 0x06, 0x00, 0x00, 0x00, 0x76, 0x08,
    0x00, 0x00, 0x75, 0x08, 0x00, 0x00, 0x0c, 0x00, 0x07, 0x00,
    0x06, 0x00, 0x00, 0x00, 0x77, 0x08, 0x00, 0x00, 0x01, 0x00,
    0x00, 0x00, 0x28, 0x00, 0x00, 0x00, 0x74, 0x08, 0x00, 0x00,
    0x76, 0x08, 0x00, 0x00, 0x0c, 0x00, 0x07, 0x00, 0x06, 0x00,
    0x00, 0x00, 0x78, 0x08, 0x00, 0x00, 0x01, 0x00, 0x00, 0x00,
    0x28, 0x00, 0x00, 0x00, 0x72, 0x08, 0x00, 0x00, 0x77, 0x08,
    0x00, 0x00, 0x81, 0x00, 0x05, 0x00, 0x06, 0x00, 0x00, 0x00,
    0x79, 0x08, 0x00, 0x00, 0x78, 0x08, 0x00, 0x00, 0x41, 0x03,
    0x00, 0x00, 0x0c, 0x00, 0x07, 0x00, 0x06, 0x00, 0x00, 0x00,
    0x7b, 0x08, 0x00, 0x00, 0x01, 0x00, 0x00, 0x00, 0x25, 0x00,
    0x00, 0x00, 0x79, 0x08, 0x00, 0x00, 0x7a, 0x08, 0x00, 0x00,
    0x3e, 0x00, 0x03, 0x00, 0x70, 0x08, 0x00, 0x00, 0x7b, 0x08,
    0x00, 0x00, 0x39, 0x00, 0x04, 0x00, 0x06, 0x00, 0x00, 0x00,
    0x7c, 0x08, 0x00, 0x00, 0x20, 0x00, 0x00, 0x00, 0x3d, 0x00,
    0x04, 0x00, 0x06, 0x00, 0x00, 0x00, 0x7d, 0x08, 0x00, 0x00,
    0x70, 0x08, 0x00, 0x00, 0xba, 0x00, 0x05, 0x00, 0x16, 0x00,
    0x00, 0x00, 0x7e, 0x08, 0x00, 0x00, 0x7c, 0x08, 0x00, 0x00,
    0x7d, 0x08, 0x00, 0x00, 0xf7, 0x00, 0x03, 0x00, 0x80, 0x08,
    0x00, 0x00, 0x00, 0x00, 0x00, 0x00, 0xfa, 0x00, 0x04, 0x00,
    0x7e, 0x08, 0x00, 0x00, 0x7f, 0x08, 0x00, 0x00, 0x80, 0x08,
    0x00, 0x00, 0xf8, 0x00, 0x02, 0x00, 0x7f, 0x08, 0x00, 0x00,
    0xf9, 0x00, 0x02, 0x00, 0xdd, 0x07, 0x00, 0x00, 0xf8, 0x00,
    0x02, 0x00, 0x80, 0x08, 0x00, 0x00, 0x3d, 0x00, 0x04, 0x00,
    0x06, 0x00, 0x00, 0x00, 0x82, 0x08, 0x00, 0x00, 0x70, 0x08,
    0x00, 0x00, 0x3d, 0x00, 0x04, 0x00, 0x07, 0x00, 0x00, 0x00,
    0x83, 0x08, 0x00, 0x00, 0xd6, 0x07, 0x00, 0x00, 0x50, 0x00,
    0x06, 0x00, 0x07, 0x00, 0x00, 0x00, 0x84, 0x08, 0x00, 0x00,
    0x82, 0x08, 0x00, 0x00, 0x82, 0x08, 0x00, 0x00, 0x82, 0x08,
    0x00, 0x00, 0x88, 0x00, 0x05, 0x00, 0x07, 0x00, 0x00, 0x00,
    0x85, 0x08, 0x00, 0x00, 0x83, 0x08, 0x00, 0x00, 0x84, 0x08,
    0x00, 0x00, 0x3e, 0x00, 0x03, 0x00, 0xd6, 0x07, 0x00, 0x00,
    0x85, 0x08, 0x00, 0x00, 0xf9, 0x00, 0x02, 0x00, 0x6f, 0x08,
    0x00, 0x00, 0xf8, 0x00, 0x02, 0x00, 0x6f, 0x08, 0x00, 0x00,
    0xf9, 0x00, 0x02, 0x00, 0xde, 0x07, 0x00, 0x00, 0xf8, 0x00,
    0x02, 0x00, 0xde, 0x07, 0x00, 0x00, 0x3d, 0x00, 0x04, 0x00,
    0x19, 0x00, 0x00, 0x00, 0x86, 0x08, 0x00, 0x00, 0xda, 0x07,
    0x00, 0x00, 0x80, 0x00, 0x05, 0x00, 0x19, 0x00, 0x00, 0x00,
    0x87, 0x08, 0x00, 0x00, 0x86, 0x08, 0x00, 0x00, 0xb0, 0x00,
    0x00, 0x00, 0x3e, 0x00, 0x03, 0x00, 0xda, 0x07, 0x00, 0x00,
    0x87, 0x08, 0x00, 0x00, 0xf9, 0x00, 0x02, 0x00, 0xdb, 0x07,
    0x00, 0x00, 0xf8, 0x00, 0x02, 0x00, 0xdd, 0x07, 0x00, 0x00,
    0x3d, 0x00, 0x04, 0x00, 0x07, 0x00, 0x00, 0x00, 0x88, 0x08,
    0x00, 0x00, 0xd8, 0x07, 0x00, 0x00, 0x51, 0x00, 0x05, 0x00,
    0x06, 0x00, 0x00, 0x00, 0x89, 0x08, 0x00, 0x00, 0x88, 0x08,
    0x00, 0x00, 0x00, 0x00, 0x00, 0x00, 0x51, 0x00, 0x05, 0x00,
    0x06, 0x00, 0x00, 0x00, 0x8a, 0x08, 0x00, 0x00, 0x88, 0x08,
    0x00, 0x00, 0x01, 0x00, 0x00, 0x00, 0x51, 0x00, 0x05, 0x00,
    0x06, 0x00, 0x00, 0x00, 0x8b, 0x08, 0x00, 0x00, 0x88, 0x08,
    0x00, 0x00, 0x02, 0x00, 0x00, 0x00, 0x50, 0x00, 0x07, 0x00,
    0x0f, 0x00, 0x00, 0x00, 0x8c, 0x08, 0x00, 0x00, 0x89, 0x08,
    0x00, 0x00, 0x8a, 0x08, 0x00, 0x00, 0x8b, 0x08, 0x00, 0x00,
    0xd9, 0x01, 0x00, 0x00, 0xfe, 0x00, 0x02, 0x00, 0x8c, 0x08,
    0x00, 0x00, 0x38, 0x00, 0x01, 0x00
};
const size_t Renderer::accumShaderSrcSize = 58276;

const unsigned char Renderer::toneMapShaderSrc[] =
{
    0x03, 0x02, 0x23, 0x07, 0x00, 0x00, 0x01, 0x00, 0x0b, 0x00,
    0x0d, 0x00, 0x05, 0x01, 0x00, 0x00, 0x00, 0x00, 0x00, 0x00,
    0x11, 0x00, 0x02, 0x00, 0x01, 0x00, 0x00, 0x00, 0x0b, 0x00,
    0x06, 0x00, 0x01, 0x00, 0x00, 0x00, 0x47, 0x4c, 0x53, 0x4c,
    0x2e, 0x73, 0x74, 0x64, 0x2e, 0x34, 0x35, 0x30, 0x00, 0x00,
    0x00, 0x00, 0x0e, 0x00, 0x03, 0x00, 0x00, 0x00, 0x00, 0x00,
    0x01, 0x00, 0x00, 0x00, 0x0f, 0x00, 0x06, 0x00, 0x05, 0x00,
    0x00, 0x00, 0x04, 0x00, 0x00, 0x00, 0x6d, 0x61, 0x69, 0x6e,
    0x00, 0x00, 0x00, 0x00, 0x26, 0x00, 0x00, 0x00, 0x10, 0x00,
    0x06, 0x00, 0x04, 0x00, 0x00, 0x00, 0x11, 0x00, 0x00, 0x00,
    0x10, 0x00, 0x00, 0x00, 0x10, 0x00, 0x00, 0x00, 0x01, 0x00,
    0x00, 0x00, 0x03, 0x00, 0x03, 0x00, 0x02, 0x00, 0x00, 0x00,
    0xae, 0x01, 0x00, 0x00, 0x04, 0x00, 0x0a, 0x00, 0x47, 0x4c,
    0x5f, 0x47, 0x4f, 0x4f, 0x47, 0x4c, 0x45, 0x5f, 0x63, 0x70,
    0x70, 0x5f, 0x73, 0x74, 0x79, 0x6c, 0x65, 0x5f, 0x6c, 0x69,
    0x6e, 0x65, 0x5f, 0x64, 0x69, 0x72, 0x65, 0x63, 0x74, 0x69,
    0x76, 0x65, 0x00, 0x00, 0x04, 0x00, 0x08, 0x00, 0x47, 0x4c,
    0x5f, 0x47, 0x4f, 0x4f, 0x47, 0x4c, 0x45, 0x5f, 0x69, 0x6e,
    0x63, 0x6c, 0x75, 0x64, 0x65, 0x5f, 0x64, 0x69, 0x72, 0x65,
    0x63, 0x74, 0x69, 0x76, 0x65, 0x00, 0x05, 0x00, 0x04, 0x00,
    0x04, 0x00, 0x00, 0x00, 0x6d, 0x61, 0x69, 0x6e, 0x00, 0x00,
    0x00, 0x00, 0x05, 0x00, 0x06, 0x00, 0x0b, 0x00, 0x00, 0x00,
    0x52, 0x65, 0x69, 0x6e, 0x68, 0x61, 0x72, 0x64, 0x28, 0x76,
    0x66, 0x33, 0x3b, 0x00, 0x00, 0x00, 0x05, 0x00, 0x04, 0x00,
    0x0a, 0x00, 0x00, 0x00, 0x63, 0x6f, 0x6c, 0x6f, 0x72, 0x00,
    0x00, 0x00, 0x05, 0x00, 0x05, 0x00, 0x0e, 0x00, 0x00, 0x00,
    0x41, 0x43, 0x45, 0x53, 0x28, 0x76, 0x66, 0x33, 0x3b, 0x00,
    0x00, 0x00, 0x05, 0x00, 0x04, 0x00, 0x0d, 0x00, 0x00, 0x00,
    0x63, 0x6f, 0x6c, 0x6f, 0x72, 0x00, 0x00, 0x00, 0x05, 0x00,
    0x06, 0x00, 0x11, 0x00, 0x00, 0x00, 0x41, 0x43, 0x45, 0x53,
    0x66, 0x69, 0x74, 0x74, 0x65, 0x64, 0x28, 0x76, 0x66, 0x33,
    0x3b, 0x00, 0x05, 0x00, 0x04, 0x00, 0x10, 0x00, 0x00, 0x00,
    0x63, 0x6f, 0x6c, 0x6f, 0x72, 0x00, 0x00, 0x00, 0x05, 0x00,
    0x08, 0x00, 0x17, 0x00, 0x00, 0x00, 0x47, 0x61, 0x6d, 0x6d,
    0x61, 0x43, 0x6f, 0x72, 0x72, 0x65, 0x63, 0x74, 0x69, 0x6f,
    0x6e, 0x28, 0x76, 0x66, 0x33, 0x3b, 0x66, 0x31, 0x3b, 0x00,
    0x05, 0x00, 0x04, 0x00, 0x15, 0x00, 0x00, 0x00, 0x63, 0x6f,
    0x6c, 0x6f, 0x72, 0x00, 0x00, 0x00, 0x05, 0x00, 0x04, 0x00,
    0x16, 0x00, 0x00, 0x00, 0x67, 0x61, 0x6d, 0x6d, 0x61, 0x00,
    0x00, 0x00, 0x05, 0x00, 0x06, 0x00, 0x1d, 0x00, 0x00, 0x00,
    0x54, 0x6f, 0x6e, 0x65, 0x4d, 0x61, 0x70, 0x28, 0x76, 0x66,
    0x34, 0x3b, 0x00, 0x00, 0x00, 0x00, 0x05, 0x00, 0x04, 0x00,
    0x1c, 0x00, 0x00, 0x00, 0x70, 0x69, 0x78, 0x65, 0x6c, 0x00,
    0x00, 0x00, 0x05, 0x00, 0x05, 0x00, 0x22, 0x00, 0x00, 0x00,
    0x54, 0x65, 0x78, 0x65, 0x6c, 0x43, 0x6f, 0x6f, 0x72, 0x64,
    0x00, 0x00, 0x05, 0x00, 0x08, 0x00, 0x26, 0x00, 0x00, 0x00,
    0x67, 0x6c, 0x5f, 0x47, 0x6c, 0x6f, 0x62, 0x61, 0x6c, 0x49,
    0x6e, 0x76, 0x6f, 0x63, 0x61, 0x74, 0x69, 0x6f, 0x6e, 0x49,
    0x44, 0x00, 0x00, 0x00, 0x05, 0x00, 0x05, 0x00, 0x2b, 0x00,
    0x00, 0x00, 0x50, 0x61, 0x72, 0x61, 0x6d, 0x73, 0x55, 0x42,
    0x4f, 0x00, 0x00, 0x00, 0x06, 0x00, 0x07, 0x00, 0x2b, 0x00,
    0x00, 0x00, 0x00, 0x00, 0x00, 0x00, 0x46, 0x72, 0x61, 0x6d,
    0x65, 0x50, 0x6f, 0x73, 0x69, 0x74, 0x69, 0x6f, 0x6e, 0x00,
    0x00, 0x00, 0x06, 0x00, 0x06, 0x00, 0x2b, 0x00, 0x00, 0x00,
    0x01, 0x00, 0x00, 0x00, 0x46, 0x72, 0x61, 0x6d, 0x65, 0x53,
    0x69, 0x7a, 0x65, 0x00, 0x00, 0x00, 0x06, 0x00, 0x06, 0x00,
    0x2b, 0x00, 0x00, 0x00, 0x02, 0x00, 0x00, 0x00, 0x53, 0x61,
    0x6d, 0x70, 0x6c, 0x65, 0x43, 0x6f, 0x75, 0x6e, 0x74, 0x00,
    0x06, 0x00, 0x06, 0x00, 0x2b, 0x00, 0x00, 0x00, 0x03, 0x00,
    0x00, 0x00, 0x54, 0x6f, 0x6e, 0x65, 0x4d, 0x61, 0x70, 0x4d,
    0x6f, 0x64, 0x65, 0x00, 0x06, 0x00, 0x05, 0x00, 0x2b, 0x00,
    0x00, 0x00, 0x04, 0x00, 0x00, 0x00, 0x47, 0x61, 0x6d, 0x6d,
    0x61, 0x00, 0x00, 0x00, 0x05, 0x00, 0x03, 0x00, 0x2d, 0x00,
    0x00, 0x00, 0x00, 0x00, 0x00, 0x00, 0x05, 0x00, 0x03, 0x00,
    0x65, 0x00, 0x00, 0x00, 0x61, 0x00, 0x00, 0x00, 0x05, 0x00,
    0x03, 0x00, 0x6f, 0x00, 0x00, 0x00, 0x62, 0x00, 0x00, 0x00,
    0x05, 0x00, 0x04, 0x00, 0xa2, 0x00, 0x00, 0x00, 0x70, 0x61,
    0x72, 0x61, 0x6d, 0x00, 0x00, 0x00, 0x05, 0x00, 0x04, 0x00,
    0xb0, 0x00, 0x00, 0x00, 0x70, 0x61, 0x72, 0x61, 0x6d, 0x00,
    0x00, 0x00, 0x05, 0x00, 0x04, 0x00, 0xbb, 0x00, 0x00, 0x00,
    0x70, 0x61, 0x72, 0x61, 0x6d, 0x00, 0x00, 0x00, 0x05, 0x00,
    0x04, 0x00, 0xc8, 0x00, 0x00, 0x00, 0x70, 0x61, 0x72, 0x61,
    0x6d, 0x00, 0x00, 0x00, 0x05, 0x00, 0x04, 0x00, 0xcb, 0x00,
    0x00, 0x00, 0x70, 0x61, 0x72, 0x61, 0x6d, 0x00, 0x00, 0x00,
    0x05, 0x00, 0x05, 0x00, 0xf0, 0x00, 0x00, 0x00, 0x61, 0x63,
    0x63, 0x75, 0x6d, 0x43, 0x6f, 0x6c, 0x6f, 0x72, 0x00, 0x00,
    0x05, 0x00, 0x07, 0x00, 0xf3, 0x00, 0x00, 0x00, 0x41, 0x63,
    0x63, 0x75, 0x6d, 0x75, 0x6c, 0x61, 0x74, 0x6f, 0x72, 0x49,
    0x6d, 0x61, 0x67, 0x65, 0x00, 0x00, 0x00, 0x00, 0x05, 0x00,
    0x06, 0x00, 0xf7, 0x00, 0x00, 0x00, 0x54, 0x6f, 0x6e, 0x65,
    0x4d, 0x61, 0x70, 0x49, 0x6d, 0x61, 0x67, 0x65, 0x00, 0x00,
    0x00, 0x00, 0x05, 0x00, 0x04, 0x00, 0x01, 0x01, 0x00, 0x00,
    0x70, 0x61, 0x72, 0x61, 0x6d, 0x00, 0x00, 0x00, 0x47, 0x00,
    0x04, 0x00, 0x26, 0x00, 0x00, 0x00, 0x0b, 0x00, 0x00, 0x00,
    0x1c, 0x00, 0x00, 0x00, 0x48, 0x00, 0x05, 0x00, 0x2b, 0x00,
    0x00, 0x00, 0x00, 0x00, 0x00, 0x00, 0x23, 0x00, 0x00, 0x00,
    0x00, 0x00, 0x00, 0x00, 0x48, 0x00, 0x05, 0x00, 0x2b, 0x00,
    0x00, 0x00, 0x01, 0x00, 0x00, 0x00, 0x23, 0x00, 0x00, 0x00,
    0x08, 0x00, 0x00, 0x00, 0x48, 0x00, 0x05, 0x00, 0x2b, 0x00,
    0x00, 0x00, 0x02, 0x00, 0x00, 0x00, 0x23, 0x00, 0x00, 0x00,
    0x10, 0x00, 0x00, 0x00, 0x48, 0x00, 0x05, 0x00, 0x2b, 0x00,
    0x00, 0x00, 0x03, 0x00, 0x00, 0x00, 0x23, 0x00, 0x00, 0x00,
    0x14, 0x00, 0x00, 0x00, 0x48, 0x00, 0x05, 0x00, 0x2b, 0x00,
    0x00, 0x00, 0x04, 0x00, 0x00, 0x00, 0x23, 0x00, 0x00, 0x00,
    0x18, 0x00, 0x00, 0x00, 0x47, 0x00, 0x03, 0x00, 0x2b, 0x00,
    0x00, 0x00, 0x02, 0x00, 0x00, 0x00, 0x47, 0x00, 0x04, 0x00,
    0x2d, 0x00, 0x00, 0x00, 0x22, 0x00, 0x00, 0x00, 0x00, 0x00,
    0x00, 0x00, 0x47, 0x00, 0x04, 0x00, 0x2d, 0x00, 0x00, 0x00,
    0x21, 0x00, 0x00, 0x00, 0x00, 0x00, 0x00, 0x00, 0x47, 0x00,
    0x04, 0x00, 0xf3, 0x00, 0x00, 0x00, 0x22, 0x00, 0x00, 0x00,
    0x00, 0x00, 0x00, 0x00, 0x47, 0x00, 0x04, 0x00, 0xf3, 0x00,
    0x00, 0x00, 0x21, 0x00, 0x00, 0x00, 0x00, 0x00, 0x00, 0x00,
    0x47, 0x00, 0x03, 0x00, 0xf3, 0x00, 0x00, 0x00, 0x18, 0x00,
    0x00, 0x00, 0x47, 0x00, 0x04, 0x00, 0xf7, 0x00, 0x00, 0x00,
    0x22, 0x00, 0x00, 0x00, 0x00, 0x00, 0x00, 0x00, 0x47, 0x00,
    0x04, 0x00, 0xf7, 0x00, 0x00, 0x00, 0x21, 0x00, 0x00, 0x00,
    0x01, 0x00, 0x00, 0x00, 0x47, 0x00, 0x03, 0x00, 0xf7, 0x00,
    0x00, 0x00, 0x19, 0x00, 0x00, 0x00, 0x47, 0x00, 0x04, 0x00,
    0x04, 0x01, 0x00, 0x00, 0x0b, 0x00, 0x00, 0x00, 0x19, 0x00,
    0x00, 0x00, 0x13, 0x00, 0x02, 0x00, 0x02, 0x00, 0x00, 0x00,
    0x21, 0x00, 0x03, 0x00, 0x03, 0x00, 0x00, 0x00, 0x02, 0x00,
    0x00, 0x00, 0x16, 0x00, 0x03, 0x00, 0x06, 0x00, 0x00, 0x00,
    0x20, 0x00, 0x00, 0x00, 0x17, 0x00, 0x04, 0x00, 0x07, 0x00,
    0x00, 0x00, 0x06, 0x00, 0x00, 0x00, 0x03, 0x00, 0x00, 0x00,
    0x20, 0x00, 0x04, 0x00, 0x08, 0x00, 0x00, 0x00, 0x07, 0x00,
    0x00, 0x00, 0x07, 0x00, 0x00, 0x00, 0x21, 0x00, 0x04, 0x00,
    0x09, 0x00, 0x00, 0x00, 0x07, 0x00, 0x00, 0x00, 0x08, 0x00,
    0x00, 0x00, 0x20, 0x00, 0x04, 0x00, 0x13, 0x00, 0x00, 0x00,
    0x07, 0x00, 0x00, 0x00, 0x06, 0x00, 0x00, 0x00, 0x21, 0x00,
    0x05, 0x00, 0x14, 0x00, 0x00, 0x00, 0x07, 0x00, 0x00, 0x00,
    0x08, 0x00, 0x00, 0x00, 0x13, 0x00, 0x00, 0x00, 0x17, 0x00,
    0x04, 0x00, 0x19, 0x00, 0x00, 0x00, 0x06, 0x00, 0x00, 0x00,
    0x04, 0x00, 0x00, 0x00, 0x20, 0x00, 0x04, 0x00, 0x1a, 0x00,
    0x00, 0x00, 0x07, 0x00, 0x00, 0x00, 0x19, 0x00, 0x00, 0x00,
    0x21, 0x00, 0x04, 0x00, 0x1b, 0x00, 0x00, 0x00, 0x19, 0x00,
    0x00, 0x00, 0x1a, 0x00, 0x00, 0x00, 0x15, 0x00, 0x04, 0x00,
    0x1f, 0x00, 0x00, 0x00, 0x20, 0x00, 0x00, 0x00, 0x01, 0x00,
    0x00, 0x00, 0x17, 0x00, 0x04, 0x00, 0x20, 0x00, 0x00, 0x00,
    0x1f, 0x00, 0x00, 0x00, 0x02, 0x00, 0x00, 0x00, 0x20, 0x00,
    0x04, 0x00, 0x21, 0x00, 0x00, 0x00, 0x06, 0x00, 0x00, 0x00,
    0x20, 0x00, 0x00, 0x00, 0x3b, 0x00, 0x04, 0x00, 0x21, 0x00,
    0x00, 0x00, 0x22, 0x00, 0x00, 0x00, 0x06, 0x00, 0x00, 0x00,
    0x15, 0x00, 0x04, 0x00, 0x23, 0x00, 0x00, 0x00, 0x20, 0x00,
    0x00, 0x00, 0x00, 0x00, 0x00, 0x00, 0x17, 0x00, 0x04, 0x00,
    0x24, 0x00, 0x00, 0x00, 0x23, 0x00, 0x00, 0x00, 0x03, 0x00,
    0x00, 0x00, 0x20, 0x00, 0x04, 0x00, 0x25, 0x00, 0x00, 0x00,
    0x01, 0x00, 0x00, 0x00, 0x24, 0x00, 0x00, 0x00, 0x3b, 0x00,
    0x04, 0x00, 0x25, 0x00, 0x00, 0x00, 0x26, 0x00, 0x00, 0x00,
    0x01, 0x00, 0x00, 0x00, 0x17, 0x00, 0x04, 0x00, 0x27, 0x00,
    0x00, 0x00, 0x23, 0x00, 0x00, 0x00, 0x02, 0x00, 0x00, 0x00,
    0x1e, 0x00, 0x07, 0x00, 0x2b, 0x00, 0x00, 0x00, 0x20, 0x00,
    0x00, 0x00, 0x20, 0x00, 0x00, 0x00, 0x23, 0x00, 0x00, 0x00,
    0x23, 0x00, 0x00, 0x00, 0x06, 0x00, 0x00, 0x00, 0x20, 0x00,
    0x04, 0x00, 0x2c, 0x00, 0x00, 0x00, 0x02, 0x00, 0x00, 0x00,
    0x2b, 0x00, 0x00, 0x00, 0x3b, 0x00, 0x04, 0x00, 0x2c, 0x00,
    0x00, 0x00, 0x2d, 0x00, 0x00, 0x00, 0x02, 0x00, 0x00, 0x00,
    0x2b, 0x00, 0x04, 0x00, 0x1f, 0x00, 0x00, 0x00, 0x2e, 0x00,
    0x00, 0x00, 0x00, 0x00, 0x00, 0x00, 0x20, 0x00, 0x04, 0x00,
    0x2f, 0x00, 0x00, 0x00, 0x02, 0x00, 0x00, 0x00, 0x20, 0x00,
    0x00, 0x00, 0x2b, 0x00, 0x04, 0x00, 0x06, 0x00, 0x00, 0x00,
    0x35, 0x00, 0x00, 0x00, 0x00, 0x00, 0x80, 0x3f, 0x2b, 0x00,
    0x04, 0x00, 0x06, 0x00, 0x00, 0x00, 0x3c, 0x00, 0x00, 0x00,
    0xd7, 0xa3, 0x20, 0x40, 0x2b, 0x00, 0x04, 0x00, 0x06, 0x00,
    0x00, 0x00, 0x3f, 0x00, 0x00, 0x00, 0x8f, 0xc2, 0xf5, 0x3c,
    0x2b, 0x00, 0x04, 0x00, 0x06, 0x00, 0x00, 0x00, 0x44, 0x00,
    0x00, 0x00, 0x1f, 0x85, 0x1b, 0x40, 0x2b, 0x00, 0x04, 0x00,
    0x06, 0x00, 0x00, 0x00, 0x47, 0x00, 0x00, 0x00, 0x3d, 0x0a,
    0x17, 0x3f, 0x2b, 0x00, 0x04, 0x00, 0x06, 0x00, 0x00, 0x00,
    0x4b, 0x00, 0x00, 0x00, 0x29, 0x5c, 0x0f, 0x3e, 0x2b, 0x00,
    0x04, 0x00, 0x06, 0x00, 0x00, 0x00, 0x4f, 0x00, 0x00, 0x00,
    0x00, 0x00, 0x00, 0x00, 0x18, 0x00, 0x04, 0x00, 0x56, 0x00,
    0x00, 0x00, 0x07, 0x00, 0x00, 0x00, 0x03, 0x00, 0x00, 0x00,
    0x2b, 0x00, 0x04, 0x00, 0x06, 0x00, 0x00, 0x00, 0x57, 0x00,
    0x00, 0x00, 0x72, 0xe1, 0x18, 0x3f, 0x2b, 0x00, 0x04, 0x00,
    0x06, 0x00, 0x00, 0x00, 0x58, 0x00, 0x00, 0x00, 0x82, 0x8b,
    0xb5, 0x3e, 0x2b, 0x00, 0x04, 0x00, 0x06, 0x00, 0x00, 0x00,
    0x59, 0x00, 0x00, 0x00, 0xd2, 0x8c, 0x45, 0x3d, 0x2c, 0x00,
    0x06, 0x00, 0x07, 0x00, 0x00, 0x00, 0x5a, 0x00, 0x00, 0x00,
    0x57, 0x00, 0x00, 0x00, 0x58, 0x00, 0x00, 0x00, 0x59, 0x00,
    0x00, 0x00, 0x2b, 0x00, 0x04, 0x00, 0x06, 0x00, 0x00, 0x00,
    0x5b, 0x00, 0x00, 0x00, 0xe3, 0xa5, 0x9b, 0x3d, 0x2b, 0x00,
    0x04, 0x00, 0x06, 0x00, 0x00, 0x00, 0x5c, 0x00, 0x00, 0x00,
    0xf8, 0x88, 0x68, 0x3f, 0x2b, 0x00, 0x04, 0x00, 0x06, 0x00,
    0x00, 0x00, 0x5d, 0x00, 0x00, 0x00, 0x66, 0x49, 0x80, 0x3c,
    0x2c, 0x00, 0x06, 0x00, 0x07, 0x00, 0x00, 0x00, 0x5e, 0x00,
    0x00, 0x00, 0x5b, 0x00, 0x00, 0x00, 0x5c, 0x00, 0x00, 0x00,
    0x5d, 0x00, 0x00, 0x00, 0x2b, 0x00, 0x04, 0x00, 0x06, 0x00,
    0x00, 0x00, 0x5f, 0x00, 0x00, 0x00, 0x1e, 0xa7, 0xe8, 0x3c,
    0x2b, 0x00, 0x04, 0x00, 0x06, 0x00, 0x00, 0x00, 0x60, 0x00,
    0x00, 0x00, 0xbb, 0x0a, 0x09, 0x3e, 0x2b, 0x00, 0x04, 0x00,
    0x06, 0x00, 0x00, 0x00, 0x61, 0x00, 0x00, 0x00, 0x18, 0x78,
    0x56, 0x3f, 0x2c, 0x00, 0x06, 0x00, 0x07, 0x00, 0x00, 0x00,
    0x62, 0x00, 0x00, 0x00, 0x5f, 0x00, 0x00, 0x00, 0x60, 0x00,
    0x00, 0x00, 0x61, 0x00, 0x00, 0x00, 0x2c, 0x00, 0x06, 0x00,
    0x56, 0x00, 0x00, 0x00, 0x63, 0x00, 0x00, 0x00, 0x5a, 0x00,
    0x00, 0x00, 0x5e, 0x00, 0x00, 0x00, 0x62, 0x00, 0x00, 0x00,
    0x2b, 0x00, 0x04, 0x00, 0x06, 0x00, 0x00, 0x00, 0x68, 0x00,
    0x00, 0x00, 0x0f, 0x59, 0xc9, 0x3c, 0x2b, 0x00, 0x04, 0x00,
    0x06, 0x00, 0x00, 0x00, 0x6c, 0x00, 0x00, 0x00, 0xaf, 0xde,
    0xbd, 0x38, 0x2b, 0x00, 0x04, 0x00, 0x06, 0x00, 0x00, 0x00,
    0x71, 0x00, 0x00, 0x00, 0xaa, 0xd5, 0x7b, 0x3f, 0x2b, 0x00,
    0x04, 0x00, 0x06, 0x00, 0x00, 0x00, 0x74, 0x00, 0x00, 0x00,
    0xc1, 0xab, 0xdd, 0x3e, 0x2b, 0x00, 0x04, 0x00, 0x06, 0x00,
    0x00, 0x00, 0x78, 0x00, 0x00, 0x00, 0x81, 0xcb, 0x73, 0x3e,
    0x2b, 0x00, 0x04, 0x00, 0x06, 0x00, 0x00, 0x00, 0x7f, 0x00,
    0x00, 0x00, 0x73, 0x68, 0xcd, 0x3f, 0x2b, 0x00, 0x04, 0x00,
    0x06, 0x00, 0x00, 0x00, 0x80, 0x00, 0x00, 0x00, 0xdc, 0xf4,
    0x07, 0xbf, 0x2b, 0x00, 0x04, 0x00, 0x06, 0x00, 0x00, 0x00,
    0x81, 0x00, 0x00, 0x00, 0x4c, 0xe0, 0x96, 0xbd, 0x2c, 0x00,
    0x06, 0x00, 0x07, 0x00, 0x00, 0x00, 0x82, 0x00, 0x00, 0x00,
    0x7f, 0x00, 0x00, 0x00, 0x80, 0x00, 0x00, 0x00, 0x81, 0x00,
    0x00, 0x00, 0x2b, 0x00, 0x04, 0x00, 0x06, 0x00, 0x00, 0x00,
    0x83, 0x00, 0x00, 0x00, 0x52, 0x0f, 0xd1, 0xbd, 0x2b, 0x00,
    0x04, 0x00, 0x06, 0x00, 0x00, 0x00, 0x84, 0x00, 0x00, 0x00,
    0x34, 0xd7, 0x8d, 0x3f, 0x2b, 0x00, 0x04, 0x00, 0x06, 0x00,
    0x00, 0x00, 0x85, 0x00, 0x00, 0x00, 0x14, 0x3f, 0xc6, 0xbb,
    0x2c, 0x00, 0x06, 0x00, 0x07, 0x00, 0x00, 0x00, 0x86, 0x00,
    0x00, 0x00, 0x83, 0x00, 0x00, 0x00, 0x84, 0x00, 0x00, 0x00,
    0x85, 0x00, 0x00, 0x00, 0x2b, 0x00, 0x04, 0x00, 0x06, 0x00,
    0x00, 0x00, 0x87, 0x00, 0x00, 0x00, 0x7f, 0x4d, 0x56, 0xbb,
    0x2b, 0x00, 0x04, 0x00, 0x06, 0x00, 0x00, 0x00, 0x88, 0x00,
    0x00, 0x00, 0x32, 0x03, 0x95, 0xbd, 0x2b, 0x00, 0x04, 0x00,
    0x06, 0x00, 0x00, 0x00, 0x89, 0x00, 0x00, 0x00, 0x06, 0xbb,
    0x89, 0x3f, 0x2c, 0x00, 0x06, 0x00, 0x07, 0x00, 0x00, 0x00,
    0x8a, 0x00, 0x00, 0x00, 0x87, 0x00, 0x00, 0x00, 0x88, 0x00,
    0x00, 0x00, 0x89, 0x00, 0x00, 0x00, 0x2c, 0x00, 0x06, 0x00,
    0x56, 0x00, 0x00, 0x00, 0x8b, 0x00, 0x00, 0x00, 0x82, 0x00,
    0x00, 0x00, 0x86, 0x00, 0x00, 0x00, 0x8a, 0x00, 0x00, 0x00,
    0x2b, 0x00, 0x04, 0x00, 0x1f, 0x00, 0x00, 0x00, 0x9a, 0x00,
    0x00, 0x00, 0x03, 0x00, 0x00, 0x00, 0x20, 0x00, 0x04, 0x00,
    0x9b, 0x00, 0x00, 0x00, 0x02, 0x00, 0x00, 0x00, 0x23, 0x00,
    0x00, 0x00, 0x2b, 0x00, 0x04, 0x00, 0x23, 0x00, 0x00, 0x00,
    0xa6, 0x00, 0x00, 0x00, 0x00, 0x00, 0x00, 0x00, 0x2b, 0x00,
    0x04, 0x00, 0x23, 0x00, 0x00, 0x00, 0xa9, 0x00, 0x00, 0x00,
    0x01, 0x00, 0x00, 0x00, 0x2b, 0x00, 0x04, 0x00, 0x23, 0x00,
    0x00, 0x00, 0xac, 0x00, 0x00, 0x00, 0x02, 0x00, 0x00, 0x00,
    0x2b, 0x00, 0x04, 0x00, 0x1f, 0x00, 0x00, 0x00, 0xc7, 0x00,
    0x00, 0x00, 0x04, 0x00, 0x00, 0x00, 0x20, 0x00, 0x04, 0x00,
    0xcc, 0x00, 0x00, 0x00, 0x02, 0x00, 0x00, 0x00, 0x06, 0x00,
    0x00, 0x00, 0x14, 0x00, 0x02, 0x00, 0xd9, 0x00, 0x00, 0x00,
    0x17, 0x00, 0x04, 0x00, 0xdd, 0x00, 0x00, 0x00, 0xd9, 0x00,
    0x00, 0x00, 0x02, 0x00, 0x00, 0x00, 0x2b, 0x00, 0x04, 0x00,
    0x1f, 0x00, 0x00, 0x00, 0xe5, 0x00, 0x00, 0x00, 0x01, 0x00,
    0x00, 0x00, 0x19, 0x00, 0x09, 0x00, 0xf1, 0x00, 0x00, 0x00,
    0x06, 0x00, 0x00, 0x00, 0x01, 0x00, 0x00, 0x00, 0x00, 0x00,
    0x00, 0x00, 0x00, 0x00, 0x00, 0x00, 0x00, 0x00, 0x00, 0x00,
    0x02, 0x00, 0x00, 0x00, 0x01, 0x00, 0x00, 0x00, 0x20, 0x00,
    0x04, 0x00, 0xf2, 0x00, 0x00, 0x00, 0x00, 0x00, 0x00, 0x00,
    0xf1, 0x00, 0x00, 0x00, 0x3b, 0x00, 0x04, 0x00, 0xf2, 0x00,
    0x00, 0x00, 0xf3, 0x00, 0x00, 0x00, 0x00, 0x00, 0x00, 0x00,
    0x3b, 0x00, 0x04, 0x00, 0xf2, 0x00, 0x00, 0x00, 0xf7, 0x00,
    0x00, 0x00, 0x00, 0x00, 0x00, 0x00, 0x2b, 0x00, 0x04, 0x00,
    0x1f, 0x00, 0x00, 0x00, 0xfb, 0x00, 0x00, 0x00, 0x02, 0x00,
    0x00, 0x00, 0x2b, 0x00, 0x04, 0x00, 0x23, 0x00, 0x00, 0x00,
    0x03, 0x01, 0x00, 0x00, 0x10, 0x00, 0x00, 0x00, 0x2c, 0x00,
    0x06, 0x00, 0x24, 0x00, 0x00, 0x00, 0x04, 0x01, 0x00, 0x00,
    0x03, 0x01, 0x00, 0x00, 0x03, 0x01, 0x00, 0x00, 0xa9, 0x00,
    0x00, 0x00, 0x36, 0x00, 0x05, 0x00, 0x02, 0x00, 0x00, 0x00,
    0x04, 0x00, 0x00, 0x00, 0x00, 0x00, 0x00, 0x00, 0x03, 0x00,
    0x00, 0x00, 0xf8, 0x00, 0x02, 0x00, 0x05, 0x00, 0x00, 0x00,
    0x3b, 0x00, 0x04, 0x00, 0x1a, 0x00, 0x00, 0x00, 0xf0, 0x00,
    0x00, 0x00, 0x07, 0x00, 0x00, 0x00, 0x3b, 0x00, 0x04, 0x00,
    0x1a, 0x00, 0x00, 0x00, 0x01, 0x01, 0x00, 0x00, 0x07, 0x00,
    0x00, 0x00, 0x3d, 0x00, 0x04, 0x00, 0x24, 0x00, 0x00, 0x00,
    0x28, 0x00, 0x00, 0x00, 0x26, 0x00, 0x00, 0x00, 0x4f, 0x00,
    0x07, 0x00, 0x27, 0x00, 0x00, 0x00, 0x29, 0x00, 0x00, 0x00,
    0x28, 0x00, 0x00, 0x00, 0x28, 0x00, 0x00, 0x00, 0x00, 0x00,
    0x00, 0x00, 0x01, 0x00, 0x00, 0x00, 0x7c, 0x00, 0x04, 0x00,
    0x20, 0x00, 0x00, 0x00, 0x2a, 0x00, 0x00, 0x00, 0x29, 0x00,
    0x00, 0x00, 0x41, 0x00, 0x05, 0x00, 0x2f, 0x00, 0x00, 0x00,
    0x30, 0x00, 0x00, 0x00, 0x2d, 0x00, 0x00, 0x00, 0x2e, 0x00,
    0x00, 0x00, 0x3d, 0x00, 0x04, 0x00, 0x20, 0x00, 0x00, 0x00,
    0x31, 0x00, 0x00, 0x00, 0x30, 0x00, 0x00, 0x00, 0x80, 0x00,
    0x05, 0x00, 0x20, 0x00, 0x00, 0x00, 0x32, 0x00, 0x00, 0x00,
    0x2a, 0x00, 0x00, 0x00, 0x31, 0x00, 0x00, 0x00, 0x3e, 0x00,
    0x03, 0x00, 0x22, 0x00, 0x00, 0x00, 0x32, 0x00, 0x00, 0x00,
    0x3d, 0x00, 0x04, 0x00, 0x20, 0x00, 0x00, 0x00, 0xda, 0x00,
    0x00, 0x00, 0x22, 0x00, 0x00, 0x00, 0x41, 0x00, 0x05, 0x00,
    0x2f, 0x00, 0x00, 0x00, 0xdb, 0x00, 0x00, 0x00, 0x2d, 0x00,
    0x00, 0x00, 0x2e, 0x00, 0x00, 0x00, 0x3d, 0x00, 0x04, 0x00,
    0x20, 0x00, 0x00, 0x00, 0xdc, 0x00, 0x00, 0x00, 0xdb, 0x00,
    0x00, 0x00, 0xb1, 0x00, 0x05, 0x00, 0xdd, 0x00, 0x00, 0x00,
    0xde, 0x00, 0x00, 0x00, 0xda, 0x00, 0x00, 0x00, 0xdc, 0x00,
    0x00, 0x00, 0x9a, 0x00, 0x04, 0x00, 0xd9, 0x00, 0x00, 0x00,
    0xdf, 0x00, 0x00, 0x00, 0xde, 0x00, 0x00, 0x00, 0xa8, 0x00,
    0x04, 0x00, 0xd9, 0x00, 0x00, 0x00, 0xe0, 0x00, 0x00, 0x00,
    0xdf, 0x00, 0x00, 0x00, 0xf7, 0x00, 0x03, 0x00, 0xe2, 0x00,
    0x00, 0x00, 0x00, 0x00, 0x00, 0x00, 0xfa, 0x00, 0x04, 0x00,
    0xe0, 0x00, 0x00, 0x00, 0xe1, 0x00, 0x00, 0x00, 0xe2, 0x00,
    0x00, 0x00, 0xf8, 0x00, 0x02, 0x00, 0xe1, 0x00, 0x00, 0x00,
    0x41, 0x00, 0x05, 0x00, 0x2f, 0x00, 0x00, 0x00, 0xe3, 0x00,
    0x00, 0x00, 0x2d, 0x00, 0x00, 0x00, 0x2e, 0x00, 0x00, 0x00,
    0x3d, 0x00, 0x04, 0x00, 0x20, 0x00, 0x00, 0x00, 0xe4, 0x00,
    0x00, 0x00, 0xe3, 0x00, 0x00, 0x00, 0x41, 0x00, 0x05, 0x00,
    0x2f, 0x00, 0x00, 0x00, 0xe6, 0x00, 0x00, 0x00, 0x2d, 0x00,
    0x00, 0x00, 0xe5, 0x00, 0x00, 0x00, 0x3d, 0x00, 0x04, 0x00,
    0x20, 0x00, 0x00, 0x00, 0xe7, 0x00, 0x00, 0x00, 0xe6, 0x00,
    0x00, 0x00, 0x80, 0x00, 0x05, 0x00, 0x20, 0x00, 0x00, 0x00,
    0xe8, 0x00, 0x00, 0x00, 0xe4, 0x00, 0x00, 0x00, 0xe7, 0x00,
    0x00, 0x00, 0x3d, 0x00, 0x04, 0x00, 0x20, 0x00, 0x00, 0x00,
    0xe9, 0x00, 0x00, 0x00, 0x22, 0x00, 0x00, 0x00, 0xb3, 0x00,
    0x05, 0x00, 0xdd, 0x00, 0x00, 0x00, 0xea, 0x00, 0x00, 0x00,
    0xe8, 0x00, 0x00, 0x00, 0xe9, 0x00, 0x00, 0x00, 0x9a, 0x00,
    0x04, 0x00, 0xd9, 0x00, 0x00, 0x00, 0xeb, 0x00, 0x00, 0x00,
    0xea, 0x00, 0x00, 0x00, 0xf9, 0x00, 0x02, 0x00, 0xe2, 0x00,
    0x00, 0x00, 0xf8, 0x00, 0x02, 0x00, 0xe2, 0x00, 0x00, 0x00,
    0xf5, 0x00, 0x07, 0x00, 0xd9, 0x00, 0x00, 0x00, 0xec, 0x00,
    0x00, 0x00, 0xdf, 0x00, 0x00, 0x00, 0x05, 0x00, 0x00, 0x00,
    0xeb, 0x00, 0x00, 0x00, 0xe1, 0x00, 0x00, 0x00, 0xf7, 0x00,
    0x03, 0x00, 0xee, 0x00, 0x00, 0x00, 0x00, 0x00, 0x00, 0x00,
    0xfa, 0x00, 0x04, 0x00, 0xec, 0x00, 0x00, 0x00, 0xed, 0x00,
    0x00, 0x00, 0xee, 0x00, 0x00, 0x00, 0xf8, 0x00, 0x02, 0x00,
    0xed, 0x00, 0x00, 0x00, 0xfd, 0x00, 0x01, 0x00, 0xf8, 0x00,
    0x02, 0x00, 0xee, 0x00, 0x00, 0x00, 0x3d, 0x00, 0x04, 0x00,
    0xf1, 0x00, 0x00, 0x00, 0xf4, 0x00, 0x00, 0x00, 0xf3, 0x00,
    0x00, 0x00, 0x3d, 0x00, 0x04, 0x00, 0x20, 0x00, 0x00, 0x00,
    0xf5, 0x00, 0x00, 0x00, 0x22, 0x00, 0x00, 0x00, 0x62, 0x00,
    0x05, 0x00, 0x19, 0x00, 0x00, 0x00, 0xf6, 0x00, 0x00, 0x00,
    0xf4, 0x00, 0x00, 0x00, 0xf5, 0x00, 0x00, 0x00, 0x3e, 0x00,
    0x03, 0x00, 0xf0, 0x00, 0x00, 0x00, 0xf6, 0x00, 0x00, 0x00,
    0x3d, 0x00, 0x04, 0x00, 0xf1, 0x00, 0x00, 0x00, 0xf8, 0x00,
    0x00, 0x00, 0xf7, 0x00, 0x00, 0x00, 0x3d, 0x00, 0x04, 0x00,
    0x20, 0x00, 0x00, 0x00, 0xf9, 0x00, 0x00, 0x00, 0x22, 0x00,
    0x00, 0x00, 0x3d, 0x00, 0x04, 0x00, 0x19, 0x00, 0x00, 0x00,
    0xfa, 0x00, 0x00, 0x00, 0xf0, 0x00, 0x00, 0x00, 0x41, 0x00,
    0x05, 0x00, 0x9b, 0x00, 0x00, 0x00, 0xfc, 0x00, 0x00, 0x00,
    0x2d, 0x00, 0x00, 0x00, 0xfb, 0x00, 0x00, 0x00, 0x3d, 0x00,
    0x04, 0x00, 0x23, 0x00, 0x00, 0x00, 0xfd, 0x00, 0x00, 0x00,
    0xfc, 0x00, 0x00, 0x00, 0x70, 0x00, 0x04, 0x00, 0x06, 0x00,
    0x00, 0x00, 0xfe, 0x00, 0x00, 0x00, 0xfd, 0x00, 0x00, 0x00,
    0x50, 0x00, 0x07, 0x00, 0x19, 0x00, 0x00, 0x00, 0xff, 0x00,
    0x00, 0x00, 0xfe, 0x00, 0x00, 0x00, 0xfe, 0x00, 0x00, 0x00,
    0xfe, 0x00, 0x00, 0x00, 0xfe, 0x00, 0x00, 0x00, 0x88, 0x00,
    0x05, 0x00, 0x19, 0x00, 0x00, 0x00, 0x00, 0x01, 0x00, 0x00,
    0xfa, 0x00, 0x00, 0x00, 0xff, 0x00, 0x00, 0x00, 0x3e, 0x00,
    0x03, 0x00, 0x01, 0x01, 0x00, 0x00, 0x00, 0x01, 0x00, 0x00,
    0x39, 0x00, 0x05, 0x00, 0x19, 0x00, 0x00, 0x00, 0x02, 0x01,
    0x00, 0x00, 0x1d, 0x00, 0x00, 0x00, 0x01, 0x01, 0x00, 0x00,
    0x63, 0x00, 0x04, 0x00, 0xf8, 0x00, 0x00, 0x00, 0xf9, 0x00,
    0x00, 0x00, 0x02, 0x01, 0x00, 0x00, 0xfd, 0x00, 0x01, 0x00,
    0x38, 0x00, 0x01, 0x00, 0x36, 0x00, 0x05, 0x00, 0x07, 0x00,
    0x00, 0x00, 0x0b, 0x00, 0x00, 0x00, 0x00, 0x00, 0x00, 0x00,
    0x09, 0x00, 0x00, 0x00, 0x37, 0x00, 0x03, 0x00, 0x08, 0x00,
    0x00, 0x00, 0x0a, 0x00, 0x00, 0x00, 0xf8, 0x00, 0x02, 0x00,
    0x0c, 0x00, 0x00, 0x00, 0x3d, 0x00, 0x04, 0x00, 0x07, 0x00,
    0x00, 0x00, 0x33, 0x00, 0x00, 0x00, 0x0a, 0x00, 0x00, 0x00,
    0x3d, 0x00, 0x04, 0x00, 0x07, 0x00, 0x00, 0x00, 0x34, 0x00,
    0x00, 0x00, 0x0a, 0x00, 0x00, 0x00, 0x50, 0x00, 0x06, 0x00,
    0x07, 0x00, 0x00, 0x00, 0x36, 0x00, 0x00, 0x00, 0x35, 0x00,
    0x00, 0x00, 0x35, 0x00, 0x00, 0x00, 0x35, 0x00, 0x00, 0x00,
    0x81, 0x00, 0x05, 0x00, 0x07, 0x00, 0x00, 0x00, 0x37, 0x00,
    0x00, 0x00, 0x34, 0x00, 0x00, 0x00, 0x36, 0x00, 0x00, 0x00,
    0x88, 0x00, 0x05, 0x00, 0x07, 0x00, 0x00, 0x00, 0x38, 0x00,
    0x00, 0x00, 0x33, 0x00, 0x00, 0x00, 0x37, 0x00, 0x00, 0x00,
    0xfe, 0x00, 0x02, 0x00, 0x38, 0x00, 0x00, 0x00, 0x38, 0x00,
    0x01, 0x00, 0x36, 0x00, 0x05, 0x00, 0x07, 0x00, 0x00, 0x00,
    0x0e, 0x00, 0x00, 0x00, 0x00, 0x00, 0x00, 0x00, 0x09, 0x00,
    0x00, 0x00, 0x37, 0x00, 0x03, 0x00, 0x08, 0x00, 0x00, 0x00,
    0x0d, 0x00, 0x00, 0x00, 0xf8, 0x00, 0x02, 0x00, 0x0f, 0x00,
    0x00, 0x00, 0x3d, 0x00, 0x04, 0x00, 0x07, 0x00, 0x00, 0x00,
    0x3b, 0x00, 0x00, 0x00, 0x0d, 0x00, 0x00, 0x00, 0x3d, 0x00,
    0x04, 0x00, 0x07, 0x00, 0x00, 0x00, 0x3d, 0x00, 0x00, 0x00,
    0x0d, 0x00, 0x00, 0x00, 0x8e, 0x00, 0x05, 0x00, 0x07, 0x00,
    0x00, 0x00, 0x3e, 0x00, 0x00, 0x00, 0x3d, 0x00, 0x00, 0x00,
    0x3c, 0x00, 0x00, 0x00, 0x50, 0x00, 0x06, 0x00, 0x07, 0x00,
    0x00, 0x00, 0x40, 0x00, 0x00, 0x00, 0x3f, 0x00, 0x00, 0x00,
    0x3f, 0x00, 0x00, 0x00, 0x3f, 0x00, 0x00, 0x00, 0x81, 0x00,
    0x05, 0x00, 0x07, 0x00, 0x00, 0x00, 0x41, 0x00, 0x00, 0x00,
    0x3e, 0x00, 0x00, 0x00, 0x40, 0x00, 0x00, 0x00, 0x85, 0x00,
    0x05, 0x00, 0x07, 0x00, 0x00, 0x00, 0x42, 0x00, 0x00, 0x00,
    0x3b, 0x00, 0x00, 0x00, 0x41, 0x00, 0x00, 0x00, 0x3d, 0x00,
    0x04, 0x00, 0x07, 0x00, 0x00, 0x00, 0x43, 0x00, 0x00, 0x00,
    0x0d, 0x00, 0x00, 0x00, 0x3d, 0x00, 0x04, 0x00, 0x07, 0x00,
    0x00, 0x00, 0x45, 0x00, 0x00, 0x00, 0x0d, 0x00, 0x00, 0x00,
    0x8e, 0x00, 0x05, 0x00, 0x07, 0x00, 0x00, 0x00, 0x46, 0x00,
    0x00, 0x00, 0x45, 0x00, 0x00, 0x00, 0x44, 0x00, 0x00, 0x00,
    0x50, 0x00, 0x06, 0x00, 0x07, 0x00, 0x00, 0x00, 0x48, 0x00,
    0x00, 0x00, 0x47, 0x00, 0x00, 0x00, 0x47, 0x00, 0x00, 0x00,
    0x47, 0x00, 0x00, 0x00, 0x81, 0x00, 0x05, 0x00, 0x07, 0x00,
    0x00, 0x00, 0x49, 0x00, 0x00, 0x00, 0x46, 0x00, 0x00, 0x00,
    0x48, 0x00, 0x00, 0x00, 0x85, 0x00, 0x05, 0x00, 0x07, 0x00,
    0x00, 0x00, 0x4a, 0x00, 0x00, 0x00, 0x43, 0x00, 0x00, 0x00,
    0x49, 0x00, 0x00, 0x00, 0x50, 0x00, 0x06, 0x00, 0x07, 0x00,
    0x00, 0x00, 0x4c, 0x00, 0x00, 0x00, 0x4b, 0x00, 0x00, 0x00,
    0x4b, 0x00, 0x00, 0x00, 0x4b, 0x00, 0x00, 0x00, 0x81, 0x00,
    0x05, 0x00, 0x07, 0x00, 0x00, 0x00, 0x4d, 0x00, 0x00, 0x00,
    0x4a, 0x00, 0x00, 0x00, 0x4c, 0x00, 0x00, 0x00, 0x88, 0x00,
    0x05, 0x00, 0x07, 0x00, 0x00, 0x00, 0x4e, 0x00, 0x00, 0x00,
    0x42, 0x00, 0x00, 0x00, 0x4d, 0x00, 0x00, 0x00, 0x50, 0x00,
    0x06, 0x00, 0x07, 0x00, 0x00, 0x00, 0x50, 0x00, 0x00, 0x00,
    0x4f, 0x00, 0x00, 0x00, 0x4f, 0x00, 0x00, 0x00, 0x4f, 0x00,
    0x00, 0x00, 0x50, 0x00, 0x06, 0x00, 0x07, 0x00, 0x00, 0x00,
    0x51, 0x00, 0x00, 0x00, 0x35, 0x00, 0x00, 0x00, 0x35, 0x00,
    0x00, 0x00, 0x35, 0x00, 0x00, 0x00, 0x0c, 0x00, 0x08, 0x00,
    0x07, 0x00, 0x00, 0x00, 0x52, 0x00, 0x00, 0x00, 0x01, 0x00,
    0x00, 0x00, 0x2b, 0x00, 0x00, 0x00, 0x4e, 0x00, 0x00, 0x00,
    0x50, 0x00, 0x00, 0x00, 0x51, 0x00, 0x00, 0x00, 0xfe, 0x00,
    0x02, 0x00, 0x52, 0x00, 0x00, 0x00, 0x38, 0x00, 0x01, 0x00,
    0x36, 0x00, 0x05, 0x00, 0x07, 0x00, 0x00, 0x00, 0x11, 0x00,
    0x00, 0x00, 0x00, 0x00, 0x00, 0x00, 0x09, 0x00, 0x00, 0x00,
    0x37, 0x00, 0x03, 0x00, 0x08, 0x00, 0x00, 0x00, 0x10, 0x00,
    0x00, 0x00, 0xf8, 0x00, 0x02, 0x00, 0x12, 0x00, 0x00, 0x00,
    0x3b, 0x00, 0x04, 0x00, 0x08, 0x00, 0x00, 0x00, 0x65, 0x00,
    0x00, 0x00, 0x07, 0x00, 0x00, 0x00, 0x3b, 0x00, 0x04, 0x00,
    0x08, 0x00, 0x00, 0x00, 0x6f, 0x00, 0x00, 0x00, 0x07, 0x00,
    0x00, 0x00, 0x3d, 0x00, 0x04, 0x00, 0x07, 0x00, 0x00, 0x00,
    0x55, 0x00, 0x00, 0x00, 0x10, 0x00, 0x00, 0x00, 0x90, 0x00,
    0x05, 0x00, 0x07, 0x00, 0x00, 0x00, 0x64, 0x00, 0x00, 0x00,
    0x55, 0x00, 0x00, 0x00, 0x63, 0x00, 0x00, 0x00, 0x3e, 0x00,
    0x03, 0x00, 0x10, 0x00, 0x00, 0x00, 0x64, 0x00, 0x00, 0x00,
    0x3d, 0x00, 0x04, 0x00, 0x07, 0x00, 0x00, 0x00, 0x66, 0x00,
    0x00, 0x00, 0x10, 0x00, 0x00, 0x00, 0x3d, 0x00, 0x04, 0x00,
    0x07, 0x00, 0x00, 0x00, 0x67, 0x00, 0x00, 0x00, 0x10, 0x00,
    0x00, 0x00, 0x50, 0x00, 0x06, 0x00, 0x07, 0x00, 0x00, 0x00,
    0x69, 0x00, 0x00, 0x00, 0x68, 0x00, 0x00, 0x00, 0x68, 0x00,
    0x00, 0x00, 0x68, 0x00, 0x00, 0x00, 0x81, 0x00, 0x05, 0x00,
    0x07, 0x00, 0x00, 0x00, 0x6a, 0x00, 0x00, 0x00, 0x67, 0x00,
    0x00, 0x00, 0x69, 0x00, 0x00, 0x00, 0x85, 0x00, 0x05, 0x00,
    0x07, 0x00, 0x00, 0x00, 0x6b, 0x00, 0x00, 0x00, 0x66, 0x00,
    0x00, 0x00, 0x6a, 0x00, 0x00, 0x00, 0x50, 0x00, 0x06, 0x00,
    0x07, 0x00, 0x00, 0x00, 0x6d, 0x00, 0x00, 0x00, 0x6c, 0x00,
    0x00, 0x00, 0x6c, 0x00, 0x00, 0x00, 0x6c, 0x00, 0x00, 0x00,
    0x83, 0x00, 0x05, 0x00, 0x07, 0x00, 0x00, 0x00, 0x6e, 0x00,
    0x00, 0x00, 0x6b, 0x00, 0x00, 0x00, 0x6d, 0x00, 0x00, 0x00,
    0x3e, 0x00, 0x03, 0x00, 0x65, 0x00, 0x00, 0x00, 0x6e, 0x00,
    0x00, 0x00, 0x3d, 0x00, 0x04, 0x00, 0x07, 0x00, 0x00, 0x00,
    0x70, 0x00, 0x00, 0x00, 0x10, 0x00, 0x00, 0x00, 0x3d, 0x00,
    0x04, 0x00, 0x07, 0x00, 0x00, 0x00, 0x72, 0x00, 0x00, 0x00,
    0x10, 0x00, 0x00, 0x00, 0x8e, 0x00, 0x05, 0x00, 0x07, 0x00,
    0x00, 0x00, 0x73, 0x00, 0x00, 0x00, 0x72, 0x00, 0x00, 0x00,
    0x71, 0x00, 0x00, 0x00, 0x50, 0x00, 0x06, 0x00, 0x07, 0x00,
    0x00, 0x00, 0x75, 0x00, 0x00, 0x00, 0x74, 0x00, 0x00, 0x00,
    0x74, 0x00, 0x00, 0x00, 0x74, 0x00, 0x00, 0x00, 0x81, 0x00,
    0x05, 0x00, 0x07, 0x00, 0x00, 0x00, 0x76, 0x00, 0x00, 0x00,
    0x73, 0x00, 0x00, 0x00, 0x75, 0x00, 0x00, 0x00, 0x85, 0x00,
    0x05, 0x00, 0x07, 0x00, 0x00, 0x00, 0x77, 0x00, 0x00, 0x00,
    0x70, 0x00, 0x00, 0x00, 0x76, 0x00, 0x00, 0x00, 0x50, 0x00,
    0x06, 0x00, 0x07, 0x00, 0x00, 0x00, 0x79, 0x00, 0x00, 0x00,
    0x78, 0x00, 0x00, 0x00, 0x78, 0x00, 0x00, 0x00, 0x78, 0x00,
    0x00, 0x00, 0x81, 0x00, 0x05, 0x00, 0x07, 0x00, 0x00, 0x00,
    0x7a, 0x00, 0x00, 0x00, 0x77, 0x00, 0x00, 0x00, 0x79, 0x00,
    0x00, 0x00, 0x3e, 0x00, 0x03, 0x00, 0x6f, 0x00, 0x00, 0x00,
    0x7a, 0x00, 0x00, 0x00, 0x3d, 0x00, 0x04, 0x00, 0x07, 0x00,
    0x00, 0x00, 0x7b, 0x00, 0x00, 0x00, 0x65, 0x00, 0x00, 0x00,
    0x3d, 0x00, 0x04, 0x00, 0x07, 0x00, 0x00, 0x00, 0x7c, 0x00,
    0x00, 0x00, 0x6f, 0x00, 0x00, 0x00, 0x88, 0x00, 0x05, 0x00,
    0x07, 0x00, 0x00, 0x00, 0x7d, 0x00, 0x00, 0x00, 0x7b, 0x00,
    0x00, 0x00, 0x7c, 0x00, 0x00, 0x00, 0x3e, 0x00, 0x03, 0x00,
    0x10, 0x00, 0x00, 0x00, 0x7d, 0x00, 0x00, 0x00, 0x3d, 0x00,
    0x04, 0x00, 0x07, 0x00, 0x00, 0x00, 0x7e, 0x00, 0x00, 0x00,
    0x10, 0x00, 0x00, 0x00, 0x90, 0x00, 0x05, 0x00, 0x07, 0x00,
    0x00, 0x00, 0x8c, 0x00, 0x00, 0x00, 0x7e, 0x00, 0x00, 0x00,
    0x8b, 0x00, 0x00, 0x00, 0x3e, 0x00, 0x03, 0x00, 0x10, 0x00,
    0x00, 0x00, 0x8c, 0x00, 0x00, 0x00, 0x3d, 0x00, 0x04, 0x00,
    0x07, 0x00, 0x00, 0x00, 0x8d, 0x00, 0x00, 0x00, 0x10, 0x00,
    0x00, 0x00, 0x50, 0x00, 0x06, 0x00, 0x07, 0x00, 0x00, 0x00,
    0x8e, 0x00, 0x00, 0x00, 0x4f, 0x00, 0x00, 0x00, 0x4f, 0x00,
    0x00, 0x00, 0x4f, 0x00, 0x00, 0x00, 0x50, 0x00, 0x06, 0x00,
    0x07, 0x00, 0x00, 0x00, 0x8f, 0x00, 0x00, 0x00, 0x35, 0x00,
    0x00, 0x00, 0x35, 0x00, 0x00, 0x00, 0x35, 0x00, 0x00, 0x00,
    0x0c, 0x00, 0x08, 0x00, 0x07, 0x00, 0x00, 0x00, 0x90, 0x00,
    0x00, 0x00, 0x01, 0x00, 0x00, 0x00, 0x2b, 0x00, 0x00, 0x00,
    0x8d, 0x00, 0x00, 0x00, 0x8e, 0x00, 0x00, 0x00, 0x8f, 0x00,
    0x00, 0x00, 0xfe, 0x00, 0x02, 0x00, 0x90, 0x00, 0x00, 0x00,
    0x38, 0x00, 0x01, 0x00, 0x36, 0x00, 0x05, 0x00, 0x07, 0x00,
    0x00, 0x00, 0x17, 0x00, 0x00, 0x00, 0x00, 0x00, 0x00, 0x00,
    0x14, 0x00, 0x00, 0x00, 0x37, 0x00, 0x03, 0x00, 0x08, 0x00,
    0x00, 0x00, 0x15, 0x00, 0x00, 0x00, 0x37, 0x00, 0x03, 0x00,
    0x13, 0x00, 0x00, 0x00, 0x16, 0x00, 0x00, 0x00, 0xf8, 0x00,
    0x02, 0x00, 0x18, 0x00, 0x00, 0x00, 0x3d, 0x00, 0x04, 0x00,
    0x07, 0x00, 0x00, 0x00, 0x93, 0x00, 0x00, 0x00, 0x15, 0x00,
    0x00, 0x00, 0x3d, 0x00, 0x04, 0x00, 0x06, 0x00, 0x00, 0x00,
    0x94, 0x00, 0x00, 0x00, 0x16, 0x00, 0x00, 0x00, 0x88, 0x00,
    0x05, 0x00, 0x06, 0x00, 0x00, 0x00, 0x95, 0x00, 0x00, 0x00,
    0x35, 0x00, 0x00, 0x00, 0x94, 0x00, 0x00, 0x00, 0x50, 0x00,
    0x06, 0x00, 0x07, 0x00, 0x00, 0x00, 0x96, 0x00, 0x00, 0x00,
    0x95, 0x00, 0x00, 0x00, 0x95, 0x00, 0x00, 0x00, 0x95, 0x00,
    0x00, 0x00, 0x0c, 0x00, 0x07, 0x00, 0x07, 0x00, 0x00, 0x00,
    0x97, 0x00, 0x00, 0x00, 0x01, 0x00, 0x00, 0x00, 0x1a, 0x00,
    0x00, 0x00, 0x93, 0x00, 0x00, 0x00, 0x96, 0x00, 0x00, 0x00,
    0xfe, 0x00, 0x02, 0x00, 0x97, 0x00, 0x00, 0x00, 0x38, 0x00,
    0x01, 0x00, 0x36, 0x00, 0x05, 0x00, 0x19, 0x00, 0x00, 0x00,
    0x1d, 0x00, 0x00, 0x00, 0x00, 0x00, 0x00, 0x00, 0x1b, 0x00,
    0x00, 0x00, 0x37, 0x00, 0x03, 0x00, 0x1a, 0x00, 0x00, 0x00,
    0x1c, 0x00, 0x00, 0x00, 0xf8, 0x00, 0x02, 0x00, 0x1e, 0x00,
    0x00, 0x00, 0x3b, 0x00, 0x04, 0x00, 0x08, 0x00, 0x00, 0x00,
    0xa2, 0x00, 0x00, 0x00, 0x07, 0x00, 0x00, 0x00, 0x3b, 0x00,
    0x04, 0x00, 0x08, 0x00, 0x00, 0x00, 0xb0, 0x00, 0x00, 0x00,
    0x07, 0x00, 0x00, 0x00, 0x3b, 0x00, 0x04, 0x00, 0x08, 0x00,
    0x00, 0x00, 0xbb, 0x00, 0x00, 0x00, 0x07, 0x00, 0x00, 0x00,
    0x3b, 0x00, 0x04, 0x00, 0x08, 0x00, 0x00, 0x00, 0xc8, 0x00,
    0x00, 0x00, 0x07, 0x00, 0x00, 0x00, 0x3b, 0x00, 0x04, 0x00,
    0x13, 0x00, 0x00, 0x00, 0xcb, 0x00, 0x00, 0x00, 0x07, 0x00,
    0x00, 0x00, 0x41, 0x00, 0x05, 0x00, 0x9b, 0x00, 0x00, 0x00,
    0x9c, 0x00, 0x00, 0x00, 0x2d, 0x00, 0x00, 0x00, 0x9a, 0x00,
    0x00, 0x00, 0x3d, 0x00, 0x04, 0x00, 0x23, 0x00, 0x00, 0x00,
    0x9d, 0x00, 0x00, 0x00, 0x9c, 0x00, 0x00, 0x00, 0xf7, 0x00,
    0x03, 0x00, 0xa1, 0x00, 0x00, 0x00, 0x00, 0x00, 0x00, 0x00,
    0xfb, 0x00, 0x09, 0x00, 0x9d, 0x00, 0x00, 0x00, 0xa1, 0x00,
    0x00, 0x00, 0x00, 0x00, 0x00, 0x00, 0x9e, 0x00, 0x00, 0x00,
    0x01, 0x00, 0x00, 0x00, 0x9f, 0x00, 0x00, 0x00, 0x02, 0x00,
    0x00, 0x00, 0xa0, 0x00, 0x00, 0x00, 0xf8, 0x00, 0x02, 0x00,
    0x9e, 0x00, 0x00, 0x00, 0x3d, 0x00, 0x04, 0x00, 0x19, 0x00,
    0x00, 0x00, 0xa3, 0x00, 0x00, 0x00, 0x1c, 0x00, 0x00, 0x00,
    0x4f, 0x00, 0x08, 0x00, 0x07, 0x00, 0x00, 0x00, 0xa4, 0x00,
    0x00, 0x00, 0xa3, 0x00, 0x00, 0x00, 0xa3, 0x00, 0x00, 0x00,
    0x00, 0x00, 0x00, 0x00, 0x01, 0x00, 0x00, 0x00, 0x02, 0x00,
    0x00, 0x00, 0x3e, 0x00, 0x03, 0x00, 0xa2, 0x00, 0x00, 0x00,
    0xa4, 0x00, 0x00, 0x00, 0x39, 0x00, 0x05, 0x00, 0x07, 0x00,
    0x00, 0x00, 0xa5, 0x00, 0x00, 0x00, 0x0b, 0x00, 0x00, 0x00,
    0xa2, 0x00, 0x00, 0x00, 0x41, 0x00, 0x05, 0x00, 0x13, 0x00,
    0x00, 0x00, 0xa7, 0x00, 0x00, 0x00, 0x1c, 0x00, 0x00, 0x00,
    0xa6, 0x00, 0x00, 0x00, 0x51, 0x00, 0x05, 0x00, 0x06, 0x00,
    0x00, 0x00, 0xa8, 0x00, 0x00, 0x00, 0xa5, 0x00, 0x00, 0x00,
    0x00, 0x00, 0x00, 0x00, 0x3e, 0x00, 0x03, 0x00, 0xa7, 0x00,
    0x00, 0x00, 0xa8, 0x00, 0x00, 0x00, 0x41, 0x00, 0x05, 0x00,
    0x13, 0x00, 0x00, 0x00, 0xaa, 0x00, 0x00, 0x00, 0x1c, 0x00,
    0x00, 0x00, 0xa9, 0x00, 0x00, 0x00, 0x51, 0x00, 0x05, 0x00,
    0x06, 0x00, 0x00, 0x00, 0xab, 0x00, 0x00, 0x00, 0xa5, 0x00,
    0x00, 0x00, 0x01, 0x00, 0x00, 0x00, 0x3e, 0x00, 0x03, 0x00,
    0xaa, 0x00, 0x00, 0x00, 0xab, 0x00, 0x00, 0x00, 0x41, 0x00,
    0x05, 0x00, 0x13, 0x00, 0x00, 0x00, 0xad, 0x00, 0x00, 0x00,
    0x1c, 0x00, 0x00, 0x00, 0xac, 0x00, 0x00, 0x00, 0x51, 0x00,
    0x05, 0x00, 0x06, 0x00, 0x00, 0x00, 0xae, 0x00, 0x00, 0x00,
    0xa5, 0x00, 0x00, 0x00, 0x02, 0x00, 0x00, 0x00, 0x3e, 0x00,
    0x03, 0x00, 0xad, 0x00, 0x00, 0x00, 0xae, 0x00, 0x00, 0x00,
    0xf9, 0x00, 0x02, 0x00, 0xa1, 0x00, 0x00, 0x00, 0xf8, 0x00,
    0x02, 0x00, 0x9f, 0x00, 0x00, 0x00, 0x3d, 0x00, 0x04, 0x00,
    0x19, 0x00, 0x00, 0x00, 0xb1, 0x00, 0x00, 0x00, 0x1c, 0x00,
    0x00, 0x00, 0x4f, 0x00, 0x08, 0x00, 0x07, 0x00, 0x00, 0x00,
    0xb2, 0x00, 0x00, 0x00, 0xb1, 0x00, 0x00, 0x00, 0xb1, 0x00,
    0x00, 0x00, 0x00, 0x00, 0x00, 0x00, 0x01, 0x00, 0x00, 0x00,
    0x02, 0x00, 0x00, 0x00, 0x3e, 0x00, 0x03, 0x00, 0xb0, 0x00,
    0x00, 0x00, 0xb2, 0x00, 0x00, 0x00, 0x39, 0x00, 0x05, 0x00,
    0x07, 0x00, 0x00, 0x00, 0xb3, 0x00, 0x00, 0x00, 0x0e, 0x00,
    0x00, 0x00, 0xb0, 0x00, 0x00, 0x00, 0x41, 0x00, 0x05, 0x00,
    0x13, 0x00, 0x00, 0x00, 0xb4, 0x00, 0x00, 0x00, 0x1c, 0x00,
    0x00, 0x00, 0xa6, 0x00, 0x00, 0x00, 0x51, 0x00, 0x05, 0x00,
    0x06, 0x00, 0x00, 0x00, 0xb5, 0x00, 0x00, 0x00, 0xb3, 0x00,
    0x00, 0x00, 0x00, 0x00, 0x00, 0x00, 0x3e, 0x00, 0x03, 0x00,
    0xb4, 0x00, 0x00, 0x00, 0xb5, 0x00, 0x00, 0x00, 0x41, 0x00,
    0x05, 0x00, 0x13, 0x00, 0x00, 0x00, 0xb6, 0x00, 0x00, 0x00,
    0x1c, 0x00, 0x00, 0x00, 0xa9, 0x00, 0x00, 0x00, 0x51, 0x00,
    0x05, 0x00, 0x06, 0x00, 0x00, 0x00, 0xb7, 0x00, 0x00, 0x00,
    0xb3, 0x00, 0x00, 0x00, 0x01, 0x00, 0x00, 0x00, 0x3e, 0x00,
    0x03, 0x00, 0xb6, 0x00, 0x00, 0x00, 0xb7, 0x00, 0x00, 0x00,
    0x41, 0x00, 0x05, 0x00, 0x13, 0x00, 0x00, 0x00, 0xb8, 0x00,
    0x00, 0x00, 0x1c, 0x00, 0x00, 0x00, 0xac, 0x00, 0x00, 0x00,
    0x51, 0x00, 0x05, 0x00, 0x06, 0x00, 0x00, 0x00, 0xb9, 0x00,
    0x00, 0x00, 0xb3, 0x00, 0x00, 0x00, 0x02, 0x00, 0x00, 0x00,
    0x3e, 0x00, 0x03, 0x00, 0xb8, 0x00, 0x00, 0x00, 0xb9, 0x00,
    0x00, 0x00, 0xf9, 0x00, 0x02, 0x00, 0xa1, 0x00, 0x00, 0x00,
    0xf8, 0x00, 0x02, 0x00, 0xa0, 0x00, 0x00, 0x00, 0x3d, 0x00,
    0x04, 0x00, 0x19, 0x00, 0x00, 0x00, 0xbc, 0x00, 0x00, 0x00,
    0x1c, 0x00, 0x00, 0x00, 0x4f, 0x00, 0x08, 0x00, 0x07, 0x00,
    0x00, 0x00, 0xbd, 0x00, 0x00, 0x00, 0xbc, 0x00, 0x00, 0x00,
    0xbc, 0x00, 0x00, 0x00, 0x00, 0x00, 0x00, 0x00, 0x01, 0x00,
    0x00, 0x00, 0x02, 0x00, 0x00, 0x00, 0x3e, 0x00, 0x03, 0x00,
    0xbb, 0x00, 0x00, 0x00, 0xbd, 0x00, 0x00, 0x00, 0x39, 0x00,
    0x05, 0x00, 0x07, 0x00, 0x00, 0x00, 0xbe, 0x00, 0x00, 0x00,
    0x11, 0x00, 0x00, 0x00, 0xbb, 0x00, 0x00, 0x00, 0x41, 0x00,
    0x05, 0x00, 0x13, 0x00, 0x00, 0x00, 0xbf, 0x00, 0x00, 0x00,
    0x1c, 0x00, 0x00, 0x00, 0xa6, 0x00, 0x00, 0x00, 0x51, 0x00,
    0x05, 0x00, 0x06, 0x00, 0x00, 0x00, 0xc0, 0x00, 0x00, 0x00,
    0xbe, 0x00, 0x00, 0x00, 0x00, 0x00, 0x00, 0x00, 0x3e, 0x00,
    0x03, 0x00, 0xbf, 0x00, 0x00, 0x00, 0xc0, 0x00, 0x00, 0x00,
    0x41, 0x00, 0x05, 0x00, 0x13, 0x00, 0x00, 0x00, 0xc1, 0x00,
    0x00, 0x00, 0x1c, 0x00, 0x00, 0x00, 0xa9, 0x00, 0x00, 0x00,
    0x51, 0x00, 0x05, 0x00, 0x06, 0x00, 0x00, 0x00, 0xc2, 0x00,
    0x00, 0x00, 0xbe, 0x00, 0x00, 0x00, 0x01, 0x00, 0x00, 0x00,
    0x3e, 0x00, 0x03, 0x00, 0xc1, 0x00, 0x00, 0x00, 0xc2, 0x00,
    0x00, 0x00, 0x41, 0x00, 0x05, 0x00, 0x13, 0x00, 0x00, 0x00,
    0xc3, 0x00, 0x00, 0x00, 0x1c, 0x00, 0x00, 0x00, 0xac, 0x00,
    0x00, 0x00, 0x51, 0x00, 0x05, 0x00, 0x06, 0x00, 0x00, 0x00,
    0xc4, 0x00, 0x00, 0x00, 0xbe, 0x00, 0x00, 0x00, 0x02, 0x00,
    0x00, 0x00, 0x3e, 0x00, 0x03, 0x00, 0xc3, 0x00, 0x00, 0x00,
    0xc4, 0x00, 0x00, 0x00, 0xf9, 0x00, 0x02, 0x00, 0xa1, 0x00,
    0x00, 0x00, 0xf8, 0x00, 0x02, 0x00, 0xa1, 0x00, 0x00, 0x00,
    0x3d, 0x00, 0x04, 0x00, 0x19, 0x00, 0x00, 0x00, 0xc9, 0x00,
    0x00, 0x00, 0x1c, 0x00, 0x00, 0x00, 0x4f, 0x00, 0x08, 0x00,
    0x07, 0x00, 0x00, 0x00, 0xca, 0x00, 0x00, 0x00, 0xc9, 0x00,
    0x00, 0x00, 0xc9, 0x00, 0x00, 0x00, 0x00, 0x00, 0x00, 0x00,
    0x01, 0x00, 0x00, 0x00, 0x02, 0x00, 0x00, 0x00, 0x3e, 0x00,
    0x03, 0x00, 0xc8, 0x00, 0x00, 0x00, 0xca, 0x00, 0x00, 0x00,
    0x41, 0x00, 0x05, 0x00, 0xcc, 0x00, 0x00, 0x00, 0xcd, 0x00,
    0x00, 0x00, 0x2d, 0x00, 0x00, 0x00, 0xc7, 0x00, 0x00, 0x00,
    0x3d, 0x00, 0x04, 0x00, 0x06, 0x00, 0x00, 0x00, 0xce, 0x00,
    0x00, 0x00, 0xcd, 0x00, 0x00, 0x00, 0x3e, 0x00, 0x03, 0x00,
    0xcb, 0x00, 0x00, 0x00, 0xce, 0x00, 0x00, 0x00, 0x39, 0x00,
    0x06, 0x00, 0x07, 0x00, 0x00, 0x00, 0xcf, 0x00, 0x00, 0x00,
    0x17, 0x00, 0x00, 0x00, 0xc8, 0x00, 0x00, 0x00, 0xcb, 0x00,
    0x00, 0x00, 0x41, 0x00, 0x05, 0x00, 0x13, 0x00, 0x00, 0x00,
    0xd0, 0x00, 0x00, 0x00, 0x1c, 0x00, 0x00, 0x00, 0xa6, 0x00,
    0x00, 0x00, 0x51, 0x00, 0x05, 0x00, 0x06, 0x00, 0x00, 0x00,
    0xd1, 0x00, 0x00, 0x00, 0xcf, 0x00, 0x00, 0x00, 0x00, 0x00,
    0x00, 0x00, 0x3e, 0x00, 0x03, 0x00, 0xd0, 0x00, 0x00, 0x00,
    0xd1, 0x00, 0x00, 0x00, 0x41, 0x00, 0x05, 0x00, 0x13, 0x00,
    0x00, 0x00, 0xd2, 0x00, 0x00, 0x00, 0x1c, 0x00, 0x00, 0x00,
    0xa9, 0x00, 0x00, 0x00, 0x51, 0x00, 0x05, 0x00, 0x06, 0x00,
    0x00, 0x00, 0xd3, 0x00, 0x00, 0x00, 0xcf, 0x00, 0x00, 0x00,
    0x01, 0x00, 0x00, 0x00, 0x3e, 0x00, 0x03, 0x00, 0xd2, 0x00,
    0x00, 0x00, 0xd3, 0x00, 0x00, 0x00, 0x41, 0x00, 0x05, 0x00,
    0x13, 0x00, 0x00, 0x00, 0xd4, 0x00, 0x00, 0x00, 0x1c, 0x00,
    0x00, 0x00, 0xac, 0x00, 0x00, 0x00, 0x51, 0x00, 0x05, 0x00,
    0x06, 0x00, 0x00, 0x00, 0xd5, 0x00, 0x00, 0x00, 0xcf, 0x00,
    0x00, 0x00, 0x02, 0x00, 0x00, 0x00, 0x3e, 0x00, 0x03, 0x00,
    0xd4, 0x00, 0x00, 0x00, 0xd5, 0x00, 0x00, 0x00, 0x3d, 0x00,
    0x04, 0x00, 0x19, 0x00, 0x00, 0x00, 0xd6, 0x00, 0x00, 0x00,
    0x1c, 0x00, 0x00, 0x00, 0xfe, 0x00, 0x02, 0x00, 0xd6, 0x00,
    0x00, 0x00, 0x38, 0x00, 0x01, 0x00
};
const size_t Renderer::toneMapShaderSrcSize = 5996;
#else
const char Renderer::accumShaderSrc[] = R"AccumShaderSrc(#version 430 core
#pragma shader_stage(compute)

#define TX_OPENGL 1

layout (local_size_x = 16, local_size_y = 16, local_size_z = 1) in;

const float INV_PI     = 0.31830988618379067;
const float INV_TWO_PI = 0.15915494309189533;
const float TWO_PI     = 6.28318530717958648;

const float EPS = 0.001;
const float INF = 1000000000;

vec2 Stack[64];
int StackPtr = 0;

struct Ray
{
    vec3 Origin;
    vec3 Direction;
    vec3 InvDirection;
};

struct Env
{
    mat3 Rotation;
    bool Transparent;
    float Intensity;
    float CdfTotal;
};

struct Cam
{
    vec3 Position;
    float FOV;
    vec3 Forward;
    float FocalDistance;
    vec3 Up;
    float Aperture;
    float Blur;
    float ZNear;
    float ZFar;
    int Padding1;
};

struct Material
{
    vec4 AlbedoColor;
    vec3 EmissionColor;
    float EmissionStrength;
    vec3 FresnelColor;
    float FresnelStrength;
    float Roughness;
    float Metalness;
    float IOR;
    float Density;
    int AlbedoTextureId;
    int MetalnessTextureId;
    int EmissionTextureId;
    int RoughnessTextureId;
    int NormalTextureId;
    uint AlphaMode;
    float AlphaCutoff;
    int Padding1;
};

struct Vertex
{
    vec4 PositionU;
    vec4 NormalV;
};

struct Triangle
{
    uint V1;
    uint V2;
    uint V3;
};

struct Mesh
{
    int TriangleOffset;
    int TriangleSize;
    int NodeOffset;
};

struct MeshInstance
{
    mat4 Transform;
    mat4 TransformInv;
    int MaterialId;
    int MeshId;
    int Padding1;
    int Padding2;
};

struct CollisionManifold
{
    float Depth;
    vec3 Point;
    vec2 TextureCoordinate;
    vec3 Normal;
    vec3 Tangent;
    vec3 Bitangent;
    int MaterialId;
    bool IsFrontFace;
};

struct Node
{
    vec4 BboxMin;
    vec4 BboxMax;
    int Start;
    int PrimitiveCount;
    int RightOffset;
    int Padding1;
};

const uint OpaqueAlphaMode = 0;
const uint BlendAlphaMode = 1;
const uint MaskAlphaMode = 2;
layout(rgba32f, binding=0)           uniform image2D AccumulatorImage;
layout(rgba32f, binding=1) writeonly uniform image2D AlbedoImage;
layout(rgba32f, binding=2) writeonly uniform image2D NormalImage;
layout(r32f,    binding=3) writeonly uniform image2D DepthImage;
layout(rgba32f, binding=4) writeonly uniform image2D ToneMapImage;

layout(binding=0) uniform sampler2D EnvironmentTexture;
layout(binding=1) uniform sampler2D EnvironmentCDFTexture;
layout(binding=2) uniform sampler2DArray Textures;

layout(std430, binding=0) readonly buffer VertexSSBO
{
    Vertex Vertices[];
};

layout(std430, binding=1) readonly buffer TriangleSSBO
{
    Triangle Triangles[];
};

layout(std430, binding=2) readonly buffer MeshSSBO
{
    Mesh Meshes[];
};

layout(std430, binding=3) readonly buffer MeshInstanceSSBO
{
    MeshInstance MeshInstances[];
};

layout(std430, binding=4) readonly buffer MaterialSSBO
{
    Material Materials[];
};

layout(std430, binding=5) readonly buffer BlasSSBO
{
    Node BLAS[];
};

layout(std430, binding=6) readonly buffer TlasSSBO
{
    Node TLAS[];
};

layout(std140, binding=0) uniform CameraUBO
{
    Cam Camera;
};

layout(std140, binding=1) uniform EnvironmentUBO
{
    Env Environment;
};

layout(std140, binding=2) uniform ParamsUBO
{
    ivec2 FramePosition;
    ivec2 FrameSize;
    uint SampleCount;
    uint MaxDepth;
    uint RussianRouletteDepth;
};

ivec2 Size = imageSize(AccumulatorImage);
ivec2 EnvironmentSize = textureSize(EnvironmentTexture, 0);
ivec2 TexelCoord = ivec2(gl_GlobalInvocationID.xy) + FramePosition;
#if TX_OPENGL
vec2 UV = vec2(TexelCoord.x, Size.y - 1 - TexelCoord.y) / Size;
#else
vec2 UV = vec2(TexelCoord) / Size;
#endif

vec3 CameraRight = cross(Camera.Forward, Camera.Up);

float Luminance(vec3 c)
{
    return 0.212671 * c.x + 0.715160 * c.y + 0.072169 * c.z;
}

vec4 GetEnvironment(in Ray ray)
{
    vec3 direction = Environment.Rotation * ray.Direction;
    float theta = acos(direction.y);
    
    float v = theta * INV_PI;
    float u = atan(direction.z, direction.x) * INV_TWO_PI + 0.5;

    vec3 color = texture(EnvironmentTexture, vec2(u, v)).rgb * Environment.Intensity;
    float pdf = Luminance(color) / Environment.CdfTotal;
    return vec4(color, pdf * EnvironmentSize.x * EnvironmentSize.y * INV_TWO_PI * INV_PI / sin(theta));
}

Material GetMaterial(inout CollisionManifold manifold)
{
    Material material = Materials[manifold.MaterialId];

    if (material.AlbedoTextureId >= 0)
    {
        material.AlbedoColor *= texture(Textures, vec3(manifold.TextureCoordinate, material.AlbedoTextureId));
    }

    if (material.MetalnessTextureId >= 0)
    {
        material.Metalness *= texture(Textures, vec3(manifold.TextureCoordinate, material.MetalnessTextureId)).b;
    }

    if (material.RoughnessTextureId >= 0)
    {
        material.Roughness *= texture(Textures, vec3(manifold.TextureCoordinate, material.RoughnessTextureId)).g;
    }

    material.EmissionColor *= material.EmissionStrength;
    if (material.EmissionTextureId >= 0)
    {
        material.EmissionColor *= texture(Textures, vec3(manifold.TextureCoordinate, material.EmissionTextureId)).rgb;
    }

    if (material.NormalTextureId >= 0)
    {
        vec3 texNormal = texture(Textures, vec3(manifold.TextureCoordinate, material.NormalTextureId)).rgb;
#if TX_OPENGL
        texNormal.y = 1 - texNormal.y;
#endif
        texNormal = normalize(texNormal * 2 - 1);
        manifold.Normal = normalize(manifold.Tangent * texNormal.x + manifold.Bitangent * texNormal.y + manifold.Normal * texNormal.z);
    }

    if (!manifold.IsFrontFace)
    {
        manifold.Normal *= -1;
    }

    return material;
}
// pcg4d rng algorithm by Moroz Mykhailo (https://www.shadertoy.com/view/wltcRS)
uvec4 Seed = uvec4(TexelCoord.x, TexelCoord.y, SampleCount, TexelCoord.x + TexelCoord.y);

float RandomValue()
{
    Seed = Seed * 1664525u + 1013904223u;
    Seed.x += Seed.y * Seed.w;
    Seed.y += Seed.z * Seed.x;
    Seed.z += Seed.x * Seed.y;
    Seed.w += Seed.y * Seed.z;

    Seed = Seed ^ (Seed >> 16u);
    Seed.x += Seed.y * Seed.w;
    Seed.y += Seed.z * Seed.x;
    Seed.z += Seed.x * Seed.y;
    Seed.w += Seed.y * Seed.z;
    return float(Seed.x) / float(0xffffffffu);
}

float RandomValueNormalDistribution()
{
    float theta = TWO_PI * RandomValue();
    float rho = sqrt(-2 * log(RandomValue()));
    return rho * cos(theta);
}

vec2 RandomVector2()
{
    float angle = RandomValue() * TWO_PI;
    return vec2(cos(angle), sin(angle)) * sqrt(RandomValue());
}

vec3 RandomVector3()
{
    float x = RandomValueNormalDistribution();
    float y = RandomValueNormalDistribution();
    float z = RandomValueNormalDistribution();
    return normalize(vec3(x, y, z));
}
vec3 Slerp(in vec3 a, in vec3 b, float t)
{
    float angle = acos(dot(a, b));
    return isnan(angle) || angle == 0 ? b : (sin((1 - t) * angle) * a + sin(t * angle) * b) / sin(angle);
}

vec3 Transform(in vec3 v, in mat4 matrix, in bool translate)
{
    if (translate)
    {
        return (matrix * vec4(v, 1)).xyz;
    }

    return mat3(matrix) * v;
}

void JitterRay(inout Ray ray)
{
    // Focal
    vec3 focalPoint = ray.Origin + ray.Direction * Camera.FocalDistance;
    vec2 focal = RandomVector2() * Camera.Aperture;
    ray.Origin += focal.x * CameraRight + focal.y * Camera.Up;
    ray.Direction = normalize(focalPoint - ray.Origin);

    // Blur
    vec2 blur = RandomVector2() * Camera.Blur;
    ray.Origin += blur.x * CameraRight + blur.y * Camera.Up;

    ray.InvDirection = 1 / ray.Direction;
}

vec4 NormalToColor(in vec3 normal)
{
    return vec4((normal + 1) * .5, 1);
}

vec4 DepthToColor(in float depth)
{
    float nonLinear = (1 / depth - 1 / Camera.ZNear) / (1 / Camera.ZFar - 1 / Camera.ZNear);
    return vec4(vec3(nonLinear), 1);
}
// https://github.com/brandonpelfrey/Fast-BVH/blob/master/include/FastBVH/Traverser.h#L61
#define Traverse(BVH, NODE_OFFSET, LEAF)                                                                \
{                                                                                                       \
    /* Bounding box min-t/max-t for left/right children at some point in the tree */                    \
    vec4 bbhits;                                                                                        \
    ivec2 range;                                                                                        \
                                                                                                        \
    int stackOffset = StackPtr;                                                                         \
                                                                                                        \
    /* "Push" on the root node to the working set */                                                    \
    Stack[++StackPtr] = vec2(NODE_OFFSET, -1);                                                          \
                                                                                                        \
    while (StackPtr > stackOffset)                                                                      \
    {                                                                                                   \
        /* Pop off the next node to work on. */                                                         \
        int ni = int(Stack[StackPtr].x);                                                                \
        float near = Stack[StackPtr--].y;                                                               \
                                                                                                        \
        Node node = BVH[ni];                                                                            \
                                                                                                        \
        /* If this node is further than the closest found intersection, continue */                     \
        if (near > manifold.Depth) continue;                                                            \
                                                                                                        \
        /* Is leaf -> Intersect */                                                                      \
        if (node.RightOffset == 0)                                                                      \
        {                                                                                               \
            int i = node.Start;                                                                         \
            int iMax = i + node.PrimitiveCount;                                                         \
            for (; i < iMax; ++i)                                                                       \
            {                                                                                           \
                LEAF;                                                                                   \
            }                                                                                           \
        }                                                                                               \
        else /* Not a leaf */                                                                           \
        {                                                                                               \
            Node c0 = BVH[ni + 1];                                                                      \
            Node c1 = BVH[ni + node.RightOffset];                                                       \
                                                                                                        \
            bool hitc0 = AABBIntersection(ray, c0.BboxMin.xyz, c0.BboxMax.xyz, bbhits.x, bbhits.y);     \
            bool hitc1 = AABBIntersection(ray, c1.BboxMin.xyz, c1.BboxMax.xyz, bbhits.z, bbhits.w);     \
                                                                                                        \
            /* Did we hit both nodes? */                                                                \
            if (hitc0 && hitc1)                                                                         \
            {                                                                                           \
                /* We assume that the left child is a closer hit... */                                  \
                range = ivec2(ni + 1, ni + node.RightOffset);                                           \
                                                                                                        \
                /* ... If the right child was actually closer, swap the relavent values. */             \
                if (bbhits.z < bbhits.x)                                                                \
                {                                                                                       \
                    bbhits.xz = bbhits.zx;                                                              \
                    bbhits.yw = bbhits.wy;                                                              \
                    range.xy = range.yx;                                                                \
                }                                                                                       \
                                                                                                        \
                /* It's possible that the nearest object is still in the other side, but */             \
                /* we'll check the further-awar node later... */                                        \
                                                                                                        \
                /* Push the farther first */                                                            \
                Stack[++StackPtr] = vec2(range.y, bbhits.z);                                            \
                                                                                                        \
                /* And now the closer (with overlap test) */                                            \
                Stack[++StackPtr] = vec2(range.x, bbhits.x);                                            \
            }                                                                                           \
            else if (hitc0)                                                                             \
            {                                                                                           \
                Stack[++StackPtr] = vec2(ni + 1, bbhits.x);                                             \
            }                                                                                           \
            else if (hitc1)                                                                             \
            {                                                                                           \
                Stack[++StackPtr] = vec2(ni + node.RightOffset, bbhits.z);                              \
            }                                                                                           \
        }                                                                                               \
    }                                                                                                   \
}

bool TriangleIntersection(in Ray ray, in Vertex v1, in Vertex v2, in Vertex v3, in int materialId, in float minDistance, in float maxDistance, inout CollisionManifold manifold)
{
    vec3 edge12 = v2.PositionU.xyz - v1.PositionU.xyz;
    vec3 edge13 = v3.PositionU.xyz - v1.PositionU.xyz;
    vec3 normal = cross(edge12, edge13);
    float det = -dot(ray.Direction, normal);

    if (abs(det) <= length(normal) * EPS)
    {
        return false;
    }

    vec3 ao = ray.Origin - v1.PositionU.xyz;
    vec3 dao = cross(ao, ray.Direction);

    float invDet = 1 / det;

    float dst = dot(ao, normal) * invDet;
    float u = dot(edge13, dao) * invDet;
    float v = -dot(edge12, dao) * invDet;
    float w = 1 - u - v;

    if (u < 0 || v < 0 || w < 0 || dst <= minDistance || dst >= maxDistance)
    {
        return false;
    }

    vec2 uv1 = vec2(v1.PositionU.w, v1.NormalV.w);
    vec2 uv2 = vec2(v2.PositionU.w, v2.NormalV.w);
    vec2 uv3 = vec2(v3.PositionU.w, v3.NormalV.w);

    vec2 uv = uv1 * w + uv2 * u + uv3 * v;
    vec2 edgeUV12 = uv2 - uv1;
    vec2 edgeUV13 = uv3 - uv1;
    float invDetUV = 1 / (edgeUV12.x * edgeUV13.y - edgeUV12.y * edgeUV13.x);

    manifold.Depth = dst;
    manifold.Point = ray.Origin + ray.Direction * dst;
    manifold.TextureCoordinate = uv;
    manifold.Normal = normalize(v1.NormalV.xyz * w + v2.NormalV.xyz * u + v3.NormalV.xyz * v);
    manifold.Tangent = normalize((edge12 * edgeUV13.y - edge13 * edgeUV12.y) * invDetUV);
    manifold.Bitangent = normalize((edge13 * edgeUV12.x - edge12 * edgeUV13.x) * invDetUV);
    manifold.MaterialId = materialId;
    manifold.IsFrontFace = det >= 0;
    return true;
}

bool AABBIntersection(in Ray ray, in vec3 boxMin, in vec3 boxMax, out float tNear, out float tFar)
{
    vec3 tMin = (boxMin - ray.Origin) * ray.InvDirection;
    vec3 tMax = (boxMax - ray.Origin) * ray.InvDirection;
    vec3 t1 = min(tMin, tMax);
    vec3 t2 = max(tMin, tMax);
    tNear = max(max(t1.x, t1.y), t1.z);
    tFar = min(min(t2.x, t2.y), t2.z);
    return tNear <= tFar && tFar >= 0;
}

bool MeshInstanceIntersection(in Ray ray, in MeshInstance meshInstance, in float minDistance, in float maxDistance, out CollisionManifold manifold)
{
    const Mesh mesh = Meshes[meshInstance.MeshId];

    vec3 rayOrigin = ray.Origin;
    ray.Origin = Transform(ray.Origin, meshInstance.TransformInv, true);
    ray.Direction = normalize(Transform(ray.Direction, meshInstance.TransformInv, false));
    ray.InvDirection = 1 / ray.Direction;

    float localMinDistance = length(Transform(ray.Direction * minDistance, meshInstance.TransformInv, false));
    float localMaxDistance = length(Transform(ray.Direction * maxDistance, meshInstance.TransformInv, false));
    manifold.Depth = localMaxDistance;

    Traverse(
        BLAS,
        mesh.NodeOffset,
        {
            Triangle triangle = Triangles[i + mesh.TriangleOffset];
            Vertex v1 = Vertices[triangle.V1];
            Vertex v2 = Vertices[triangle.V2];
            Vertex v3 = Vertices[triangle.V3];
            TriangleIntersection(ray, v1, v2, v3, meshInstance.MaterialId, localMinDistance, manifold.Depth, manifold);
        }
    );


    if (manifold.Depth < localMaxDistance)
    {
        manifold.Point = Transform(manifold.Point, meshInstance.Transform, true);
        manifold.Depth = length(manifold.Point - rayOrigin);
        manifold.Normal = normalize(Transform(manifold.Normal, meshInstance.Transform, false));
        manifold.Tangent = normalize(Transform(manifold.Tangent, meshInstance.Transform, false));
        manifold.Bitangent = normalize(Transform(manifold.Bitangent, meshInstance.Transform, false));
        return true;
    }

    return false;
}

bool FindIntersection(in Ray ray, in float minDistance, in float maxDistance, out CollisionManifold manifold)
{
    manifold.Depth = maxDistance;

    Traverse(
        TLAS,
        0,
        {
            MeshInstance meshInstance = MeshInstances[i];
            CollisionManifold current;
            if (MeshInstanceIntersection(ray, meshInstance, minDistance, manifold.Depth, current))
            {
                manifold = current;
            }
        }
    );

    return manifold.Depth < maxDistance;
}
float PowerHeuristic(float a, float b)
{
    float t = a * a;
    return t / (b * b + t);
}
bool AlphaTest(in Material material)
{
    switch (material.AlphaMode)
    {
        case OpaqueAlphaMode:
            return true;
        case BlendAlphaMode:
            return material.AlbedoColor.a > RandomValue();
        case MaskAlphaMode:
            return material.AlbedoColor.a > material.AlphaCutoff;
    }

    return true;
}

bool BSDF(inout Ray ray, inout vec3 throughput, inout vec3 radiance, in CollisionManifold manifold)
{
    Material material = GetMaterial(manifold);
    if (!AlphaTest(material))
    {
        return false;
    }

    vec3 specularDir = reflect(ray.Direction, manifold.Normal);
    vec3 diffuseDir = normalize(RandomVector3() + manifold.Normal);

    if (material.Metalness <= RandomValue() && RandomValue() >= 0.2)
    {
        material.Roughness = 1;
    }

    // Fresnel
    if (material.FresnelStrength > 0 &&
        1 - pow(dot(manifold.Normal, -ray.Direction), material.FresnelStrength) >= RandomValue())
    {
        ray.Origin = manifold.Point;
        ray.Direction = specularDir;

        radiance += material.EmissionColor * throughput;
        throughput *= material.FresnelColor;
        return true;
    }

    // Density
    if (material.Density > 0)
    {
        float depth = -log(RandomValue()) / material.Density;
        if (manifold.IsFrontFace || depth >= manifold.Depth)
        {
            return false;
        }

        ray.Origin += ray.Direction * depth;
        ray.Direction = RandomVector3();

        radiance += material.EmissionColor * throughput;
        throughput *= material.AlbedoColor.rgb;
        return true;
    }

    // Refract
    if (material.IOR > 0)
    {
        vec3 refractedDir = refract(ray.Direction, manifold.Normal, manifold.IsFrontFace ? 1 / material.IOR : material.IOR);
        if (refractedDir == vec3(0))
        {
            refractedDir = specularDir;
        }

        ray.Origin = manifold.Point;
        ray.Direction = refractedDir;

        radiance += material.EmissionColor * throughput;
        throughput *= material.AlbedoColor.rgb;
        return true;
    }

    // Scatter
    ray.Origin = manifold.Point;
    ray.Direction = Slerp(specularDir, diffuseDir, material.Roughness);

    radiance += material.EmissionColor * throughput;
    throughput *= material.AlbedoColor.rgb;
    return true;
}

vec4 PathTrace(in Ray ray, out vec3 albedo, out vec3 normal, out float z)
{
    albedo = normal = vec3(0);
    z = 0;

    vec3 throughput = vec3(1);
    vec3 radiance = vec3(0);

    bool isSampled = false;
    for (uint depth = 0; depth <= MaxDepth; depth++)
    {
        CollisionManifold manifold;
        if (!FindIntersection(ray, depth == 0 ? Camera.ZNear : EPS, depth == 0 ? Camera.ZFar : INF, manifold))
        {
            vec4 envColPdf = GetEnvironment(ray);
            float misWeight = depth > 0 ? PowerHeuristic(1, envColPdf.w) : 1;
            radiance += misWeight * envColPdf.rgb * throughput;

            if (!isSampled)
            {
                albedo = radiance;
                normal = -ray.Direction;
                z = Camera.ZFar;
            }

            return vec4(radiance, !isSampled && Environment.Transparent ? 0 : 1);
        }

        Material material = GetMaterial(manifold);

        if (BSDF(ray, throughput, radiance, manifold))
        {
            ray.InvDirection = 1 / ray.Direction;
            if (!isSampled)
            {
                albedo = throughput;
                normal = manifold.Normal;
                z += manifold.Depth;
            }

            isSampled = true;
        }
        else
        {
            ray.Origin = manifold.Point;
            if (!isSampled)
            {
                z += manifold.Depth;
            }
        }

        // Russian roulette
        if (RussianRouletteDepth > 0 && depth >= RussianRouletteDepth)
        {
            float q = min(max(throughput.x, max(throughput.y, throughput.z)) + 0.001, 0.95);
            if (RandomValue() > q)
            {
                break;
            }

            throughput /= q;
        }
    }

    return vec4(radiance, 1);
}

void main()
{
    if (any(lessThan(TexelCoord, FramePosition)) || any(lessThanEqual(FramePosition + FrameSize, TexelCoord)))
    {
        return;
    }

    vec2 coord = (UV - vec2(.5)) * vec2(1, float(Size.y) / Size.x) * 2 * tan(Camera.FOV * .5);
    Ray ray = Ray(Camera.Position, normalize(Camera.Forward + CameraRight * coord.x + Camera.Up * coord.y), vec3(0));
    JitterRay(ray);

    vec3 albedo, normal;
    float depth;
    vec4 accumColor = PathTrace(ray, albedo, normal, depth) + imageLoad(AccumulatorImage, TexelCoord);

    if (SampleCount == 0)
    {
        imageStore(AlbedoImage, TexelCoord, vec4(albedo, 1));
        imageStore(NormalImage, TexelCoord, NormalToColor(normal));
        imageStore(DepthImage, TexelCoord, DepthToColor(depth));
    }

    imageStore(AccumulatorImage, TexelCoord, accumColor);
}
)AccumShaderSrc";

const char Renderer::toneMapShaderSrc[] = R"ToneMapShaderSrc(#version 430 core
#pragma shader_stage(compute)

layout (local_size_x = 16, local_size_y = 16, local_size_z = 1) in;

layout(rgba32f, binding=0) readonly  uniform image2D AccumulatorImage;
layout(rgba32f, binding=1) writeonly uniform image2D ToneMapImage;

layout(std140, binding=0) uniform ParamsUBO
{
    ivec2 FramePosition;
    ivec2 FrameSize;
    uint SampleCount;
    uint ToneMapMode;
    float Gamma;
};

const uint ReinhardToneMap = 0;
const uint ACESToneMap = 1;
const uint ACESfittedToneMap = 2;

ivec2 TexelCoord = ivec2(gl_GlobalInvocationID.xy) + FramePosition;
vec3 Reinhard(in vec3 color)
{
    return color / (color + 1);
}

vec3 ACES(in vec3 color)
{
    const float a = 2.51;
    const float b = 0.03;
    const float y = 2.43;
    const float d = 0.59;
    const float e = 0.14;

    return clamp((color * (a * color + b)) / (color * (y * color + d) + e), 0, 1);
}

vec3 ACESfitted(in vec3 color)
{
    const mat3 ACESInputMat = mat3
    (
        vec3(0.59719, 0.35458, 0.04823),
        vec3(0.07600, 0.90834, 0.01566),
        vec3(0.02840, 0.13383, 0.83777)
    );

    const mat3 ACESOutputMat = mat3
    (
        vec3(1.60475, -0.53108, -0.07367),
        vec3(-0.10208, 1.10813, -0.00605),
        vec3(-0.00327, -0.07276, 1.07602)
    );

    color = color * ACESInputMat;

    // Apply RRT and ODT
    vec3 a = color * (color + 0.0245786) - 0.000090537;
    vec3 b = color * (0.983729 * color + 0.4329510) + 0.238081;
    color = a / b;

    color = color * ACESOutputMat;

    return clamp(color, 0, 1);
}

vec3 GammaCorrection(in vec3 color, in float gamma)
{
    return pow(color, vec3(1 / gamma));
}

vec4 ToneMap(in vec4 pixel)
{
    switch (ToneMapMode)
    {
        // Reinhard
        case ReinhardToneMap:
            pixel.rgb = Reinhard(pixel.rgb);
            break;

        // ACES
        case ACESToneMap:
            pixel.rgb = ACES(pixel.rgb);
            break;

        // ACES fitted
        case ACESfittedToneMap:
            pixel.rgb = ACESfitted(pixel.rgb);
            break;
    }

    pixel.rgb = GammaCorrection(pixel.rgb, Gamma);
    return pixel;
}

void main()
{
    if (any(lessThan(TexelCoord, FramePosition)) || any(lessThanEqual(FramePosition + FrameSize, TexelCoord)))
    {
        return;
    }

    vec4 accumColor = imageLoad(AccumulatorImage, TexelCoord);
    imageStore(ToneMapImage, TexelCoord, ToneMap(accumColor / SampleCount));
}
)ToneMapShaderSrc";
#endif
